total_area,mean_deltaT,morris_row_index,identifier,Class
19.899074405544173,2.1123985642591085,1,19,NT
0,0,1,20,T
6423.377863696369,3.339159961364226,1,21,T
0,0,1,22,T
600.3008416316791,1.9297326974194389,1,23,T
0,0,1,24,T
5.286541913526939,3.322351440974646,10,19,NT
0,0,10,20,T
2149.2943469076554,2.864061319646888,10,21,T
0,0,10,22,T
5228.928548624833,3.6110953470256213,10,23,T
0,0,10,24,T
4.212694027131469,3.494603640534567,100,19,NT
0,0,100,20,T
539.6618977409107,5.513497758244851,100,21,T
0,0,100,22,T
0,0,100,23,T
0,0,100,24,T
30.944865578415406,1.9832458038216563,101,19,NT
0,0,101,20,T
1819.5941476964047,1.7095700060730514,101,21,T
0,0,101,22,T
600.3008416317444,1.929732697419439,101,23,T
0,0,101,24,T
4.212694027131469,3.494603640534567,102,19,NT
0,0,102,20,T
539.6618977409107,5.513497758244851,102,21,T
0,0,102,22,T
0,0,102,23,T
0,0,102,24,T
4.21269402694201,3.494603640534567,103,19,NT
0,0,103,20,T
539.6618977409107,5.513497758244851,103,21,T
0,0,103,22,T
0,0,103,23,T
0,0,103,24,T
3.309690203056061,3.2353713024577404,104,19,NT
0,0,104,20,T
4355.832406428945,3.8838803399261312,104,21,T
0,0,104,22,T
4495.572108711453,3.429256412726613,104,23,T
0,0,104,24,T
6.361128651572955,3.178141533406155,105,19,NT
0,0,105,20,T
5734.675189020325,3.4546045565822445,105,21,T
0,0,105,22,T
199.09692000142942,2.042558366691719,105,23,T
0,0,105,24,T
2019.8901338037078,0.5376442613037898,106,19,NT
187.61122736530768,0.931259821335193,106,20,T
7578.67312861864,3.124232152044406,106,21,T
5091.774863346475,1.015833311022056,106,22,T
736.4603389469441,1.8993997001360263,106,23,T
5897.486278093166,0.664319568446349,106,24,T
910.5042856166812,0.624097536565285,107,19,NT
186.32587901156728,0.832489529185214,107,20,T
4584.534152609951,1.5924284827324808,107,21,T
2523.8010904562893,0.8017962942465312,107,22,T
4227.680378141842,3.8458982105712063,107,23,T
6572.680768700276,1.048830035680862,107,24,T
910.5042856526178,0.6240975365661182,108,19,NT
186.32587900988327,0.832489529185214,108,20,T
4584.534152617192,1.5924284827308781,108,21,T
2523.8010904859875,0.8017962942466769,108,22,T
4227.680378139905,3.845898210572663,108,23,T
6572.680768699864,1.048830035680862,108,24,T
2019.8901338037078,0.5376442613037898,109,19,NT
187.61122736530768,0.931259821335193,109,20,T
7578.67312861864,3.124232152044406,109,21,T
5091.774863346475,1.015833311022056,109,22,T
736.4603389469441,1.8993997001360263,109,23,T
5897.486278093166,0.664319568446349,109,24,T
5.286541913526939,3.322351440974646,11,19,NT
0,0,11,20,T
2149.2943469076554,2.864061319646888,11,21,T
0,0,11,22,T
5228.928548624833,3.6110953470256213,11,23,T
0,0,11,24,T
910.5042856526178,0.6240975365661182,110,19,NT
186.32587900988327,0.832489529185214,110,20,T
4584.534152617192,1.5924284827308781,110,21,T
2523.8010904859875,0.8017962942466769,110,22,T
4227.680378139905,3.845898210572663,110,23,T
6572.680768699864,1.048830035680862,110,24,T
910.504285613579,0.6240975365656216,111,19,NT
186.32587900988327,0.832489529185214,111,20,T
4883.7346059760985,1.6715977632085055,111,21,T
2523.801090456494,0.8017962942465322,111,22,T
4227.680378139552,3.845898210572928,111,23,T
6572.680768700552,1.048830035680862,111,24,T
6.189268660092395,3.1184137598229,112,19,NT
0,0,112,20,T
1181.1523184641064,2.837278674155751,112,21,T
0,0,112,22,T
3787.2720577153896,4.143497819925425,112,23,T
0,0,112,24,T
2019.8901338399417,0.5376442613037654,113,19,NT
197.7957788118559,1.012289074698842,113,20,T
6140.484397354218,2.1890619741573505,113,21,T
4480.674421026638,0.7139826038596883,113,22,T
5608.810379027544,3.6003027311493025,113,23,T
6126.316389634902,0.7591255711595329,113,24,T
2019.8901338399417,0.5376442613037654,114,19,NT
197.7957788118559,1.012289074698842,114,20,T
6140.484397354218,2.1890619741573505,114,21,T
4480.674421026638,0.7139826038596883,114,22,T
5608.810379027544,3.6003027311493025,114,23,T
6126.316389634902,0.7591255711595329,114,24,T
6.361128651518328,3.178141533406155,115,19,NT
0,0,115,20,T
3329.4360043030215,2.6561617502430885,115,21,T
0,0,115,22,T
5437.734745614332,3.605399103070944,115,23,T
0,0,115,24,T
6.060188956385147,3.024119567885691,116,19,NT
0,0,116,20,T
2912.6486531334776,5.552626677235885,116,21,T
0,0,116,22,T
436.3598001025456,2.067110452439394,116,23,T
0,0,116,24,T
2019.8901338037078,0.5376442613037898,117,19,NT
187.61122736530768,0.931259821335193,117,20,T
7578.67312861864,3.124232152044406,117,21,T
5091.774863346475,1.015833311022056,117,22,T
736.4603389469441,1.8993997001360263,117,23,T
5897.486278093166,0.664319568446349,117,24,T
910.504285613579,0.6240975365656216,118,19,NT
186.32587900988327,0.832489529185214,118,20,T
4883.7346059760985,1.6715977632085055,118,21,T
2523.801090456494,0.8017962942465322,118,22,T
4227.680378139552,3.845898210572928,118,23,T
6572.680768700552,1.048830035680862,118,24,T
6.189268660092395,3.1184137598229,119,19,NT
0,0,119,20,T
1181.1523184641064,2.837278674155751,119,21,T
0,0,119,22,T
3787.2720577153896,4.143497819925425,119,23,T
0,0,119,24,T
4.685216648872988,3.183478310329349,12,19,NT
0,0,12,20,T
2548.5324182314707,5.486805231800098,12,21,T
0,0,12,22,T
0,0,12,23,T
0,0,12,24,T
6.189268660092395,3.1184137598229,120,19,NT
0,0,120,20,T
1181.1523184641064,2.837278674155751,120,21,T
0,0,120,22,T
3787.2720577153896,4.143497819925425,120,23,T
0,0,120,24,T
5.630538970704997,3.352447293697114,121,19,NT
0,0,121,20,T
565.5260882007864,5.463832250814875,121,21,T
0,0,121,22,T
0,0,121,23,T
0,0,121,24,T
252.56551126903364,1.0722396063531638,122,19,NT
70.39301430181763,1.1141215372096664,122,20,T
3075.1188965393885,1.616392057888966,122,21,T
1039.5332944741267,1.1225340268682322,122,22,T
672.0937841103427,1.9151270545763883,122,23,T
0,0,122,24,T
252.56551126915326,1.0722396063531616,123,19,NT
70.39301430181763,1.1141215372096664,123,20,T
2912.868471876387,1.546077768234365,123,21,T
1039.5332944744405,1.122534026868225,123,22,T
672.0937841096811,1.9151270545763883,123,23,T
0,0,123,24,T
57.72434284670595,1.287848179111366,124,19,NT
88.22422753613704,1.1563077035192997,124,20,T
7250.1197876127135,3.3820176474259442,124,21,T
3179.74679783707,1.433175993960777,124,22,T
5559.146718344169,3.401788304140336,124,23,T
0,0,124,24,T
6.060188956385147,3.024119567885691,125,19,NT
0,0,125,20,T
2912.6486531334776,5.552626677235885,125,21,T
0,0,125,22,T
436.3598001025456,2.067110452439394,125,23,T
0,0,125,24,T
531.9426789882344,0.6417427375883099,126,19,NT
187.61122736467058,0.931259821335193,126,20,T
6017.409633881457,4.063226560756493,126,21,T
2875.279218020661,0.6048263680702853,126,22,T
2156.618522257089,1.1323407220914066,126,23,T
6303.759798473862,0.855061746979342,126,24,T
2019.8901338399417,0.5376442613037654,127,19,NT
197.7957788118559,1.012289074698842,127,20,T
6140.484397354218,2.1890619741573505,127,21,T
4480.674421026638,0.7139826038596883,127,22,T
5608.810379027544,3.6003027311493025,127,23,T
6126.316389634902,0.7591255711595329,127,24,T
2019.8901338399417,0.5376442613037654,128,19,NT
197.7957788118559,1.012289074698842,128,20,T
6140.484397354218,2.1890619741573505,128,21,T
4480.674421026638,0.7139826038596883,128,22,T
5608.810379027544,3.6003027311493025,128,23,T
6126.316389634902,0.7591255711595329,128,24,T
30.944865578415406,1.9832458038216563,129,19,NT
0,0,129,20,T
1819.5941476953576,1.7095700060730425,129,21,T
0,0,129,22,T
600.3008416317444,1.929732697419439,129,23,T
0,0,129,24,T
6.361128651518328,3.178141533406155,13,19,NT
0,0,13,20,T
3329.4360043030215,2.6561617502430885,13,21,T
0,0,13,22,T
5437.734745614332,3.605399103070944,13,23,T
0,0,13,24,T
4.21269402694201,3.494603640534567,130,19,NT
0,0,130,20,T
539.6618977409107,5.513497758244851,130,21,T
0,0,130,22,T
0,0,130,23,T
0,0,130,24,T
3.309690203056061,3.2353713024577404,131,19,NT
0,0,131,20,T
4355.832406429212,3.883880339926095,131,21,T
0,0,131,22,T
4495.572108710629,3.429256412726648,131,23,T
0,0,131,24,T
3.309690203056061,3.2353713024577404,132,19,NT
0,0,132,20,T
4355.832406428945,3.8838803399261312,132,21,T
0,0,132,22,T
4495.572108711453,3.429256412726613,132,23,T
0,0,132,24,T
130.26163601423968,1.1392776769569,133,19,NT
88.22422753613704,1.1563077035192997,133,20,T
7032.585874695157,3.223455928708202,133,21,T
2863.4492847547226,1.1542116664467337,133,22,T
672.0937841096811,1.9151270545763883,133,23,T
0,0,133,24,T
130.26163601423968,1.1392776769569,134,19,NT
88.22422753613704,1.1563077035192997,134,20,T
7032.585874695157,3.223455928708202,134,21,T
2863.4492847547226,1.1542116664467337,134,22,T
672.0937841096811,1.9151270545763883,134,23,T
0,0,134,24,T
82.30540153504151,1.2282349515343158,135,19,NT
81.78003194711394,1.1568048128086355,135,20,T
3121.0175989677946,1.920220318182176,135,21,T
0,0,135,22,T
3850.641275178133,4.13592533213582,135,23,T
3595.7997818353815,1.1168171410146133,135,24,T
5.114866630960528,3.230073543628688,136,19,NT
0,0,136,20,T
860.3610500449398,3.04386894921678,136,21,T
0,0,136,22,T
3722.3124899551813,4.151321573566729,136,23,T
0,0,136,24,T
19.899074405544173,2.1123985642591085,137,19,NT
0,0,137,20,T
6423.377863696369,3.339159961364226,137,21,T
0,0,137,22,T
600.3008416316791,1.9297326974194389,137,23,T
0,0,137,24,T
19.899074405544173,2.1123985642591085,138,19,NT
0,0,138,20,T
6423.377863696369,3.339159961364226,138,21,T
0,0,138,22,T
600.3008416316791,1.9297326974194389,138,23,T
0,0,138,24,T
3.954811680033849,3.403116170058478,139,19,NT
0,0,139,20,T
3879.851740860649,3.7631288868541186,139,21,T
0,0,139,22,T
0,0,139,23,T
0,0,139,24,T
6.060188956385147,3.024119567885691,14,19,NT
0,0,14,20,T
2912.6486531334776,5.552626677235885,14,21,T
0,0,14,22,T
436.3598001025456,2.067110452439394,14,23,T
0,0,14,24,T
3.610906978108805,3.324368967286322,140,19,NT
0,0,140,20,T
509.2948797745935,3.238561924834819,140,21,T
0,0,140,22,T
3550.3264651075465,4.169402069693973,140,23,T
0,0,140,24,T
30.944865578415406,1.9832458038216563,141,19,NT
0,0,141,20,T
1819.5941476953576,1.7095700060730425,141,21,T
0,0,141,22,T
600.3008416317444,1.929732697419439,141,23,T
0,0,141,24,T
4.21269402694201,3.494603640534567,142,19,NT
0,0,142,20,T
539.6618977409107,5.513497758244851,142,21,T
0,0,142,22,T
0,0,142,23,T
0,0,142,24,T
4.212694027131469,3.494603640534567,143,19,NT
0,0,143,20,T
539.6618977409107,5.513497758244851,143,21,T
0,0,143,22,T
0,0,143,23,T
0,0,143,24,T
3.309690203056061,3.2353713024577404,144,19,NT
0,0,144,20,T
4355.832406428945,3.8838803399261312,144,21,T
0,0,144,22,T
4495.572108711453,3.429256412726613,144,23,T
0,0,144,24,T
57.724342850844835,1.2878481790999825,145,19,NT
88.22422753613704,1.1563077035192997,145,20,T
7250.119787609978,3.3820176474263164,145,21,T
3637.9984287115262,1.476158639441042,145,22,T
5559.146718313266,3.401788304140336,145,23,T
0,0,145,24,T
252.56551127088602,1.0722396063531259,146,19,NT
70.39301430189278,1.1141215372096909,146,20,T
3075.11889653947,1.6163920578889663,146,21,T
1039.5332944763852,1.1225340268681772,146,22,T
658.2155355011722,1.8180991224352503,146,23,T
810.7568498423061,1.011468135537221,146,24,T
5.630538970704997,3.352447293697114,147,19,NT
0,0,147,20,T
565.5260882007864,5.463832250814875,147,21,T
0,0,147,22,T
0,0,147,23,T
0,0,147,24,T
5.630538970704997,3.352447293697114,148,19,NT
0,0,148,20,T
565.5260882007864,5.463832250814875,148,21,T
0,0,148,22,T
0,0,148,23,T
0,0,148,24,T
5.114866630960528,3.230073543628688,149,19,NT
0,0,149,20,T
860.3610500449398,3.04386894921678,149,21,T
0,0,149,22,T
3722.3124899551813,4.151321573566729,149,23,T
0,0,149,24,T
531.9426789882344,0.6417427375883099,15,19,NT
187.61122736467058,0.931259821335193,15,20,T
6017.409633881457,4.063226560756493,15,21,T
2875.279218020661,0.6048263680702853,15,22,T
2156.618522257089,1.1323407220914066,15,23,T
6303.759798473862,0.855061746979342,15,24,T
5.286541913526939,3.322351440974646,150,19,NT
0,0,150,20,T
4922.324331695916,3.591520147990873,150,21,T
0,0,150,22,T
0,0,150,23,T
0,0,150,24,T
130.26163601423968,1.1392776769569,151,19,NT
88.22422753613704,1.1563077035192997,151,20,T
7032.585874695157,3.223455928708202,151,21,T
2863.4492847547226,1.1542116664467337,151,22,T
672.0937841096811,1.9151270545763883,151,23,T
0,0,151,24,T
130.26163601423968,1.1392776769569,152,19,NT
88.22422753613704,1.1563077035192997,152,20,T
7032.585874695157,3.223455928708202,152,21,T
2863.4492847547226,1.1542116664467337,152,22,T
672.0937841096811,1.9151270545763883,152,23,T
0,0,152,24,T
5.286541913526939,3.322351440974646,153,19,NT
0,0,153,20,T
4922.324331695916,3.591520147990873,153,21,T
0,0,153,22,T
0,0,153,23,T
0,0,153,24,T
5.286541913526939,3.322351440974646,154,19,NT
0,0,154,20,T
4922.324331695916,3.591520147990873,154,21,T
0,0,154,22,T
0,0,154,23,T
0,0,154,24,T
130.26163601423968,1.1392776769569,155,19,NT
88.22422753613704,1.1563077035192997,155,20,T
7032.585874695157,3.223455928708202,155,21,T
2863.4492847547226,1.1542116664467337,155,22,T
672.0937841096811,1.9151270545763883,155,23,T
0,0,155,24,T
82.30540153504151,1.2282349515343158,156,19,NT
81.78003194711394,1.1568048128086355,156,20,T
3121.0175989677946,1.920220318182176,156,21,T
0,0,156,22,T
3850.641275178133,4.13592533213582,156,23,T
3595.7997818353815,1.1168171410146133,156,24,T
13.926016085661589,2.338054488597176,157,19,NT
0,0,157,20,T
3577.1218525154463,5.413733830150625,157,21,T
0,0,157,22,T
618.0862271199449,2.026268675016119,157,23,T
0,0,157,24,T
9.713599142544519,2.5593840595940787,158,19,NT
0,0,158,20,T
3662.102747404582,5.3998430800367165,158,21,T
0,0,158,22,T
618.0862271199459,2.026268675016119,158,23,T
0,0,158,24,T
3.309690203056061,3.2353713024577404,159,19,NT
0,0,159,20,T
2442.6247143291057,5.528210851026937,159,21,T
0,0,159,22,T
0,0,159,23,T
0,0,159,24,T
531.9426789882344,0.6417427375883099,16,19,NT
187.61122736467058,0.931259821335193,16,20,T
6017.409633881457,4.063226560756493,16,21,T
2875.279218020661,0.6048263680702853,16,22,T
2156.618522257089,1.1323407220914066,16,23,T
6303.759798473862,0.855061746979342,16,24,T
3.954811680021002,3.403116170058478,160,19,NT
0,0,160,20,T
502.4762812830518,3.113921535683895,160,21,T
0,0,160,22,T
4766.603258593247,3.6191510649520633,160,23,T
0,0,160,24,T
3.610906978108805,3.324368967286322,161,19,NT
0,0,161,20,T
509.2948797745935,3.238561924834819,161,21,T
0,0,161,22,T
3550.3264651075465,4.169402069693973,161,23,T
0,0,161,24,T
3.954811680033849,3.403116170058478,162,19,NT
0,0,162,20,T
3879.851740860649,3.7631288868541186,162,21,T
0,0,162,22,T
0,0,162,23,T
0,0,162,24,T
3.954811680033849,3.403116170058478,163,19,NT
0,0,163,20,T
3879.851740860649,3.7631288868541186,163,21,T
0,0,163,22,T
0,0,163,23,T
0,0,163,24,T
19.899074405544173,2.1123985642591085,164,19,NT
0,0,164,20,T
6423.377863696369,3.339159961364226,164,21,T
0,0,164,22,T
600.3008416316791,1.9297326974194389,164,23,T
0,0,164,24,T
9.713599142817822,2.559384059602094,165,19,NT
0,0,165,20,T
6683.879169631756,3.491602794973333,165,21,T
1906.9746100335585,1.639322980917402,165,22,T
5504.842100566944,3.403486497091937,165,23,T
0,0,165,24,T
30.944865578415406,1.9832458038216563,166,19,NT
0,0,166,20,T
2262.9839762062675,1.751079280001664,166,21,T
0,0,166,22,T
578.0006223759494,1.8347760651893767,166,23,T
0,0,166,24,T
4.21269402694201,3.494603640534567,167,19,NT
0,0,167,20,T
539.6618977409107,5.513497758244851,167,21,T
0,0,167,22,T
0,0,167,23,T
0,0,167,24,T
4.21269402694201,3.494603640534567,168,19,NT
0,0,168,20,T
539.6618977409107,5.513497758244851,168,21,T
0,0,168,22,T
0,0,168,23,T
0,0,168,24,T
130.26163601423968,1.1392776769569,169,19,NT
88.22422753613704,1.1563077035192997,169,20,T
7032.585874695157,3.223455928708202,169,21,T
2863.4492847547226,1.1542116664467337,169,22,T
672.0937841096811,1.9151270545763883,169,23,T
0,0,169,24,T
6.060188956385147,3.024119567885691,17,19,NT
0,0,17,20,T
6008.315846531945,3.610354726029407,17,21,T
0,0,17,22,T
5361.0877761735765,3.4075390019313256,17,23,T
0,0,17,24,T
82.30540153504151,1.2282349515343158,170,19,NT
81.78003194711394,1.1568048128086355,170,20,T
3620.041741726914,1.8503525483020786,170,21,T
0,0,170,22,T
3850.6412751191524,4.13592533213582,170,23,T
3595.7997818361932,1.1168171410146133,170,24,T
5.114866630960528,3.230073543628688,171,19,NT
0,0,171,20,T
860.3610500449398,3.04386894921678,171,21,T
0,0,171,22,T
3722.3124899551813,4.151321573566729,171,23,T
0,0,171,24,T
5.114866630960528,3.230073543628688,172,19,NT
0,0,172,20,T
860.3610500449398,3.04386894921678,172,21,T
0,0,172,22,T
3722.3124899551813,4.151321573566729,172,23,T
0,0,172,24,T
9.713599142817822,2.559384059602094,173,19,NT
0,0,173,20,T
6683.879169631756,3.491602794973333,173,21,T
1906.9746100335585,1.639322980917402,173,22,T
5504.842100566944,3.403486497091937,173,23,T
0,0,173,24,T
9.713599142817822,2.559384059602094,174,19,NT
0,0,174,20,T
6683.879169631756,3.491602794973333,174,21,T
1906.9746100335585,1.639322980917402,174,22,T
5504.842100566944,3.403486497091937,174,23,T
0,0,174,24,T
30.944865578415406,1.9832458038216563,175,19,NT
0,0,175,20,T
2262.9839762062675,1.751079280001664,175,21,T
0,0,175,22,T
578.0006223759494,1.8347760651893767,175,23,T
0,0,175,24,T
4.21269402694201,3.494603640534567,176,19,NT
0,0,176,20,T
539.6618977409107,5.513497758244851,176,21,T
0,0,176,22,T
0,0,176,23,T
0,0,176,24,T
82.30540153504151,1.2282349515343158,177,19,NT
81.78003194711394,1.1568048128086355,177,20,T
3620.041741726914,1.8503525483020786,177,21,T
0,0,177,22,T
3850.6412751191524,4.13592533213582,177,23,T
3595.7997818361932,1.1168171410146133,177,24,T
82.30540153504151,1.2282349515343158,178,19,NT
81.78003194711394,1.1568048128086355,178,20,T
3121.0175989677946,1.920220318182176,178,21,T
0,0,178,22,T
3850.641275178133,4.13592533213582,178,23,T
3595.7997818353815,1.1168171410146133,178,24,T
5.114866630960528,3.230073543628688,179,19,NT
0,0,179,20,T
860.3610500449398,3.04386894921678,179,21,T
0,0,179,22,T
3722.3124899551813,4.151321573566729,179,23,T
0,0,179,24,T
531.9426789871513,0.641742737588302,18,19,NT
187.61122736530768,0.931259821335193,18,20,T
7851.468528434943,3.2633756929809397,18,21,T
5277.906437474572,1.1390925986267082,18,22,T
11936.163725214103,0.518225345412045,18,23,T
6126.316389635109,0.759125571159533,18,24,T
5.286541913526939,3.322351440974646,180,19,NT
0,0,180,20,T
4922.324331695916,3.591520147990873,180,21,T
0,0,180,22,T
0,0,180,23,T
0,0,180,24,T
6.060188956385147,3.024119567885691,181,19,NT
0,0,181,20,T
6008.315846531945,3.610354726029407,181,21,T
0,0,181,22,T
5361.0877761735765,3.4075390019313256,181,23,T
0,0,181,24,T
531.9426789906528,0.6417427375873146,182,19,NT
187.61122736477787,0.931259821335193,182,20,T
7851.468528429331,3.2633756929846536,182,21,T
5795.709128547004,1.1509767512575193,182,22,T
11936.163725211738,0.518225345412045,182,23,T
6126.316389624469,0.759125571159533,182,24,T
531.9426789871513,0.641742737588302,183,19,NT
187.61122736530768,0.931259821335193,183,20,T
7851.468528434943,3.2633756929809397,183,21,T
5277.906437474572,1.1390925986267082,183,22,T
11936.163725214103,0.518225345412045,183,23,T
6126.316389635109,0.759125571159533,183,24,T
3385.5678045954996,0.570641283748891,184,19,NT
178.63459019202367,0.747844726657945,184,20,T
4342.937819598597,1.3008054888178693,184,21,T
3119.339552256259,0.7744693296487715,184,22,T
2260.961622053509,0.9670454668730623,184,23,T
6126.31638963436,0.759125571159533,184,24,T
6.661883638454555,3.235282119713634,185,19,NT
0,0,185,20,T
840.065111180667,5.814930673172878,185,21,T
0,0,185,22,T
90.50488195019608,2.0185996942894584,185,23,T
0,0,185,24,T
6.060188956385147,3.024119567885691,186,19,NT
0,0,186,20,T
6008.315846531945,3.610354726029407,186,21,T
0,0,186,22,T
5361.0877761735765,3.4075390019313256,186,23,T
0,0,186,24,T
6.060188956385147,3.024119567885691,187,19,NT
0,0,187,20,T
6008.315846531945,3.610354726029407,187,21,T
0,0,187,22,T
5361.0877761735765,3.4075390019313256,187,23,T
0,0,187,24,T
531.9426789871513,0.641742737588302,188,19,NT
187.61122736530768,0.931259821335193,188,20,T
7851.468528434943,3.2633756929809397,188,21,T
5277.906437474572,1.1390925986267082,188,22,T
11936.163725214103,0.518225345412045,188,23,T
6126.316389635109,0.759125571159533,188,24,T
13.926016085661589,2.338054488597176,189,19,NT
0,0,189,20,T
1490.307554781812,2.6498318549910453,189,21,T
0,0,189,22,T
3822.5416110154447,4.1391976296854764,189,23,T
0,0,189,24,T
531.9426789906528,0.6417427375873146,19,19,NT
187.61122736477787,0.931259821335193,19,20,T
7851.468528429331,3.2633756929846536,19,21,T
5795.709128547004,1.1509767512575193,19,22,T
11936.163725211738,0.518225345412045,19,23,T
6126.316389624469,0.759125571159533,19,24,T
19.899074405544173,2.1123985642591085,190,19,NT
0,0,190,20,T
6423.377863696369,3.339159961364226,190,21,T
0,0,190,22,T
600.3008416316791,1.9297326974194389,190,23,T
0,0,190,24,T
3.954811680033849,3.403116170058478,191,19,NT
0,0,191,20,T
3879.851740860649,3.7631288868541186,191,21,T
0,0,191,22,T
0,0,191,23,T
0,0,191,24,T
3.954811680033849,3.403116170058478,192,19,NT
0,0,192,20,T
3879.851740860649,3.7631288868541186,192,21,T
0,0,192,22,T
0,0,192,23,T
0,0,192,24,T
19.899074405544173,2.1123985642591085,193,19,NT
0,0,193,20,T
6423.377863696369,3.339159961364226,193,21,T
0,0,193,22,T
600.3008416316791,1.9297326974194389,193,23,T
0,0,193,24,T
13.926016085661589,2.338054488597176,194,19,NT
0,0,194,20,T
1490.307554781812,2.6498318549910453,194,21,T
0,0,194,22,T
3822.5416110154447,4.1391976296854764,194,23,T
0,0,194,24,T
13.926016085661589,2.338054488597176,195,19,NT
0,0,195,20,T
1490.307554781812,2.6498318549910453,195,21,T
0,0,195,22,T
3822.5416110154447,4.1391976296854764,195,23,T
0,0,195,24,T
3.610906978108805,3.324368967286322,196,19,NT
0,0,196,20,T
509.2948797745935,3.238561924834819,196,21,T
0,0,196,22,T
3550.3264651075465,4.169402069693973,196,23,T
0,0,196,24,T
252.56551126915326,1.0722396063531616,197,19,NT
70.39301430261965,1.1141215372099245,197,20,T
2912.8684718838745,1.5460777682332965,197,21,T
1039.5332944744405,1.122534026868225,197,22,T
672.0937841103427,1.9151270545763883,197,23,T
0,0,197,24,T
252.56551127072714,1.072239606353129,198,19,NT
70.39301430181982,1.1141215372097135,198,20,T
3075.11889653947,1.6163920578889663,198,21,T
1039.5332944763852,1.1225340268681772,198,22,T
658.2155355012912,1.8180991224352498,198,23,T
810.7568498422613,1.011468135537221,198,24,T
5.630538970704997,3.352447293697114,199,19,NT
0,0,199,20,T
565.5260882007864,5.463832250814875,199,21,T
0,0,199,22,T
0,0,199,23,T
0,0,199,24,T
13.926016085661589,2.338054488597176,2,19,NT
0,0,2,20,T
1845.1051030043661,2.4371105307257053,2,21,T
0,0,2,22,T
3822.5416110154447,4.1391976296854764,2,23,T
0,0,2,24,T
3385.567804535847,0.570641283748891,20,19,NT
178.63459019202367,0.747844726657945,20,20,T
4569.9699568458245,1.3633387699784232,20,21,T
3119.339552232351,0.7744693296497673,20,22,T
2260.9616220604557,0.9670454668716784,20,23,T
6245.664191830783,0.756407278073183,20,24,T
4.685216648872988,3.183478310329349,200,19,NT
0,0,200,20,T
5271.759583208775,3.7336877656575713,200,21,T
0,0,200,22,T
5097.761673776443,3.4144067906897595,200,23,T
0,0,200,24,T
30.944865578415406,1.9832458038216563,201,19,NT
0,0,201,20,T
2262.9839762062675,1.751079280001664,201,21,T
0,0,201,22,T
600.3008416316209,1.9297326974194389,201,23,T
0,0,201,24,T
30.944865578415406,1.9832458038216563,202,19,NT
0,0,202,20,T
1819.5941476964047,1.7095700060730514,202,21,T
0,0,202,22,T
600.3008416317444,1.929732697419439,202,23,T
0,0,202,24,T
4.212694027131469,3.494603640534567,203,19,NT
0,0,203,20,T
539.6618977409107,5.513497758244851,203,21,T
0,0,203,22,T
0,0,203,23,T
0,0,203,24,T
3.309690203056061,3.2353713024577404,204,19,NT
0,0,204,20,T
4355.832406429212,3.883880339926095,204,21,T
0,0,204,22,T
4495.572108710629,3.429256412726648,204,23,T
0,0,204,24,T
3.954811680033849,3.403116170058478,205,19,NT
0,0,205,20,T
3879.851740860649,3.7631288868541186,205,21,T
0,0,205,22,T
0,0,205,23,T
0,0,205,24,T
3.954811680033849,3.403116170058478,206,19,NT
0,0,206,20,T
3879.851740860649,3.7631288868541186,206,21,T
0,0,206,22,T
0,0,206,23,T
0,0,206,24,T
19.899074405544173,2.1123985642591085,207,19,NT
0,0,207,20,T
6423.377863696369,3.339159961364226,207,21,T
0,0,207,22,T
600.3008416316791,1.9297326974194389,207,23,T
0,0,207,24,T
13.926016085661589,2.338054488597176,208,19,NT
0,0,208,20,T
1490.307554781812,2.6498318549910453,208,21,T
0,0,208,22,T
3822.5416110154447,4.1391976296854764,208,23,T
0,0,208,24,T
5.286541913526939,3.322351440974646,209,19,NT
0,0,209,20,T
2149.2943469076554,2.864061319646888,209,21,T
0,0,209,22,T
5228.928548624833,3.6110953470256213,209,23,T
0,0,209,24,T
130.26163601423968,1.1392776769569,21,19,NT
88.22422753613704,1.1563077035192997,21,20,T
7032.585874695157,3.223455928708202,21,21,T
2863.4492847547226,1.1542116664467337,21,22,T
672.0937841096811,1.9151270545763883,21,23,T
0,0,21,24,T
4.685216648872988,3.183478310329349,210,19,NT
0,0,210,20,T
2548.5324182314707,5.486805231800098,210,21,T
0,0,210,22,T
0,0,210,23,T
0,0,210,24,T
4.685216648872988,3.183478310329349,211,19,NT
0,0,211,20,T
2548.5324182314707,5.486805231800098,211,21,T
0,0,211,22,T
0,0,211,23,T
0,0,211,24,T
57.72434285070716,1.2878481790996563,212,19,NT
88.22422753570066,1.1563077035197904,212,20,T
4763.534187634723,4.6886935527755425,212,21,T
0,0,212,22,T
684.6820667712211,2.012378330344234,212,23,T
810.7568498193596,1.011468135537221,212,24,T
3.610906978108805,3.324368967286322,213,19,NT
0,0,213,20,T
509.2948797745935,3.238561924834819,213,21,T
0,0,213,22,T
3550.3264651075465,4.169402069693973,213,23,T
0,0,213,24,T
3.610906978108805,3.324368967286322,214,19,NT
0,0,214,20,T
509.2948797745935,3.238561924834819,214,21,T
0,0,214,22,T
3550.3264651075465,4.169402069693973,214,23,T
0,0,214,24,T
13.926016085661589,2.338054488597176,215,19,NT
0,0,215,20,T
1845.1051030043661,2.4371105307257053,215,21,T
0,0,215,22,T
3822.5416110154447,4.1391976296854764,215,23,T
0,0,215,24,T
19.899074405544173,2.1123985642591085,216,19,NT
0,0,216,20,T
6423.377863696369,3.339159961364226,216,21,T
0,0,216,22,T
600.3008416316791,1.9297326974194389,216,23,T
0,0,216,24,T
4.685216648872988,3.183478310329349,217,19,NT
0,0,217,20,T
5271.759583208775,3.7336877656575713,217,21,T
0,0,217,22,T
5097.761673776443,3.4144067906897595,217,23,T
0,0,217,24,T
57.724342850844835,1.2878481790999825,218,19,NT
88.22422753613704,1.1563077035192997,218,20,T
7250.119787609978,3.3820176474263164,218,21,T
3637.9984287115262,1.476158639441042,218,22,T
5559.146718313266,3.401788304140336,218,23,T
0,0,218,24,T
57.72434284670595,1.287848179111366,219,19,NT
88.22422753613704,1.1563077035192997,219,20,T
7250.1197876127135,3.3820176474259442,219,21,T
3179.74679783707,1.433175993960777,219,22,T
5559.146718344169,3.401788304140336,219,23,T
0,0,219,24,T
130.26163601423968,1.1392776769569,22,19,NT
88.22422753613704,1.1563077035192997,22,20,T
7032.585874695157,3.223455928708202,22,21,T
2863.4492847547226,1.1542116664467337,22,22,T
672.0937841096811,1.9151270545763883,22,23,T
0,0,22,24,T
252.56551126915326,1.0722396063531616,220,19,NT
70.39301430261965,1.1141215372099245,220,20,T
2912.8684718838745,1.5460777682332965,220,21,T
1039.5332944744405,1.122534026868225,220,22,T
672.0937841103427,1.9151270545763883,220,23,T
0,0,220,24,T
2019.8901338037078,0.5376442613037898,221,19,NT
187.61122736530768,0.931259821335193,221,20,T
7578.67312861864,3.124232152044406,221,21,T
5091.774863346475,1.015833311022056,221,22,T
736.4603389469441,1.8993997001360263,221,23,T
5897.486278093166,0.664319568446349,221,24,T
6.361128651572955,3.178141533406155,222,19,NT
0,0,222,20,T
5734.675189020325,3.4546045565822445,222,21,T
0,0,222,22,T
199.09692000142942,2.042558366691719,222,23,T
0,0,222,24,T
6.361128651572955,3.178141533406155,223,19,NT
0,0,223,20,T
5734.675189020325,3.4546045565822445,223,21,T
0,0,223,22,T
199.09692000142942,2.042558366691719,223,23,T
0,0,223,24,T
6.189268660092395,3.1184137598229,224,19,NT
0,0,224,20,T
1181.1523184641064,2.837278674155751,224,21,T
0,0,224,22,T
3787.2720577153896,4.143497819925425,224,23,T
0,0,224,24,T
6.060188956385147,3.024119567885691,225,19,NT
0,0,225,20,T
2912.6486531334776,5.552626677235885,225,21,T
0,0,225,22,T
436.3598001025456,2.067110452439394,225,23,T
0,0,225,24,T
531.9426789882344,0.6417427375883099,226,19,NT
187.61122736467058,0.931259821335193,226,20,T
6017.409633881457,4.063226560756493,226,21,T
2875.279218020661,0.6048263680702853,226,22,T
2156.618522257089,1.1323407220914066,226,23,T
6303.759798473862,0.855061746979342,226,24,T
531.9426789882344,0.6417427375883099,227,19,NT
187.61122736467058,0.931259821335193,227,20,T
6017.409633881457,4.063226560756493,227,21,T
2875.279218020661,0.6048263680702853,227,22,T
2156.618522257089,1.1323407220914066,227,23,T
6303.759798473862,0.855061746979342,227,24,T
2019.8901338399417,0.5376442613037654,228,19,NT
197.7957788118559,1.012289074698842,228,20,T
6140.484397354218,2.1890619741573505,228,21,T
4480.674421026638,0.7139826038596883,228,22,T
5608.810379027544,3.6003027311493025,228,23,T
6126.316389634902,0.7591255711595329,228,24,T
2019.8901338399417,0.5376442613037654,229,19,NT
197.7957788118559,1.012289074698842,229,20,T
6140.484397354218,2.1890619741573505,229,21,T
4480.674421026638,0.7139826038596883,229,22,T
5608.810379027544,3.6003027311493025,229,23,T
6126.316389634902,0.7591255711595329,229,24,T
82.30540153504151,1.2282349515343158,23,19,NT
81.78003194711394,1.1568048128086355,23,20,T
3620.041741726914,1.8503525483020786,23,21,T
0,0,23,22,T
3850.6412751191524,4.13592533213582,23,23,T
3595.7997818361932,1.1168171410146133,23,24,T
531.9426789882344,0.6417427375883099,230,19,NT
187.61122736467058,0.931259821335193,230,20,T
6017.409633881457,4.063226560756493,230,21,T
2875.279218020661,0.6048263680702853,230,22,T
2156.618522257089,1.1323407220914066,230,23,T
6303.759798473862,0.855061746979342,230,24,T
6.060188956385147,3.024119567885691,231,19,NT
0,0,231,20,T
2912.6486531334776,5.552626677235885,231,21,T
0,0,231,22,T
436.3598001025456,2.067110452439394,231,23,T
0,0,231,24,T
6.060188956385147,3.024119567885691,232,19,NT
0,0,232,20,T
2912.6486531334776,5.552626677235885,232,21,T
0,0,232,22,T
436.3598001025456,2.067110452439394,232,23,T
0,0,232,24,T
6.661883639440504,3.235282119713634,233,19,NT
0,0,233,20,T
600.3881572751209,5.34348968845881,233,21,T
0,0,233,22,T
199.0969199989869,2.042558366691836,233,23,T
0,0,233,24,T
6.661883638454555,3.235282119713634,234,19,NT
0,0,234,20,T
840.065111180667,5.814930673172878,234,21,T
0,0,234,22,T
90.50488195019608,2.0185996942894584,234,23,T
0,0,234,24,T
3385.5678045336213,0.570641283748891,235,19,NT
178.63459019202367,0.747844726657945,235,20,T
4569.969956845766,1.3633387699784305,235,21,T
3119.339552179987,0.7744693296522491,235,22,T
2245.9633282287127,0.9300875631765971,235,23,T
6500.0084846180525,0.850564465662742,235,24,T
531.9426789906528,0.6417427375873146,236,19,NT
187.61122736477787,0.931259821335193,236,20,T
7851.468528429331,3.2633756929846536,236,21,T
5795.709128547004,1.1509767512575193,236,22,T
11936.163725211738,0.518225345412045,236,23,T
6126.316389624469,0.759125571159533,236,24,T
82.30540153504151,1.2282349515343158,237,19,NT
81.78003194711394,1.1568048128086355,237,20,T
3121.0175989677946,1.920220318182176,237,21,T
0,0,237,22,T
3850.641275178133,4.13592533213582,237,23,T
3595.7997818353815,1.1168171410146133,237,24,T
130.26163601423968,1.1392776769569,238,19,NT
88.22422753613704,1.1563077035192997,238,20,T
7032.585874695157,3.223455928708202,238,21,T
2863.4492847547226,1.1542116664467337,238,22,T
672.0937841096811,1.9151270545763883,238,23,T
0,0,238,24,T
5.286541913526939,3.322351440974646,239,19,NT
0,0,239,20,T
4922.324331695916,3.591520147990873,239,21,T
0,0,239,22,T
0,0,239,23,T
0,0,239,24,T
5.114866630960528,3.230073543628688,24,19,NT
0,0,24,20,T
860.3610500449398,3.04386894921678,24,21,T
0,0,24,22,T
3722.3124899551813,4.151321573566729,24,23,T
0,0,24,24,T
5.286541913526939,3.322351440974646,240,19,NT
0,0,240,20,T
4922.324331695916,3.591520147990873,240,21,T
0,0,240,22,T
0,0,240,23,T
0,0,240,24,T
6.060188956385147,3.024119567885691,241,19,NT
0,0,241,20,T
2912.6486531334776,5.552626677235885,241,21,T
0,0,241,22,T
436.3598001025456,2.067110452439394,241,23,T
0,0,241,24,T
6.361128651518328,3.178141533406155,242,19,NT
0,0,242,20,T
3329.4360043030215,2.6561617502430885,242,21,T
0,0,242,22,T
5437.734745614332,3.605399103070944,242,23,T
0,0,242,24,T
6.361128651518328,3.178141533406155,243,19,NT
0,0,243,20,T
3329.4360043030215,2.6561617502430885,243,21,T
0,0,243,22,T
5437.734745614332,3.605399103070944,243,23,T
0,0,243,24,T
2019.8901338399417,0.5376442613037654,244,19,NT
197.7957788118559,1.012289074698842,244,20,T
6140.484397354218,2.1890619741573505,244,21,T
4480.674421026638,0.7139826038596883,244,22,T
5608.810379027544,3.6003027311493025,244,23,T
6126.316389634902,0.7591255711595329,244,24,T
6.060188956385147,3.024119567885691,245,19,NT
0,0,245,20,T
6008.315846531945,3.610354726029407,245,21,T
0,0,245,22,T
5361.0877761735765,3.4075390019313256,245,23,T
0,0,245,24,T
6.060188956385147,3.024119567885691,246,19,NT
0,0,246,20,T
6008.315846531945,3.610354726029407,246,21,T
0,0,246,22,T
5361.0877761735765,3.4075390019313256,246,23,T
0,0,246,24,T
531.9426789906528,0.6417427375873146,247,19,NT
187.61122736477787,0.931259821335193,247,20,T
7851.468528429331,3.2633756929846536,247,21,T
5795.709128547004,1.1509767512575193,247,22,T
11936.163725211738,0.518225345412045,247,23,T
6126.316389624469,0.759125571159533,247,24,T
3385.567804593951,0.570641283748891,248,19,NT
178.63459019202367,0.747844726657945,248,20,T
4569.969956846189,1.3633387699783777,248,21,T
3119.339552183193,0.7744693296520972,248,22,T
2245.963328228651,0.9300875631766083,248,23,T
6500.0084846180525,0.850564465662742,248,24,T
19.899074405544173,2.1123985642591085,249,19,NT
0,0,249,20,T
6423.377863696369,3.339159961364226,249,21,T
0,0,249,22,T
600.3008416316791,1.9297326974194389,249,23,T
0,0,249,24,T
252.56551127088602,1.0722396063531259,25,19,NT
70.39301430189278,1.1141215372096909,25,20,T
3075.11889653947,1.6163920578889663,25,21,T
1039.5332944763852,1.1225340268681772,25,22,T
658.2155355011722,1.8180991224352503,25,23,T
810.7568498423061,1.011468135537221,25,24,T
3.954811680033849,3.403116170058478,250,19,NT
0,0,250,20,T
3879.851740860649,3.7631288868541186,250,21,T
0,0,250,22,T
0,0,250,23,T
0,0,250,24,T
3.610906978108805,3.324368967286322,251,19,NT
0,0,251,20,T
509.2948797745935,3.238561924834819,251,21,T
0,0,251,22,T
3550.3264651075465,4.169402069693973,251,23,T
0,0,251,24,T
3.610906978108805,3.324368967286322,252,19,NT
0,0,252,20,T
509.2948797745935,3.238561924834819,252,21,T
0,0,252,22,T
3550.3264651075465,4.169402069693973,252,23,T
0,0,252,24,T
130.26163601478683,1.139277676956861,253,19,NT
113.32252848126554,1.2047893498303825,253,20,T
5415.305365399561,2.310142677319003,253,21,T
715.017919847216,1.1913861118916582,253,22,T
5575.470648651888,3.601314619421576,253,23,T
0,0,253,24,T
130.26163601478683,1.139277676956861,254,19,NT
113.32252848126554,1.2047893498303825,254,20,T
5415.305365399561,2.310142677319003,254,21,T
715.017919847216,1.1913861118916582,254,22,T
5575.470648651888,3.601314619421576,254,23,T
0,0,254,24,T
82.30540153123223,1.2282349515350484,255,19,NT
88.22422753570066,1.1563077035197904,255,20,T
4537.973489065882,4.825456998317733,255,21,T
0,0,255,22,T
684.6820667717211,2.012378330344234,255,23,T
810.7568498280364,1.011468135537221,255,24,T
5.114866631951536,3.230073543628688,256,19,NT
0,0,256,20,T
2548.5324182314707,5.486805231800098,256,21,T
0,0,256,22,T
0,0,256,23,T
0,0,256,24,T
57.724342850844835,1.2878481790999825,26,19,NT
88.22422753613704,1.1563077035192997,26,20,T
7250.119787609978,3.3820176474263164,26,21,T
3637.9984287115262,1.476158639441042,26,22,T
5559.146718313266,3.401788304140336,26,23,T
0,0,26,24,T
57.72434284670595,1.287848179111366,27,19,NT
88.22422753613704,1.1563077035192997,27,20,T
7250.1197876127135,3.3820176474259442,27,21,T
3179.74679783707,1.433175993960777,27,22,T
5559.146718344169,3.401788304140336,27,23,T
0,0,27,24,T
4.685216648872988,3.183478310329349,28,19,NT
0,0,28,20,T
5271.759583208775,3.7336877656575713,28,21,T
0,0,28,22,T
5097.761673776443,3.4144067906897595,28,23,T
0,0,28,24,T
6.361128651572955,3.178141533406155,29,19,NT
0,0,29,20,T
5734.675189020325,3.4546045565822445,29,21,T
0,0,29,22,T
199.09692000142942,2.042558366691719,29,23,T
0,0,29,24,T
13.926016085661589,2.338054488597176,3,19,NT
0,0,3,20,T
1490.307554781812,2.6498318549910453,3,21,T
0,0,3,22,T
3822.5416110154447,4.1391976296854764,3,23,T
0,0,3,24,T
6.361128651572955,3.178141533406155,30,19,NT
0,0,30,20,T
5734.675189020325,3.4546045565822445,30,21,T
0,0,30,22,T
199.09692000142942,2.042558366691719,30,23,T
0,0,30,24,T
2019.8901338037078,0.5376442613037898,31,19,NT
187.61122736530768,0.931259821335193,31,20,T
7578.67312861864,3.124232152044406,31,21,T
5091.774863346475,1.015833311022056,31,22,T
736.4603389469441,1.8993997001360263,31,23,T
5897.486278093166,0.664319568446349,31,24,T
910.504285613579,0.6240975365656216,32,19,NT
186.32587900988327,0.832489529185214,32,20,T
4883.7346059760985,1.6715977632085055,32,21,T
2523.801090456494,0.8017962942465322,32,22,T
4227.680378139552,3.845898210572928,32,23,T
6572.680768700552,1.048830035680862,32,24,T
3.309690203056061,3.2353713024577404,33,19,NT
0,0,33,20,T
4355.832406428945,3.8838803399261312,33,21,T
0,0,33,22,T
4495.572108711453,3.429256412726613,33,23,T
0,0,33,24,T
3.309690203056061,3.2353713024577404,34,19,NT
0,0,34,20,T
4355.832406429212,3.883880339926095,34,21,T
0,0,34,22,T
4495.572108710629,3.429256412726648,34,23,T
0,0,34,24,T
9.713599142544519,2.5593840595940787,35,19,NT
0,0,35,20,T
6683.879169639673,3.491602794971583,35,21,T
1514.6379213702796,1.566226998714818,35,22,T
5504.842100566944,3.403486497091937,35,23,T
0,0,35,24,T
30.944865578415406,1.9832458038216563,36,19,NT
0,0,36,20,T
1819.5941476953576,1.7095700060730425,36,21,T
0,0,36,22,T
600.3008416317444,1.929732697419439,36,23,T
0,0,36,24,T
3.309690203056061,3.2353713024577404,37,19,NT
0,0,37,20,T
4355.832406428945,3.8838803399261312,37,21,T
0,0,37,22,T
4495.572108711453,3.429256412726613,37,23,T
0,0,37,24,T
9.713599142817822,2.559384059602094,38,19,NT
0,0,38,20,T
6683.879169631756,3.491602794973333,38,21,T
1906.9746100335585,1.639322980917402,38,22,T
5504.842100566944,3.403486497091937,38,23,T
0,0,38,24,T
30.944865578415406,1.9832458038216563,39,19,NT
0,0,39,20,T
2262.9839762062675,1.751079280001664,39,21,T
0,0,39,22,T
578.0006223759494,1.8347760651893767,39,23,T
0,0,39,24,T
3.610906978108805,3.324368967286322,4,19,NT
0,0,4,20,T
509.2948797745935,3.238561924834819,4,21,T
0,0,4,22,T
3550.3264651075465,4.169402069693973,4,23,T
0,0,4,24,T
30.944865578415406,1.9832458038216563,40,19,NT
0,0,40,20,T
1819.5941476953576,1.7095700060730425,40,21,T
0,0,40,22,T
600.3008416317444,1.929732697419439,40,23,T
0,0,40,24,T
19.899074405544173,2.1123985642591085,41,19,NT
0,0,41,20,T
6423.377863696369,3.339159961364226,41,21,T
0,0,41,22,T
600.3008416316791,1.9297326974194389,41,23,T
0,0,41,24,T
3.954811680033849,3.403116170058478,42,19,NT
0,0,42,20,T
3879.851740860649,3.7631288868541186,42,21,T
0,0,42,22,T
0,0,42,23,T
0,0,42,24,T
3.954811680033849,3.403116170058478,43,19,NT
0,0,43,20,T
3879.851740860649,3.7631288868541186,43,21,T
0,0,43,22,T
0,0,43,23,T
0,0,43,24,T
3.610906978108805,3.324368967286322,44,19,NT
0,0,44,20,T
509.2948797745935,3.238561924834819,44,21,T
0,0,44,22,T
3550.3264651075465,4.169402069693973,44,23,T
0,0,44,24,T
57.72434284670595,1.287848179111366,45,19,NT
88.22422753613704,1.1563077035192997,45,20,T
7250.1197876127135,3.3820176474259442,45,21,T
3179.74679783707,1.433175993960777,45,22,T
5559.146718344169,3.401788304140336,45,23,T
0,0,45,24,T
57.724342850844835,1.2878481790999825,46,19,NT
88.22422753613704,1.1563077035192997,46,20,T
7250.119787609978,3.3820176474263164,46,21,T
3637.9984287115262,1.476158639441042,46,22,T
5559.146718313266,3.401788304140336,46,23,T
0,0,46,24,T
4.685216648872988,3.183478310329349,47,19,NT
0,0,47,20,T
5271.759583208775,3.7336877656575713,47,21,T
0,0,47,22,T
5097.761673776443,3.4144067906897595,47,23,T
0,0,47,24,T
5.630538970704997,3.352447293697114,48,19,NT
0,0,48,20,T
565.5260882007864,5.463832250814875,48,21,T
0,0,48,22,T
0,0,48,23,T
0,0,48,24,T
2019.8901338037078,0.5376442613037898,49,19,NT
187.61122736530768,0.931259821335193,49,20,T
7578.67312861864,3.124232152044406,49,21,T
5091.774863346475,1.015833311022056,49,22,T
736.4603389469441,1.8993997001360263,49,23,T
5897.486278093166,0.664319568446349,49,24,T
6.361128651572955,3.178141533406155,5,19,NT
0,0,5,20,T
5734.675189020325,3.4546045565822445,5,21,T
0,0,5,22,T
199.09692000142942,2.042558366691719,5,23,T
0,0,5,24,T
6.361128651572955,3.178141533406155,50,19,NT
0,0,50,20,T
5734.675189020325,3.4546045565822445,50,21,T
0,0,50,22,T
199.09692000142942,2.042558366691719,50,23,T
0,0,50,24,T
6.361128651572955,3.178141533406155,51,19,NT
0,0,51,20,T
5734.675189020325,3.4546045565822445,51,21,T
0,0,51,22,T
199.09692000142942,2.042558366691719,51,23,T
0,0,51,24,T
6.189268660092395,3.1184137598229,52,19,NT
0,0,52,20,T
1181.1523184641064,2.837278674155751,52,21,T
0,0,52,22,T
3787.2720577153896,4.143497819925425,52,23,T
0,0,52,24,T
6.189268660092395,3.1184137598229,53,19,NT
0,0,53,20,T
1181.1523184641064,2.837278674155751,53,21,T
0,0,53,22,T
3787.2720577153896,4.143497819925425,53,23,T
0,0,53,24,T
6.189268660092395,3.1184137598229,54,19,NT
0,0,54,20,T
1181.1523184641064,2.837278674155751,54,21,T
0,0,54,22,T
3787.2720577153896,4.143497819925425,54,23,T
0,0,54,24,T
6.361128651572955,3.178141533406155,55,19,NT
0,0,55,20,T
5734.675189020325,3.4546045565822445,55,21,T
0,0,55,22,T
199.09692000142942,2.042558366691719,55,23,T
0,0,55,24,T
2019.8901338037078,0.5376442613037898,56,19,NT
187.61122736530768,0.931259821335193,56,20,T
7578.67312861864,3.124232152044406,56,21,T
5091.774863346475,1.015833311022056,56,22,T
736.4603389469441,1.8993997001360263,56,23,T
5897.486278093166,0.664319568446349,56,24,T
6.361128651518328,3.178141533406155,57,19,NT
0,0,57,20,T
3329.4360043030215,2.6561617502430885,57,21,T
0,0,57,22,T
5437.734745614332,3.605399103070944,57,23,T
0,0,57,24,T
6.361128651518328,3.178141533406155,58,19,NT
0,0,58,20,T
3329.4360043030215,2.6561617502430885,58,21,T
0,0,58,22,T
5437.734745614332,3.605399103070944,58,23,T
0,0,58,24,T
6.060188955276971,3.024119567885691,59,19,NT
0,0,59,20,T
2734.1044086095926,5.484199955295779,59,21,T
0,0,59,22,T
436.35980010170425,2.067110452439394,59,23,T
0,0,59,24,T
2019.8901338037078,0.5376442613037898,6,19,NT
187.61122736530768,0.931259821335193,6,20,T
7578.67312861864,3.124232152044406,6,21,T
5091.774863346475,1.015833311022056,6,22,T
736.4603389469441,1.8993997001360263,6,23,T
5897.486278093166,0.664319568446349,6,24,T
531.9426789879421,0.6417427375883078,60,19,NT
187.61122736530768,0.931259821335193,60,20,T
5871.887002103757,4.106826880738391,60,21,T
2875.279218020993,0.6048263680702961,60,22,T
2156.6185222563636,1.1323407220913744,60,23,T
6303.759798473862,0.855061746979342,60,24,T
9.713599142544519,2.5593840595940787,61,19,NT
0,0,61,20,T
6683.879169639673,3.491602794971583,61,21,T
1514.6379213702796,1.566226998714818,61,22,T
5504.842100566944,3.403486497091937,61,23,T
0,0,61,24,T
30.944865578415406,1.9832458038216563,62,19,NT
0,0,62,20,T
1819.5941476964047,1.7095700060730514,62,21,T
0,0,62,22,T
600.3008416317444,1.929732697419439,62,23,T
0,0,62,24,T
30.944865578415406,1.9832458038216563,63,19,NT
0,0,63,20,T
2262.9839762062675,1.751079280001664,63,21,T
0,0,63,22,T
600.3008416316209,1.9297326974194389,63,23,T
0,0,63,24,T
4.21269402694201,3.494603640534567,64,19,NT
0,0,64,20,T
539.6618977409107,5.513497758244851,64,21,T
0,0,64,22,T
0,0,64,23,T
0,0,64,24,T
4.685216648872988,3.183478310329349,65,19,NT
0,0,65,20,T
5271.759583208775,3.7336877656575713,65,21,T
0,0,65,22,T
5097.761673776443,3.4144067906897595,65,23,T
0,0,65,24,T
5.630538970704997,3.352447293697114,66,19,NT
0,0,66,20,T
565.5260882007864,5.463832250814875,66,21,T
0,0,66,22,T
0,0,66,23,T
0,0,66,24,T
252.56551127072714,1.072239606353129,67,19,NT
70.39301430181982,1.1141215372097135,67,20,T
3075.11889653947,1.6163920578889663,67,21,T
1039.5332944763852,1.1225340268681772,67,22,T
658.2155355012912,1.8180991224352498,67,23,T
810.7568498422613,1.011468135537221,67,24,T
252.56551126915326,1.0722396063531616,68,19,NT
70.39301430261965,1.1141215372099245,68,20,T
2912.8684718838745,1.5460777682332965,68,21,T
1039.5332944744405,1.122534026868225,68,22,T
672.0937841103427,1.9151270545763883,68,23,T
0,0,68,24,T
30.944865578415406,1.9832458038216563,69,19,NT
0,0,69,20,T
2262.9839762062675,1.751079280001664,69,21,T
0,0,69,22,T
578.0006223759494,1.8347760651893767,69,23,T
0,0,69,24,T
2019.8901338037078,0.5376442613037898,7,19,NT
187.61122736530768,0.931259821335193,7,20,T
7578.67312861864,3.124232152044406,7,21,T
5091.774863346475,1.015833311022056,7,22,T
736.4603389469441,1.8993997001360263,7,23,T
5897.486278093166,0.664319568446349,7,24,T
30.944865578415406,1.9832458038216563,70,19,NT
0,0,70,20,T
1819.5941476953576,1.7095700060730425,70,21,T
0,0,70,22,T
600.3008416317444,1.929732697419439,70,23,T
0,0,70,24,T
9.713599142817822,2.559384059602094,71,19,NT
0,0,71,20,T
6683.879169631756,3.491602794973333,71,21,T
1906.9746100335585,1.639322980917402,71,22,T
5504.842100566944,3.403486497091937,71,23,T
0,0,71,24,T
3.309690203056061,3.2353713024577404,72,19,NT
0,0,72,20,T
4355.832406428945,3.8838803399261312,72,21,T
0,0,72,22,T
4495.572108711453,3.429256412726613,72,23,T
0,0,72,24,T
57.72434285043124,1.2878481790999294,73,19,NT
88.22422753613704,1.1563077035192997,73,20,T
7250.119787609978,3.3820176474263164,73,21,T
3637.9984287073603,1.476158639441042,73,22,T
5559.146718343069,3.4017883041403363,73,23,T
0,0,73,24,T
57.724342850844835,1.2878481790999825,74,19,NT
88.22422753613704,1.1563077035192997,74,20,T
7250.119787609978,3.3820176474263164,74,21,T
3637.9984287115262,1.476158639441042,74,22,T
5559.146718313266,3.401788304140336,74,23,T
0,0,74,24,T
252.56551127072714,1.072239606353129,75,19,NT
70.39301430181982,1.1141215372097135,75,20,T
3075.11889653947,1.6163920578889663,75,21,T
1039.5332944763852,1.1225340268681772,75,22,T
658.2155355012912,1.8180991224352498,75,23,T
810.7568498422613,1.011468135537221,75,24,T
5.630538970704997,3.352447293697114,76,19,NT
0,0,76,20,T
565.5260882007864,5.463832250814875,76,21,T
0,0,76,22,T
0,0,76,23,T
0,0,76,24,T
252.56551127088602,1.0722396063531259,77,19,NT
70.39301430189278,1.1141215372096909,77,20,T
3075.11889653947,1.6163920578889663,77,21,T
1039.5332944763852,1.1225340268681772,77,22,T
658.2155355011722,1.8180991224352503,77,23,T
810.7568498423061,1.011468135537221,77,24,T
252.56551126915326,1.0722396063531616,78,19,NT
70.39301430261965,1.1141215372099245,78,20,T
2912.8684718838745,1.5460777682332965,78,21,T
1039.5332944744405,1.122534026868225,78,22,T
672.0937841103427,1.9151270545763883,78,23,T
0,0,78,24,T
57.72434284670595,1.287848179111366,79,19,NT
88.22422753613704,1.1563077035192997,79,20,T
7250.1197876127135,3.3820176474259442,79,21,T
3179.74679783707,1.433175993960777,79,22,T
5559.146718344169,3.401788304140336,79,23,T
0,0,79,24,T
910.5042856166812,0.624097536565285,8,19,NT
186.32587901156728,0.832489529185214,8,20,T
4584.534152609951,1.5924284827324808,8,21,T
2523.8010904562893,0.8017962942465312,8,22,T
4227.680378141842,3.8458982105712063,8,23,T
6572.680768700276,1.048830035680862,8,24,T
4.685216648872988,3.183478310329349,80,19,NT
0,0,80,20,T
5271.759583208775,3.7336877656575713,80,21,T
0,0,80,22,T
5097.761673776443,3.4144067906897595,80,23,T
0,0,80,24,T
6.189268660092395,3.1184137598229,81,19,NT
0,0,81,20,T
1181.1523184641064,2.837278674155751,81,21,T
0,0,81,22,T
3787.2720577153896,4.143497819925425,81,23,T
0,0,81,24,T
6.189268660092395,3.1184137598229,82,19,NT
0,0,82,20,T
1181.1523184641064,2.837278674155751,82,21,T
0,0,82,22,T
3787.2720577153896,4.143497819925425,82,23,T
0,0,82,24,T
6.361128651572955,3.178141533406155,83,19,NT
0,0,83,20,T
5734.675189020325,3.4546045565822445,83,21,T
0,0,83,22,T
199.09692000142942,2.042558366691719,83,23,T
0,0,83,24,T
2019.8901338037078,0.5376442613037898,84,19,NT
187.61122736530768,0.931259821335193,84,20,T
7578.67312861864,3.124232152044406,84,21,T
5091.774863346475,1.015833311022056,84,22,T
736.4603389469441,1.8993997001360263,84,23,T
5897.486278093166,0.664319568446349,84,24,T
82.30540153504151,1.2282349515343158,85,19,NT
81.78003194711394,1.1568048128086355,85,20,T
3121.0175989677946,1.920220318182176,85,21,T
0,0,85,22,T
3850.641275178133,4.13592533213582,85,23,T
3595.7997818353815,1.1168171410146133,85,24,T
130.26163601423968,1.1392776769569,86,19,NT
88.22422753613704,1.1563077035192997,86,20,T
7032.585874695157,3.223455928708202,86,21,T
2863.4492847547226,1.1542116664467337,86,22,T
672.0937841096811,1.9151270545763883,86,23,T
0,0,86,24,T
130.26163601423968,1.1392776769569,87,19,NT
88.22422753613704,1.1563077035192997,87,20,T
7032.585874695157,3.223455928708202,87,21,T
2863.4492847547226,1.1542116664467337,87,22,T
672.0937841096811,1.9151270545763883,87,23,T
0,0,87,24,T
5.286541913526939,3.322351440974646,88,19,NT
0,0,88,20,T
4922.324331695916,3.591520147990873,88,21,T
0,0,88,22,T
0,0,88,23,T
0,0,88,24,T
57.72434284670595,1.287848179111366,89,19,NT
88.22422753613704,1.1563077035192997,89,20,T
7250.1197876127135,3.3820176474259442,89,21,T
3179.74679783707,1.433175993960777,89,22,T
5559.146718344169,3.401788304140336,89,23,T
0,0,89,24,T
130.26163601478683,1.139277676956861,9,19,NT
113.32252848126554,1.2047893498303825,9,20,T
5415.305365399561,2.310142677319003,9,21,T
715.017919847216,1.1913861118916582,9,22,T
5575.470648651888,3.601314619421576,9,23,T
0,0,9,24,T
4.685216648872988,3.183478310329349,90,19,NT
0,0,90,20,T
5271.759583208775,3.7336877656575713,90,21,T
0,0,90,22,T
5097.761673776443,3.4144067906897595,90,23,T
0,0,90,24,T
4.685216648872988,3.183478310329349,91,19,NT
0,0,91,20,T
5271.759583208775,3.7336877656575713,91,21,T
0,0,91,22,T
5097.761673776443,3.4144067906897595,91,23,T
0,0,91,24,T
5.630538970704997,3.352447293697114,92,19,NT
0,0,92,20,T
565.5260882007864,5.463832250814875,92,21,T
0,0,92,22,T
0,0,92,23,T
0,0,92,24,T
6.060188956385147,3.024119567885691,93,19,NT
0,0,93,20,T
2912.6486531334776,5.552626677235885,93,21,T
0,0,93,22,T
436.3598001025456,2.067110452439394,93,23,T
0,0,93,24,T
531.9426789882344,0.6417427375883099,94,19,NT
187.61122736467058,0.931259821335193,94,20,T
6017.409633881457,4.063226560756493,94,21,T
2875.279218020661,0.6048263680702853,94,22,T
2156.618522257089,1.1323407220914066,94,23,T
6303.759798473862,0.855061746979342,94,24,T
531.9426789879421,0.6417427375883078,95,19,NT
187.61122736530768,0.931259821335193,95,20,T
5871.887002103757,4.106826880738391,95,21,T
2875.279218020993,0.6048263680702961,95,22,T
2156.6185222563636,1.1323407220913744,95,23,T
6303.759798473862,0.855061746979342,95,24,T
2019.8901338399417,0.5376442613037654,96,19,NT
197.7957788118559,1.012289074698842,96,20,T
6140.484397354218,2.1890619741573505,96,21,T
4480.674421026638,0.7139826038596883,96,22,T
5608.810379027544,3.6003027311493025,96,23,T
6126.316389634902,0.7591255711595329,96,24,T
9.713599142817822,2.559384059602094,97,19,NT
0,0,97,20,T
6683.879169631756,3.491602794973333,97,21,T
1906.9746100335585,1.639322980917402,97,22,T
5504.842100566944,3.403486497091937,97,23,T
0,0,97,24,T
9.713599142544519,2.5593840595940787,98,19,NT
0,0,98,20,T
6683.879169639673,3.491602794971583,98,21,T
1514.6379213702796,1.566226998714818,98,22,T
5504.842100566944,3.403486497091937,98,23,T
0,0,98,24,T
3.309690203056061,3.2353713024577404,99,19,NT
0,0,99,20,T
4355.832406429212,3.883880339926095,99,21,T
0,0,99,22,T
4495.572108710629,3.429256412726648,99,23,T
0,0,99,24,T
1038.7847574965606,2.485855606752027,1,15,T
678.7972605481451,2.343580115787736,1,16,NT
0,0,1,17,NT
96.0150477145724,2.294622684895427,1,18,NT
303.49150130851996,5.182348560273875,10,15,T
308.5497800205526,3.553918898271774,10,16,NT
0,0,10,17,NT
33.83120228235434,2.9850065504569208,10,18,NT
564.5100280550009,4.635693898475134,100,15,T
205.91386910362468,4.179735566771271,100,16,NT
0,0,100,17,NT
12.438586645020456,3.6295159803804204,100,18,NT
819.8134191996983,4.03499143045417,101,15,T
642.6515147718607,2.3141810324810668,101,16,NT
0,0,101,17,NT
87.97182508592118,2.282443694024185,101,18,NT
564.5100280550009,4.635693898475134,102,15,T
205.91386910362468,4.179735566771271,102,16,NT
0,0,102,17,NT
12.438586645020456,3.6295159803804204,102,18,NT
564.5100280550009,4.635693898475134,103,15,T
205.91386910362468,4.179735566771271,103,16,NT
0,0,103,17,NT
12.438586645020456,3.6295159803804204,103,18,NT
551.08201415976,4.566712004777333,104,15,T
223.20001553984963,4.110427360560857,104,16,NT
0,0,104,17,NT
23.177323406875818,3.3912784726824183,104,18,NT
657.7233907524392,2.943716470807319,105,15,T
444.34640507601614,2.9822760777373647,105,16,NT
0,0,105,17,NT
64.88149799455331,2.688056557353463,105,18,NT
9510.368727106787,1.0194178624849355,106,15,T
2108.363937993337,1.0265328676913592,106,16,NT
2032.2858933846658,0.7628298812652929,106,17,NT
202.00831871306775,1.473192746066726,106,18,NT
4847.810363955258,1.3503395356631889,107,15,T
1855.3463849394075,1.0447520166682616,107,16,NT
2203.3218247545806,0.9342468703384939,107,17,NT
185.88149356895008,1.46798085926756,107,18,NT
4847.810363955258,1.3503395356631889,108,15,T
1855.3463849394075,1.0447520166682616,108,16,NT
2203.3218247545806,0.9342468703384939,108,17,NT
185.88149356895008,1.46798085926756,108,18,NT
9510.368727106787,1.0194178624849355,109,15,T
2108.363937993337,1.0265328676913592,109,16,NT
2032.2858933846658,0.7628298812652929,109,17,NT
202.00831871306775,1.473192746066726,109,18,NT
303.49150130851996,5.182348560273875,11,15,T
308.5497800205526,3.553918898271774,11,16,NT
0,0,11,17,NT
33.83120228235434,2.9850065504569208,11,18,NT
4847.810363955258,1.3503395356631889,110,15,T
1855.3463849394075,1.0447520166682616,110,16,NT
2203.3218247545806,0.9342468703384939,110,17,NT
185.88149356895008,1.46798085926756,110,18,NT
4692.049359845236,1.281896582273314,111,15,T
1855.3463849393904,1.0447520166683144,111,16,NT
2203.321824754514,0.9342468703385056,111,17,NT
185.88149356895008,1.46798085926756,111,18,NT
590.15029924046,2.988416134166762,112,15,T
383.45139541546257,3.112464174496007,112,16,NT
0,0,112,17,NT
60.32122928156038,2.628355175780525,112,18,NT
1536.5484245978719,1.8331815422118012,113,15,T
2108.363937992671,1.026532867691586,113,16,NT
2346.0315954285356,0.8174957831015853,113,17,NT
192.85060879200273,1.131930237228772,113,18,NT
1536.5484245969697,1.833181542212435,114,15,T
2108.3639379933975,1.0265328676915255,114,16,NT
2346.031595428091,0.8174957831015843,114,17,NT
192.85060879200273,1.131930237228772,114,18,NT
336.9016218748289,4.942071884682957,115,15,T
444.34640507601614,2.9822760777373647,115,16,NT
0,0,115,17,NT
50.70330529447496,2.708704989268262,115,18,NT
748.7590669684968,4.512787574979255,116,15,T
383.45139541546257,3.0124641744960092,116,16,NT
0,0,116,17,NT
60.32122928169248,2.6283551757805057,116,18,NT
9510.36872710508,1.019417862484951,117,15,T
2108.363937992036,1.0265328676915517,117,16,NT
2032.2858933846883,0.7628298812652676,117,17,NT
202.00831871306775,1.473192746066726,117,18,NT
4692.049359845236,1.281896582273314,118,15,T
1855.3463849393904,1.0447520166683144,118,16,NT
2203.321824754514,0.9342468703385056,118,17,NT
185.88149356895008,1.46798085926756,118,18,NT
590.15029924046,2.988416134166762,119,15,T
383.45139541546257,3.112464174496007,119,16,NT
0,0,119,17,NT
60.32122928156038,2.628355175780525,119,18,NT
661.7122145392576,4.716668600609256,12,15,T
269.7499678195488,3.5676794992602976,12,16,NT
0,0,12,17,NT
38.6004081897362,2.9557462084664174,12,18,NT
660.0319662465884,2.964335701915793,120,15,T
383.45139541546257,3.112464174496007,120,16,NT
0,0,120,17,NT
60.32122928169248,2.6283551757805057,120,18,NT
630.3767659721387,4.48844109186306,121,15,T
289.64801802527563,3.592548158954891,121,16,NT
0,0,121,17,NT
38.6004081897362,2.9557462084664174,121,18,NT
1151.0232671338968,3.7279744847409924,122,15,T
1032.5829469671446,1.7003779108411725,122,16,NT
357.22823781839384,1.049776523515595,122,17,NT
132.45200603525174,1.8268054532804503,122,18,NT
1151.0232671338968,3.7279744847409924,123,15,T
1032.5829469671446,1.7003779108411725,123,16,NT
357.22823781839384,1.049776523515595,123,17,NT
132.45200603525174,1.8268054532804503,123,18,NT
1055.5593507088074,3.72466437993538,124,15,T
1125.3954700948843,1.697622937535566,124,16,NT
357.22823781721735,1.0497765235157552,124,17,NT
153.96397894785852,1.8552214133856086,124,18,NT
748.7590669684968,4.512787574979255,125,15,T
383.45139541546257,3.0124641744960092,125,16,NT
0,0,125,17,NT
60.32122928169248,2.6283551757805057,125,18,NT
2265.5403980949905,2.785832237040982,126,15,T
1639.966197031932,1.0707237581364821,126,16,NT
2032.2858933849266,0.7628298812652708,126,17,NT
185.88149356895008,1.46798085926756,126,18,NT
1536.5484245978719,1.8331815422118012,127,15,T
2108.363937992671,1.026532867691586,127,16,NT
2346.0315954285356,0.8174957831015853,127,17,NT
192.85060879200273,1.131930237228772,127,18,NT
1536.5484245969697,1.833181542212435,128,15,T
2108.3639379933975,1.0265328676915255,128,16,NT
2346.031595428091,0.8174957831015843,128,17,NT
192.85060879200273,1.131930237228772,128,18,NT
819.8134191996983,4.03499143045417,129,15,T
642.6515147718607,2.3141810324810668,129,16,NT
0,0,129,17,NT
87.97182508592118,2.282443694024185,129,18,NT
336.9016218748289,4.942071884682957,13,15,T
444.34640507601614,2.9822760777373647,13,16,NT
0,0,13,17,NT
50.70330529447496,2.708704989268262,13,18,NT
564.5100280550009,4.635693898475134,130,15,T
205.91386910362468,4.179735566771271,130,16,NT
0,0,130,17,NT
12.438586645020456,3.6295159803804204,130,18,NT
551.08201415976,4.566712004777333,131,15,T
223.20001553984963,4.110427360560857,131,16,NT
0,0,131,17,NT
23.177323406875818,3.3912784726824183,131,18,NT
551.08201415976,4.566712004777333,132,15,T
223.20001553984963,4.110427360560857,132,16,NT
0,0,132,17,NT
23.177323406875818,3.3912784726824183,132,18,NT
4141.16997161051,1.4893776963423213,133,15,T
1125.395470094721,1.6976229375357335,133,16,NT
357.22823781511266,1.0497765235156487,133,17,NT
143.5605752644543,1.8327060927112366,133,18,NT
4141.16997161092,1.4893776963421088,134,15,T
1125.3954700947615,1.6976229375356207,134,16,NT
357.22823781511266,1.0497765235156487,134,17,NT
132.45200603525174,1.8268054532804503,134,18,NT
3134.573430708939,1.670836018502401,135,15,T
1002.2426280097474,1.737036763163695,135,16,NT
689.7741793129886,1.1551382703920512,135,17,NT
132.45200603525174,1.8268054532804503,135,18,NT
301.1361311687756,3.9017756976715954,136,15,T
269.7499678195488,3.6676794992602955,136,16,NT
0,0,136,17,NT
38.6004081897362,2.9557462084664174,136,18,NT
1038.7847574969874,2.4858556067518087,137,15,T
678.797260548138,2.343580115787736,137,16,NT
0,0,137,17,NT
96.0150477145724,2.294622684895427,137,18,NT
1038.7847574965606,2.485855606752027,138,15,T
678.7972605481451,2.343580115787736,138,16,NT
0,0,138,17,NT
96.0150477145724,2.294622684895427,138,18,NT
218.0677484155342,4.496526035731571,139,15,T
223.20001553984963,4.110427360560857,139,16,NT
0,0,139,17,NT
12.438586645951778,3.729515980346425,139,18,NT
748.7590669684968,4.512787574979255,14,15,T
383.45139541546257,3.0124641744960092,14,16,NT
0,0,14,17,NT
60.32122928169248,2.6283551757805057,14,18,NT
198.20776150403333,4.533432067295554,140,15,T
193.3954140005999,4.2302378790739725,140,16,NT
0,0,140,17,NT
12.438586645951778,3.6295159803464276,140,18,NT
819.8134191996983,4.03499143045417,141,15,T
642.6515147718607,2.3141810324810668,141,16,NT
0,0,141,17,NT
87.97182508592118,2.282443694024185,141,18,NT
564.5100280550009,4.635693898475134,142,15,T
205.91386910362468,4.179735566771271,142,16,NT
0,0,142,17,NT
12.438586645020456,3.6295159803804204,142,18,NT
564.5100280550009,4.635693898475134,143,15,T
205.91386910362468,4.179735566771271,143,16,NT
0,0,143,17,NT
12.438586645020456,3.6295159803804204,143,18,NT
551.08201415976,4.566712004777333,144,15,T
223.20001553984963,4.110427360560857,144,16,NT
0,0,144,17,NT
23.177323406875818,3.3912784726824183,144,18,NT
1055.5593507088074,3.72466437993538,145,15,T
1125.3954700948843,1.697622937535566,145,16,NT
357.22823781721735,1.0497765235157552,145,17,NT
153.96397894785852,1.8552214133856086,145,18,NT
1151.0232671338968,3.7279744847409924,146,15,T
1032.5829469671446,1.7003779108411725,146,16,NT
357.22823781839384,1.049776523515595,146,17,NT
132.45200603525174,1.8268054532804503,146,18,NT
630.3767659721387,4.48844109186306,147,15,T
289.64801802527563,3.592548158954891,147,16,NT
0,0,147,17,NT
38.6004081897362,2.9557462084664174,147,18,NT
630.3767659721387,4.48844109186306,148,15,T
289.64801802527563,3.592548158954891,148,16,NT
0,0,148,17,NT
38.6004081897362,2.9557462084664174,148,18,NT
258.6895302231416,4.035532553256234,149,15,T
269.7499678195488,3.6676794992602955,149,16,NT
0,0,149,17,NT
38.6004081897362,2.9557462084664174,149,18,NT
2265.5403981396844,2.7858322370640574,15,15,T
1639.96619703199,1.070723758136492,15,16,NT
1799.9614926403585,0.6966203249675709,15,17,NT
185.88149356895008,1.46798085926756,15,18,NT
295.0904744799014,3.969068974417633,150,15,T
308.5497800205526,3.553918898271774,150,16,NT
0,0,150,17,NT
42.37172243571007,3.0020815594944232,150,18,NT
4141.16997161051,1.4893776963423213,151,15,T
1125.395470094721,1.6976229375357335,151,16,NT
357.22823781511266,1.0497765235156487,151,17,NT
143.5605752644543,1.8327060927112366,151,18,NT
4141.16997161092,1.4893776963421088,152,15,T
1125.3954700947615,1.6976229375356207,152,16,NT
357.22823781511266,1.0497765235156487,152,17,NT
132.45200603525174,1.8268054532804503,152,18,NT
295.0904744799014,3.969068974417633,153,15,T
308.5497800205526,3.553918898271774,153,16,NT
0,0,153,17,NT
38.6004081897362,2.9557462084664174,153,18,NT
295.0904744799014,3.969068974417633,154,15,T
308.5497800205526,3.553918898271774,154,16,NT
0,0,154,17,NT
42.37172243571007,3.0020815594944232,154,18,NT
4141.169971610353,1.4893776963421768,155,15,T
1125.3954700951556,1.6976229375356728,155,16,NT
357.2282378186611,1.0497765235155545,155,17,NT
143.5605752644543,1.8327060927112366,155,18,NT
3134.573430708939,1.670836018502401,156,15,T
1002.2426280097474,1.737036763163695,156,16,NT
689.7741793129886,1.1551382703920512,156,17,NT
132.45200603525174,1.8268054532804503,156,18,NT
883.3610689392947,4.213763415284071,157,15,T
565.4304557428535,2.4021555865723907,157,16,NT
0,0,157,17,NT
87.97182508981842,2.2824436940335917,157,18,NT
883.3610689392947,4.213763415284071,158,15,T
565.4304557428535,2.4021555865723907,158,16,NT
0,0,158,17,NT
87.97182508981842,2.2824436940335917,158,18,NT
598.3327661017973,4.853941764104378,159,15,T
193.39541399873727,4.130237879083322,159,16,NT
0,0,159,17,NT
12.438586645951778,3.6295159803464276,159,18,NT
2265.5403980949905,2.785832237040982,16,15,T
1639.966197031932,1.0707237581364821,16,16,NT
2032.2858933849266,0.7628298812652708,16,17,NT
185.88149356895008,1.46798085926756,16,18,NT
274.1838408337798,5.415111877587697,160,15,T
223.2000155404425,4.1104273605607835,160,16,NT
0,0,160,17,NT
14.927123663079705,3.311469605106136,160,18,NT
203.92752972421374,4.588758856120833,161,15,T
193.39541399873727,4.23023787908332,161,16,NT
0,0,161,17,NT
12.438586645951778,3.6295159803464276,161,18,NT
218.0677484123972,4.49652603574817,162,15,T
223.2000155404425,4.1104273605607835,162,16,NT
0,0,162,17,NT
12.438586645951778,3.6295159803464276,162,18,NT
218.0677484123972,4.49652603574817,163,15,T
223.2000155404425,4.1104273605607835,163,16,NT
0,0,163,17,NT
12.438586645951778,3.729515980346425,163,18,NT
1038.7847574969874,2.4858556067518087,164,15,T
678.797260548138,2.343580115787736,164,16,NT
0,0,164,17,NT
96.0150477145724,2.294622684895427,164,18,NT
793.823006426951,4.006450284075274,165,15,T
678.797260548138,2.343580115787736,165,16,NT
0,0,165,17,NT
104.59461118621098,2.3104220953483927,165,18,NT
819.8134191996983,4.03499143045417,166,15,T
642.6515147718607,2.3141810324810668,166,16,NT
0,0,166,17,NT
87.97182508592118,2.282443694024185,166,18,NT
564.5100280550009,4.635693898475134,167,15,T
205.91386910362468,4.179735566771271,167,16,NT
0,0,167,17,NT
12.438586645020456,3.6295159803804204,167,18,NT
564.5100280550009,4.635693898475134,168,15,T
205.91386910362468,4.179735566771271,168,16,NT
0,0,168,17,NT
12.438586645020456,3.6295159803804204,168,18,NT
4141.16997161051,1.4893776963423213,169,15,T
1125.395470094721,1.6976229375357335,169,16,NT
357.22823781511266,1.0497765235156487,169,17,NT
143.5605752644543,1.8327060927112366,169,18,NT
687.4978777678015,4.262217225655918,17,15,T
444.3464050909173,2.9822760777485122,17,16,NT
0,0,17,17,NT
69.39933757939885,2.7371050427004815,17,18,NT
2837.401227297351,1.636573199299535,170,15,T
1002.2426280097906,1.737036763163668,170,16,NT
689.7741793119492,1.1551382703920499,170,17,NT
132.45200603525174,1.8268054532804503,170,18,NT
258.6895302231416,4.035532553256234,171,15,T
269.7499678195488,3.6676794992602955,171,16,NT
0,0,171,17,NT
38.6004081897362,2.9557462084664174,171,18,NT
301.1361311687756,3.9017756976715954,172,15,T
269.7499678195488,3.6676794992602955,172,16,NT
0,0,172,17,NT
38.6004081897362,2.9557462084664174,172,18,NT
793.823006426951,4.006450284075274,173,15,T
678.797260548138,2.343580115787736,173,16,NT
0,0,173,17,NT
104.59461118621098,2.3104220953483927,173,18,NT
793.823006426951,4.006450284075274,174,15,T
678.797260548138,2.343580115787736,174,16,NT
0,0,174,17,NT
104.59461118621098,2.3104220953483927,174,18,NT
819.8134191996983,4.03499143045417,175,15,T
642.6515147718607,2.3141810324810668,175,16,NT
0,0,175,17,NT
87.97182508592118,2.282443694024185,175,18,NT
564.5100280550009,4.635693898475134,176,15,T
205.91386910362468,4.179735566771271,176,16,NT
0,0,176,17,NT
12.438586645020456,3.6295159803804204,176,18,NT
2837.401227297351,1.636573199299535,177,15,T
1002.2426280097906,1.737036763163668,177,16,NT
689.7741793119492,1.1551382703920499,177,17,NT
132.45200603525174,1.8268054532804503,177,18,NT
3134.573430708939,1.670836018502401,178,15,T
1002.2426280097474,1.737036763163695,178,16,NT
689.7741793129886,1.1551382703920512,178,17,NT
132.45200603525174,1.8268054532804503,178,18,NT
301.1361311687756,3.9017756976715954,179,15,T
269.7499678195488,3.6676794992602955,179,16,NT
0,0,179,17,NT
38.6004081897362,2.9557462084664174,179,18,NT
1503.5636120050003,3.282609678078781,18,15,T
2108.363937992854,1.0265328676915508,18,16,NT
2032.2858933847908,0.7628298812652707,18,17,NT
225.18091989304912,1.437407452875275,18,18,NT
295.0904744799014,3.969068974417633,180,15,T
308.5497800205526,3.553918898271774,180,16,NT
0,0,180,17,NT
38.6004081897362,2.9557462084664174,180,18,NT
687.4978777678015,4.262217225655918,181,15,T
444.3464050909173,2.9822760777485122,181,16,NT
0,0,181,17,NT
69.39933757939885,2.7371050427004815,181,18,NT
1503.5636120050003,3.282609678078781,182,15,T
2108.363937992854,1.0265328676915508,182,16,NT
2032.2858933847908,0.7628298812652707,182,17,NT
225.18091989304912,1.437407452875275,182,18,NT
1503.5636120050003,3.282609678078781,183,15,T
2108.363937992854,1.0265328676915508,183,16,NT
2032.2858933847908,0.7628298812652707,183,17,NT
225.18091989304912,1.437407452875275,183,18,NT
1862.3448805913283,2.89648659863167,184,15,T
1941.60740095228,1.0035303413028143,184,16,NT
2032.2858933847733,0.7628298812652707,184,17,NT
185.88149356895008,1.46798085926756,184,18,NT
702.708016066737,4.327216002870499,185,15,T
410.68482920438,3.050433346710564,185,16,NT
0,0,185,17,NT
60.32122928169248,2.6283551757805057,185,18,NT
687.4978777678015,4.262217225655918,186,15,T
444.3464050909173,2.9822760777485122,186,16,NT
0,0,186,17,NT
69.39933757939885,2.7371050427004815,186,18,NT
687.4978777678015,4.262217225655918,187,15,T
444.3464050909173,2.9822760777485122,187,16,NT
0,0,187,17,NT
69.39933757939885,2.7371050427004815,187,18,NT
1503.5636120050003,3.282609678078781,188,15,T
2108.363937992854,1.0265328676915508,188,16,NT
2032.2858933847908,0.7628298812652707,188,17,NT
225.18091989304912,1.437407452875275,188,18,NT
1235.4412508921605,2.3528043542692427,189,15,T
620.1018942173284,2.364940314814808,189,16,NT
0,0,189,17,NT
87.97182508981842,2.2824436940335917,189,18,NT
1503.5636120050003,3.282609678078781,19,15,T
2108.363937992854,1.0265328676915508,19,16,NT
2032.2858933847908,0.7628298812652707,19,17,NT
225.18091989304912,1.437407452875275,19,18,NT
1038.7847574965606,2.485855606752027,190,15,T
678.797260548138,2.343580115787736,190,16,NT
0,0,190,17,NT
87.97182508592118,2.282443694024185,190,18,NT
218.0677484123972,4.49652603574817,191,15,T
223.2000155404425,4.1104273605607835,191,16,NT
0,0,191,17,NT
12.438586645951778,3.6295159803464276,191,18,NT
218.0677484123972,4.49652603574817,192,15,T
223.2000155404425,4.1104273605607835,192,16,NT
0,0,192,17,NT
12.438586645951778,3.729515980346425,192,18,NT
1038.7847574969874,2.4858556067518087,193,15,T
678.797260548138,2.343580115787736,193,16,NT
0,0,193,17,NT
96.0150477145724,2.294622684895427,193,18,NT
1235.4412508921605,2.3528043542692427,194,15,T
620.1018942173284,2.364940314814808,194,16,NT
0,0,194,17,NT
87.97182508981842,2.2824436940335917,194,18,NT
1235.4412508921605,2.3528043542692427,195,15,T
620.1018942173284,2.364940314814808,195,16,NT
0,0,195,17,NT
87.97182508981842,2.2824436940335917,195,18,NT
203.92752972421374,4.588758856120833,196,15,T
193.39541399873727,4.23023787908332,196,16,NT
0,0,196,17,NT
12.438586645951778,3.6295159803464276,196,18,NT
1151.0232671338968,3.7279744847409924,197,15,T
1032.5829469671446,1.7003779108411725,197,16,NT
357.22823781839384,1.049776523515595,197,17,NT
132.45200603525174,1.8268054532804503,197,18,NT
1151.0232671338968,3.7279744847409924,198,15,T
1032.5829469671446,1.7003779108411725,198,16,NT
357.22823781839384,1.049776523515595,198,17,NT
132.45200603525174,1.8268054532804503,198,18,NT
630.3767659721387,4.48844109186306,199,15,T
289.64801802527563,3.592548158954891,199,16,NT
0,0,199,17,NT
38.6004081897362,2.9557462084664174,199,18,NT
926.0313985675741,2.5326080216442226,2,15,T
620.1018942210537,2.3649403148120007,2,16,NT
0,0,2,17,NT
87.97182508981842,2.2824436940335917,2,18,NT
1862.3448805913283,2.89648659863167,20,15,T
1941.60740095228,1.0035303413028143,20,16,NT
2032.2858933847733,0.7628298812652707,20,17,NT
185.88149356895008,1.46798085926756,20,18,NT
618.3547177611094,4.414486885302935,200,15,T
308.5497800205526,3.553918898271774,200,16,NT
0,0,200,17,NT
45.5631977785074,3.0481646130630002,200,18,NT
819.8134191996983,4.03499143045417,201,15,T
642.6515147718607,2.3141810324810668,201,16,NT
0,0,201,17,NT
87.97182508592118,2.282443694024185,201,18,NT
819.8134191996983,4.03499143045417,202,15,T
642.6515147718607,2.3141810324810668,202,16,NT
0,0,202,17,NT
87.97182508592118,2.282443694024185,202,18,NT
564.5100280550009,4.635693898475134,203,15,T
205.91386910362468,4.179735566771271,203,16,NT
0,0,203,17,NT
12.438586645020456,3.6295159803804204,203,18,NT
551.08201415976,4.566712004777333,204,15,T
223.20001553984963,4.110427360560857,204,16,NT
0,0,204,17,NT
23.177323406875818,3.3912784726824183,204,18,NT
218.0677484123972,4.49652603574817,205,15,T
223.2000155404425,4.1104273605607835,205,16,NT
0,0,205,17,NT
12.438586645951778,3.6295159803464276,205,18,NT
218.0677484123972,4.49652603574817,206,15,T
223.2000155404425,4.1104273605607835,206,16,NT
0,0,206,17,NT
12.438586645951778,3.729515980346425,206,18,NT
1038.7847574969874,2.4858556067518087,207,15,T
678.797260548138,2.343580115787736,207,16,NT
0,0,207,17,NT
96.0150477145724,2.294622684895427,207,18,NT
1235.4412508921605,2.3528043542692427,208,15,T
620.1018942173284,2.364940314814808,208,16,NT
0,0,208,17,NT
87.97182508981842,2.2824436940335917,208,18,NT
303.49150130851996,5.182348560273875,209,15,T
308.5497800205526,3.553918898271774,209,16,NT
0,0,209,17,NT
33.83120228235434,2.9850065504569208,209,18,NT
4141.169971610353,1.4893776963421768,21,15,T
1125.3954700951556,1.6976229375356728,21,16,NT
357.2282378186611,1.0497765235155545,21,17,NT
143.5605752644543,1.8327060927112366,21,18,NT
661.7122145392576,4.716668600609256,210,15,T
269.7499678195488,3.5676794992602976,210,16,NT
0,0,210,17,NT
38.6004081897362,2.9557462084664174,210,18,NT
661.7122145392576,4.716668600609256,211,15,T
269.7499678195488,3.5676794992602976,211,16,NT
0,0,211,17,NT
38.6004081897362,2.9557462084664174,211,18,NT
1254.6016336944097,3.948900834286898,212,15,T
898.3177916595293,1.766752103620384,212,16,NT
357.22823781699606,1.0497765235157457,212,17,NT
132.45200603528613,1.8268054532803943,212,18,NT
203.92752972421374,4.588758856120833,213,15,T
193.39541399873727,4.23023787908332,213,16,NT
0,0,213,17,NT
12.438586645951778,3.6295159803464276,213,18,NT
198.20776150403333,4.533432067295554,214,15,T
193.3954140005999,4.2302378790739725,214,16,NT
0,0,214,17,NT
12.438586645951778,3.6295159803464276,214,18,NT
926.0313985675741,2.5326080216442226,215,15,T
620.1018942210537,2.3649403148120007,215,16,NT
0,0,215,17,NT
87.97182508981842,2.2824436940335917,215,18,NT
1038.7847574965606,2.485855606752027,216,15,T
678.7972605481451,2.343580115787736,216,16,NT
0,0,216,17,NT
96.0150477145724,2.294622684895427,216,18,NT
618.3547177611094,4.414486885302935,217,15,T
308.5497800205526,3.553918898271774,217,16,NT
0,0,217,17,NT
45.5631977785074,3.0481646130630002,217,18,NT
1055.5593507088074,3.72466437993538,218,15,T
1125.3954700948843,1.697622937535566,218,16,NT
357.22823781721735,1.0497765235157552,218,17,NT
153.96397894785852,1.8552214133856086,218,18,NT
1055.5593507088074,3.72466437993538,219,15,T
1125.3954700948843,1.697622937535566,219,16,NT
357.22823781721735,1.0497765235157552,219,17,NT
153.96397894785852,1.8552214133856086,219,18,NT
4141.16997161051,1.4893776963423213,22,15,T
1125.395470094721,1.6976229375357335,22,16,NT
357.22823781511266,1.0497765235156487,22,17,NT
143.5605752644543,1.8327060927112366,22,18,NT
1151.0232671338968,3.7279744847409924,220,15,T
1032.5829469671446,1.7003779108411725,220,16,NT
357.22823781839384,1.049776523515595,220,17,NT
132.45200603525174,1.8268054532804503,220,18,NT
9510.36872710508,1.019417862484951,221,15,T
2108.363937992036,1.0265328676915517,221,16,NT
2032.2858933846883,0.7628298812652676,221,17,NT
202.00831871306775,1.473192746066726,221,18,NT
657.7233907547588,2.9437164708064927,222,15,T
444.3464050909173,2.9822760777485122,222,16,NT
0,0,222,17,NT
64.88149799460584,2.6880565573534683,222,18,NT
657.7233907524392,2.943716470807319,223,15,T
444.34640507601614,2.9822760777373647,223,16,NT
0,0,223,17,NT
60.32122928156038,2.628355175780525,223,18,NT
660.0319662465884,2.964335701915793,224,15,T
383.45139541546257,3.112464174496007,224,16,NT
0,0,224,17,NT
60.32122928169248,2.6283551757805057,224,18,NT
748.7590669684968,4.512787574979255,225,15,T
383.45139541546257,3.0124641744960092,225,16,NT
0,0,225,17,NT
60.32122928169248,2.6283551757805057,225,18,NT
2265.5403980949905,2.785832237040982,226,15,T
1639.966197031932,1.0707237581364821,226,16,NT
2032.2858933849266,0.7628298812652708,226,17,NT
185.88149356895008,1.46798085926756,226,18,NT
2265.5403981396844,2.7858322370640574,227,15,T
1639.96619703199,1.070723758136492,227,16,NT
1799.9614926403585,0.6966203249675709,227,17,NT
185.88149356895008,1.46798085926756,227,18,NT
1536.5484245969697,1.833181542212435,228,15,T
2108.3639379933975,1.0265328676915255,228,16,NT
2346.031595428091,0.8174957831015843,228,17,NT
192.85060879200273,1.131930237228772,228,18,NT
1536.5484245969697,1.833181542212435,229,15,T
2108.3639379933975,1.0265328676915255,229,16,NT
2346.031595428091,0.8174957831015843,229,17,NT
192.85060879200273,1.131930237228772,229,18,NT
2837.401227297351,1.636573199299535,23,15,T
1002.2426280097906,1.737036763163668,23,16,NT
689.7741793119492,1.1551382703920499,23,17,NT
132.45200603525174,1.8268054532804503,23,18,NT
2265.5403981396844,2.7858322370640574,230,15,T
1639.96619703199,1.070723758136492,230,16,NT
1799.9614926403585,0.6966203249675709,230,17,NT
185.88149356895008,1.46798085926756,230,18,NT
748.7590669684968,4.512787574979255,231,15,T
383.45139541546257,3.0124641744960092,231,16,NT
0,0,231,17,NT
60.32122928169248,2.6283551757805057,231,18,NT
748.7590669684968,4.512787574979255,232,15,T
383.45139541546257,3.0124641744960092,232,16,NT
0,0,232,17,NT
60.32122928169248,2.6283551757805057,232,18,NT
702.708016066737,4.327216002870499,233,15,T
410.68482920438,3.050433346710564,233,16,NT
0,0,233,17,NT
60.32122928169248,2.6283551757805057,233,18,NT
702.708016066737,4.327216002870499,234,15,T
410.68482920438,3.050433346710564,234,16,NT
0,0,234,17,NT
60.32122928169248,2.6283551757805057,234,18,NT
1862.3448805913283,2.89648659863167,235,15,T
1941.60740095228,1.0035303413028143,235,16,NT
2032.2858933847733,0.7628298812652707,235,17,NT
185.88149356895008,1.46798085926756,235,18,NT
1503.5636120050003,3.282609678078781,236,15,T
2108.363937992854,1.0265328676915508,236,16,NT
2032.2858933847908,0.7628298812652707,236,17,NT
225.18091989304912,1.437407452875275,236,18,NT
3134.573430708939,1.670836018502401,237,15,T
1002.2426280097474,1.737036763163695,237,16,NT
689.7741793129886,1.1551382703920512,237,17,NT
132.45200603525174,1.8268054532804503,237,18,NT
4141.169971610353,1.4893776963421768,238,15,T
1125.3954700951556,1.6976229375356728,238,16,NT
357.2282378186611,1.0497765235155545,238,17,NT
143.5605752644543,1.8327060927112366,238,18,NT
295.0904744799014,3.969068974417633,239,15,T
308.5497800205526,3.553918898271774,239,16,NT
0,0,239,17,NT
42.37172243571007,3.0020815594944232,239,18,NT
258.6895302231416,4.035532553256234,24,15,T
269.7499678195488,3.6676794992602955,24,16,NT
0,0,24,17,NT
38.6004081897362,2.9557462084664174,24,18,NT
295.0904744799014,3.969068974417633,240,15,T
308.5497800205526,3.553918898271774,240,16,NT
0,0,240,17,NT
42.37172243571007,3.0020815594944232,240,18,NT
748.7590669684968,4.512787574979255,241,15,T
383.45139541546257,3.0124641744960092,241,16,NT
0,0,241,17,NT
60.32122928169248,2.6283551757805057,241,18,NT
336.9016218748289,4.942071884682957,242,15,T
444.34640507601614,2.9822760777373647,242,16,NT
0,0,242,17,NT
50.70330529447496,2.708704989268262,242,18,NT
336.9016219046312,4.942071884704695,243,15,T
444.3464050909173,2.9822760777485122,243,16,NT
0,0,243,17,NT
50.70330529447496,2.708704989268262,243,18,NT
1536.5484245978719,1.8331815422118012,244,15,T
2108.363937992671,1.026532867691586,244,16,NT
2346.0315954285356,0.8174957831015853,244,17,NT
192.85060879200273,1.131930237228772,244,18,NT
687.4978777678015,4.262217225655918,245,15,T
444.3464050909173,2.9822760777485122,245,16,NT
0,0,245,17,NT
69.39933757939885,2.7371050427004815,245,18,NT
687.4978777678015,4.262217225655918,246,15,T
444.3464050909173,2.9822760777485122,246,16,NT
0,0,246,17,NT
69.39933757939885,2.7371050427004815,246,18,NT
1503.5636120050003,3.282609678078781,247,15,T
2108.363937992854,1.0265328676915508,247,16,NT
2032.2858933847908,0.7628298812652707,247,17,NT
225.18091989304912,1.437407452875275,247,18,NT
1862.3448805913283,2.89648659863167,248,15,T
1941.60740095228,1.0035303413028143,248,16,NT
2032.2858933847733,0.7628298812652707,248,17,NT
185.88149356895008,1.46798085926756,248,18,NT
1038.7847574965606,2.485855606752027,249,15,T
678.797260548138,2.343580115787736,249,16,NT
0,0,249,17,NT
87.97182508592118,2.282443694024185,249,18,NT
1151.0232671338968,3.7279744847409924,25,15,T
1032.5829469671446,1.7003779108411725,25,16,NT
357.22823781839384,1.049776523515595,25,17,NT
132.45200603525174,1.8268054532804503,25,18,NT
218.0677484123972,4.49652603574817,250,15,T
223.2000155404425,4.1104273605607835,250,16,NT
0,0,250,17,NT
12.438586645951778,3.6295159803464276,250,18,NT
203.92752972421374,4.588758856120833,251,15,T
193.39541399873727,4.23023787908332,251,16,NT
0,0,251,17,NT
12.438586645951778,3.6295159803464276,251,18,NT
203.92752972421374,4.588758856120833,252,15,T
193.39541399873727,4.23023787908332,252,16,NT
0,0,252,17,NT
12.438586645951778,3.6295159803464276,252,18,NT
870.7370658968679,2.732734693258608,253,15,T
1125.3954700953134,1.6976229375357272,253,16,NT
702.200364036977,1.0583811534709253,253,17,NT
125.73648420699985,1.633858371260595,253,18,NT
870.7370658968679,2.732734693258608,254,15,T
1125.3954700953134,1.6976229375357272,254,16,NT
702.200364036977,1.0583811534709253,254,17,NT
125.73648420699985,1.633858371260595,254,18,NT
1254.6016336944097,3.948900834286898,255,15,T
898.3177916595293,1.766752103620384,255,16,NT
357.22823781699606,1.0497765235157457,255,17,NT
132.45200603528613,1.8268054532803943,255,18,NT
661.7122145392576,4.716668600609256,256,15,T
269.7499678195488,3.5676794992602976,256,16,NT
0,0,256,17,NT
38.6004081897362,2.9557462084664174,256,18,NT
1055.5593507088074,3.72466437993538,26,15,T
1125.3954700948843,1.697622937535566,26,16,NT
357.22823781721735,1.0497765235157552,26,17,NT
153.96397894785852,1.8552214133856086,26,18,NT
1055.5593507088074,3.72466437993538,27,15,T
1125.3954700948843,1.697622937535566,27,16,NT
357.22823781721735,1.0497765235157552,27,17,NT
153.96397894785852,1.8552214133856086,27,18,NT
618.3547177611094,4.414486885302935,28,15,T
308.5497800205526,3.553918898271774,28,16,NT
0,0,28,17,NT
45.5631977785074,3.0481646130630002,28,18,NT
657.7233907524392,2.943716470807319,29,15,T
444.34640507601614,2.9822760777373647,29,16,NT
0,0,29,17,NT
60.32122928156038,2.628355175780525,29,18,NT
1235.4412508921605,2.3528043542692427,3,15,T
620.1018942173284,2.364940314814808,3,16,NT
0,0,3,17,NT
87.97182508981842,2.2824436940335917,3,18,NT
657.7233907547588,2.9437164708064927,30,15,T
444.3464050909173,2.9822760777485122,30,16,NT
0,0,30,17,NT
64.88149799460584,2.6880565573534683,30,18,NT
9510.36872710508,1.019417862484951,31,15,T
2108.363937992036,1.0265328676915517,31,16,NT
2032.2858933846883,0.7628298812652676,31,17,NT
202.00831871306775,1.473192746066726,31,18,NT
4692.049359845236,1.281896582273314,32,15,T
1855.3463849393904,1.0447520166683144,32,16,NT
2203.321824754514,0.9342468703385056,32,17,NT
185.88149356895008,1.46798085926756,32,18,NT
551.08201415976,4.566712004777333,33,15,T
223.20001553984963,4.110427360560857,33,16,NT
0,0,33,17,NT
23.177323406875818,3.3912784726824183,33,18,NT
551.08201415976,4.566712004777333,34,15,T
223.20001553984963,4.110427360560857,34,16,NT
0,0,34,17,NT
23.177323406875818,3.3912784726824183,34,18,NT
793.823006426951,4.006450284075274,35,15,T
678.797260548138,2.343580115787736,35,16,NT
0,0,35,17,NT
104.59461118621098,2.3104220953483927,35,18,NT
819.8134191996983,4.03499143045417,36,15,T
642.6515147718607,2.3141810324810668,36,16,NT
0,0,36,17,NT
87.97182508592118,2.282443694024185,36,18,NT
551.08201415976,4.566712004777333,37,15,T
223.20001553984963,4.110427360560857,37,16,NT
0,0,37,17,NT
23.177323406875818,3.3912784726824183,37,18,NT
793.823006426951,4.006450284075274,38,15,T
678.797260548138,2.343580115787736,38,16,NT
0,0,38,17,NT
104.59461118621098,2.3104220953483927,38,18,NT
819.8134191996983,4.03499143045417,39,15,T
642.6515147718607,2.3141810324810668,39,16,NT
0,0,39,17,NT
87.97182508592118,2.282443694024185,39,18,NT
203.92752972421374,4.588758856120833,4,15,T
193.39541399873727,4.23023787908332,4,16,NT
0,0,4,17,NT
12.438586645951778,3.6295159803464276,4,18,NT
819.8134191996983,4.03499143045417,40,15,T
642.6515147718607,2.3141810324810668,40,16,NT
0,0,40,17,NT
87.97182508592118,2.282443694024185,40,18,NT
1038.7847574965606,2.485855606752027,41,15,T
678.797260548138,2.343580115787736,41,16,NT
0,0,41,17,NT
87.97182508592118,2.282443694024185,41,18,NT
218.0677484123972,4.49652603574817,42,15,T
223.2000155404425,4.1104273605607835,42,16,NT
0,0,42,17,NT
12.438586645951778,3.6295159803464276,42,18,NT
218.0677484123972,4.49652603574817,43,15,T
223.2000155404425,4.1104273605607835,43,16,NT
0,0,43,17,NT
12.438586645951778,3.729515980346425,43,18,NT
203.92752972421374,4.588758856120833,44,15,T
193.39541399873727,4.23023787908332,44,16,NT
0,0,44,17,NT
12.438586645951778,3.6295159803464276,44,18,NT
1055.5593507088074,3.72466437993538,45,15,T
1125.3954700948843,1.697622937535566,45,16,NT
357.22823781721735,1.0497765235157552,45,17,NT
153.96397894785852,1.8552214133856086,45,18,NT
1055.5593507088074,3.72466437993538,46,15,T
1125.3954700948843,1.697622937535566,46,16,NT
357.22823781721735,1.0497765235157552,46,17,NT
153.96397894785852,1.8552214133856086,46,18,NT
618.3547177611094,4.414486885302935,47,15,T
308.5497800205526,3.553918898271774,47,16,NT
0,0,47,17,NT
45.5631977785074,3.0481646130630002,47,18,NT
630.3767659721387,4.48844109186306,48,15,T
289.64801802527563,3.592548158954891,48,16,NT
0,0,48,17,NT
38.6004081897362,2.9557462084664174,48,18,NT
9510.36872710508,1.019417862484951,49,15,T
2108.363937992036,1.0265328676915517,49,16,NT
2032.2858933846883,0.7628298812652676,49,17,NT
202.00831871306775,1.473192746066726,49,18,NT
657.7233907524392,2.943716470807319,5,15,T
444.34640507601614,2.9822760777373647,5,16,NT
0,0,5,17,NT
60.32122928156038,2.628355175780525,5,18,NT
657.7233907547588,2.9437164708064927,50,15,T
444.3464050909173,2.9822760777485122,50,16,NT
0,0,50,17,NT
64.88149799460584,2.6880565573534683,50,18,NT
657.7233907524392,2.943716470807319,51,15,T
444.34640507601614,2.9822760777373647,51,16,NT
0,0,51,17,NT
64.88149799455331,2.688056557353463,51,18,NT
660.0319662465884,2.964335701915793,52,15,T
383.45139541546257,3.112464174496007,52,16,NT
0,0,52,17,NT
60.32122928169248,2.6283551757805057,52,18,NT
660.0319662465884,2.964335701915793,53,15,T
383.45139541546257,3.112464174496007,53,16,NT
0,0,53,17,NT
60.32122928169248,2.6283551757805057,53,18,NT
660.0319662465884,2.964335701915793,54,15,T
383.45139541546257,3.112464174496007,54,16,NT
0,0,54,17,NT
60.32122928169248,2.6283551757805057,54,18,NT
657.7233907524392,2.943716470807319,55,15,T
444.34640507601614,2.9822760777373647,55,16,NT
0,0,55,17,NT
60.32122928156038,2.628355175780525,55,18,NT
9510.368727083542,1.0194178624841872,56,15,T
2108.3639379922674,1.0265328676916319,56,16,NT
2032.2858933834714,0.7628298812652666,56,17,NT
185.88149356895008,1.46798085926756,56,18,NT
336.9016219046312,4.942071884704695,57,15,T
444.3464050909173,2.9822760777485122,57,16,NT
0,0,57,17,NT
50.70330529447496,2.708704989268262,57,18,NT
336.9016218748289,4.942071884682957,58,15,T
444.34640507601614,2.9822760777373647,58,16,NT
0,0,58,17,NT
50.70330529447496,2.708704989268262,58,18,NT
748.7590669684968,4.512787574979255,59,15,T
383.45139541546257,3.0124641744960092,59,16,NT
0,0,59,17,NT
60.32122928169248,2.6283551757805057,59,18,NT
9510.368727083542,1.0194178624841872,6,15,T
2108.3639379922674,1.0265328676916319,6,16,NT
2032.2858933834714,0.7628298812652666,6,17,NT
185.88149356895008,1.46798085926756,6,18,NT
2265.5403980949905,2.785832237040982,60,15,T
1639.966197031932,1.0707237581364821,60,16,NT
2032.2858933849266,0.7628298812652708,60,17,NT
185.88149356895008,1.46798085926756,60,18,NT
793.823006426951,4.006450284075274,61,15,T
678.797260548138,2.343580115787736,61,16,NT
0,0,61,17,NT
104.59461118621098,2.3104220953483927,61,18,NT
819.8134191996983,4.03499143045417,62,15,T
642.6515147718607,2.3141810324810668,62,16,NT
0,0,62,17,NT
87.97182508592118,2.282443694024185,62,18,NT
819.8134191996983,4.03499143045417,63,15,T
642.6515147718607,2.3141810324810668,63,16,NT
0,0,63,17,NT
87.97182508592118,2.282443694024185,63,18,NT
564.5100280550009,4.635693898475134,64,15,T
205.91386910362468,4.179735566771271,64,16,NT
0,0,64,17,NT
12.438586645020456,3.6295159803804204,64,18,NT
618.3547177611094,4.414486885302935,65,15,T
308.5497800205526,3.553918898271774,65,16,NT
0,0,65,17,NT
45.5631977785074,3.0481646130630002,65,18,NT
630.3767659721387,4.48844109186306,66,15,T
289.64801802527563,3.592548158954891,66,16,NT
0,0,66,17,NT
38.6004081897362,2.9557462084664174,66,18,NT
1151.0232671338968,3.7279744847409924,67,15,T
1032.5829469671446,1.7003779108411725,67,16,NT
357.22823781839384,1.049776523515595,67,17,NT
132.45200603525174,1.8268054532804503,67,18,NT
1151.0232671338968,3.7279744847409924,68,15,T
1032.5829469671446,1.7003779108411725,68,16,NT
357.22823781839384,1.049776523515595,68,17,NT
132.45200603525174,1.8268054532804503,68,18,NT
819.8134191996983,4.03499143045417,69,15,T
642.6515147718607,2.3141810324810668,69,16,NT
0,0,69,17,NT
87.97182508592118,2.282443694024185,69,18,NT
9510.368727106787,1.0194178624849355,7,15,T
2108.363937993337,1.0265328676913592,7,16,NT
2032.2858933846658,0.7628298812652929,7,17,NT
202.00831871306775,1.473192746066726,7,18,NT
819.8134191996983,4.03499143045417,70,15,T
642.6515147718607,2.3141810324810668,70,16,NT
0,0,70,17,NT
87.97182508592118,2.282443694024185,70,18,NT
793.823006426951,4.006450284075274,71,15,T
678.797260548138,2.343580115787736,71,16,NT
0,0,71,17,NT
104.59461118621098,2.3104220953483927,71,18,NT
551.08201415976,4.566712004777333,72,15,T
223.20001553984963,4.110427360560857,72,16,NT
0,0,72,17,NT
23.177323406875818,3.3912784726824183,72,18,NT
1055.5593507088074,3.72466437993538,73,15,T
1125.3954700948843,1.697622937535566,73,16,NT
357.22823781721735,1.0497765235157552,73,17,NT
153.96397894785852,1.8552214133856086,73,18,NT
1055.5593507088074,3.72466437993538,74,15,T
1125.3954700948843,1.697622937535566,74,16,NT
357.22823781721735,1.0497765235157552,74,17,NT
153.96397894785852,1.8552214133856086,74,18,NT
1151.0232671338968,3.7279744847409924,75,15,T
1032.5829469671446,1.7003779108411725,75,16,NT
357.22823781839384,1.049776523515595,75,17,NT
132.45200603525174,1.8268054532804503,75,18,NT
630.3767659721387,4.48844109186306,76,15,T
289.64801802527563,3.592548158954891,76,16,NT
0,0,76,17,NT
38.6004081897362,2.9557462084664174,76,18,NT
1151.0232671338968,3.7279744847409924,77,15,T
1032.5829469671446,1.7003779108411725,77,16,NT
357.22823781839384,1.049776523515595,77,17,NT
132.45200603525174,1.8268054532804503,77,18,NT
1151.0232671338968,3.7279744847409924,78,15,T
1032.5829469671446,1.7003779108411725,78,16,NT
357.22823781839384,1.049776523515595,78,17,NT
132.45200603525174,1.8268054532804503,78,18,NT
1055.5593507088074,3.72466437993538,79,15,T
1125.3954700948843,1.697622937535566,79,16,NT
357.22823781721735,1.0497765235157552,79,17,NT
153.96397894785852,1.8552214133856086,79,18,NT
4847.810363955258,1.3503395356631889,8,15,T
1855.3463849394075,1.0447520166682616,8,16,NT
2203.3218247545806,0.9342468703384939,8,17,NT
185.88149356895008,1.46798085926756,8,18,NT
618.3547177611094,4.414486885302935,80,15,T
308.5497800205526,3.553918898271774,80,16,NT
0,0,80,17,NT
45.5631977785074,3.0481646130630002,80,18,NT
660.0319662465884,2.964335701915793,81,15,T
383.45139541546257,3.112464174496007,81,16,NT
0,0,81,17,NT
60.32122928169248,2.6283551757805057,81,18,NT
590.15029924046,2.988416134166762,82,15,T
383.45139541546257,3.112464174496007,82,16,NT
0,0,82,17,NT
60.32122928156038,2.628355175780525,82,18,NT
657.7233907547588,2.9437164708064927,83,15,T
444.3464050909173,2.9822760777485122,83,16,NT
0,0,83,17,NT
64.88149799460584,2.6880565573534683,83,18,NT
9510.36872710508,1.019417862484951,84,15,T
2108.363937992036,1.0265328676915517,84,16,NT
2032.2858933846883,0.7628298812652676,84,17,NT
202.00831871306775,1.473192746066726,84,18,NT
3134.573430708939,1.670836018502401,85,15,T
1002.2426280097474,1.737036763163695,85,16,NT
689.7741793129886,1.1551382703920512,85,17,NT
132.45200603525174,1.8268054532804503,85,18,NT
4141.169971610353,1.4893776963421768,86,15,T
1125.3954700951556,1.6976229375356728,86,16,NT
357.2282378186611,1.0497765235155545,86,17,NT
143.5605752644543,1.8327060927112366,86,18,NT
4141.16997161092,1.4893776963421088,87,15,T
1125.3954700947615,1.6976229375356207,87,16,NT
357.22823781511266,1.0497765235156487,87,17,NT
132.45200603525174,1.8268054532804503,87,18,NT
295.0904744799014,3.969068974417633,88,15,T
308.5497800205526,3.553918898271774,88,16,NT
0,0,88,17,NT
38.6004081897362,2.9557462084664174,88,18,NT
1055.5593507088074,3.72466437993538,89,15,T
1125.3954700948843,1.697622937535566,89,16,NT
357.22823781721735,1.0497765235157552,89,17,NT
153.96397894785852,1.8552214133856086,89,18,NT
870.7370658947165,2.732734693256915,9,15,T
1125.395470096906,1.6976229375351053,9,16,NT
702.2003640385803,1.0583811534709255,9,17,NT
125.73648420699985,1.633858371260595,9,18,NT
618.3547177611094,4.414486885302935,90,15,T
308.5497800205526,3.553918898271774,90,16,NT
0,0,90,17,NT
45.5631977785074,3.0481646130630002,90,18,NT
618.3547177611094,4.414486885302935,91,15,T
308.5497800205526,3.553918898271774,91,16,NT
0,0,91,17,NT
45.5631977785074,3.0481646130630002,91,18,NT
630.3767659721387,4.48844109186306,92,15,T
289.64801802527563,3.592548158954891,92,16,NT
0,0,92,17,NT
38.6004081897362,2.9557462084664174,92,18,NT
748.7590669684968,4.512787574979255,93,15,T
383.45139541546257,3.0124641744960092,93,16,NT
0,0,93,17,NT
60.32122928169248,2.6283551757805057,93,18,NT
2265.5403980949905,2.785832237040982,94,15,T
1639.966197031932,1.0707237581364821,94,16,NT
2032.2858933849266,0.7628298812652708,94,17,NT
185.88149356895008,1.46798085926756,94,18,NT
2265.5403980949905,2.785832237040982,95,15,T
1639.966197031932,1.0707237581364821,95,16,NT
2032.2858933849266,0.7628298812652708,95,17,NT
185.88149356895008,1.46798085926756,95,18,NT
1536.5484245969697,1.833181542212435,96,15,T
2108.3639379933975,1.0265328676915255,96,16,NT
2346.031595428091,0.8174957831015843,96,17,NT
192.85060879200273,1.131930237228772,96,18,NT
793.823006426951,4.006450284075274,97,15,T
678.797260548138,2.343580115787736,97,16,NT
0,0,97,17,NT
104.59461118621098,2.3104220953483927,97,18,NT
793.823006426951,4.006450284075274,98,15,T
678.797260548138,2.343580115787736,98,16,NT
0,0,98,17,NT
104.59461118621098,2.3104220953483927,98,18,NT
551.08201415976,4.566712004777333,99,15,T
223.20001553984963,4.110427360560857,99,16,NT
0,0,99,17,NT
23.177323406875818,3.3912784726824183,99,18,NT
0,0,1,1,NT
32.32066968863414,3.666598278874678,1,2,NT
4.02555054883794,1.762962194268621,1,3,NT
39.8208462528185,2.3993714317940262,1,4,T
23.420767850245483,2.233578735080133,1,5,NT
335.2284732595506,1.969699935282018,1,6,T
0,0,1,7,T
11.904609676322107,1.9212841337524869,1,8,NT
0,0,1,9,NT
2.483613464208835,1.8948551634592261,1,10,NT
2195.52989319624,1.9854100508195063,1,11,T
0,0,1,12,NT
90.50337730717183,2.263932883624723,1,13,NT
2.526416940090884,2.27607817564423,1,14,NT
0,0,10,1,NT
22.646348981143724,4.131576528941304,10,2,NT
0,0,10,3,NT
15.886988739158465,2.8056217637238094,10,4,T
0,0,10,5,NT
90.72530740942986,3.770517471542309,10,6,T
0,0,10,7,T
0,0,10,8,NT
0,0,10,9,NT
0,0,10,10,NT
14.300039963479348,2.588178976467127,10,11,T
0,0,10,12,NT
30.828896789924745,3.3748536762806096,10,13,NT
0,0,10,14,NT
0,0,100,1,NT
18.922538927655012,4.280475000000861,100,2,NT
0,0,100,3,NT
0,0,100,4,T
0,0,100,5,NT
73.30033798861143,3.9237510734003878,100,6,T
0,0,100,7,T
0,0,100,8,NT
0,0,100,9,NT
0,0,100,10,NT
0,0,100,11,T
0,0,100,12,NT
21.367581316574586,3.699871598121216,100,13,NT
0,0,100,14,NT
0,0,101,1,NT
29.709197843871863,3.429781253829107,101,2,NT
0,0,101,3,NT
39.82084625468114,2.3993714317971935,101,4,T
2.098474221673355,1.501515193826684,101,5,NT
278.4662847018965,1.9955962665784366,101,6,T
0,0,101,7,T
5.737689426865861,1.988849042802535,101,8,NT
0,0,101,9,NT
2.697906848402395,1.9697929010242883,101,10,NT
282.4519947658181,2.035705766980529,101,11,T
0,0,101,12,NT
76.03561974430713,2.2454502043862394,101,13,NT
4.41078179551833,2.05018167786206,101,14,NT
0,0,102,1,NT
18.922538927655012,4.280475000000861,102,2,NT
0,0,102,3,NT
0,0,102,4,T
0,0,102,5,NT
73.30033798861143,3.9237510734003878,102,6,T
0,0,102,7,T
0,0,102,8,NT
0,0,102,9,NT
0,0,102,10,NT
0,0,102,11,T
0,0,102,12,NT
21.367581316574586,3.699871598121216,102,13,NT
0,0,102,14,NT
0,0,103,1,NT
18.922538927406322,4.280475000000861,103,2,NT
0,0,103,3,NT
0,0,103,4,T
0,0,103,5,NT
73.30033798791753,3.9237510733919514,103,6,T
0,0,103,7,T
0,0,103,8,NT
0,0,103,9,NT
0,0,103,10,NT
0,0,103,11,T
0,0,103,12,NT
21.367581316574586,3.699871598121216,103,13,NT
0,0,103,14,NT
0,0,104,1,NT
22.646348981127865,4.631576528941304,104,2,NT
0,0,104,3,NT
0,0,104,4,T
0,0,104,5,NT
74.62706161920347,4.016721536363384,104,6,T
0,0,104,7,T
0,0,104,8,NT
0,0,104,9,NT
0,0,104,10,NT
253.6413018263553,3.3861929779834306,104,11,T
0,0,104,12,NT
23.16551115619777,3.7402564544625596,104,13,NT
0,0,104,14,NT
0,0,105,1,NT
28.938643334275895,3.865452406443799,105,2,NT
0,0,105,3,NT
29.71738668264842,2.617261835301481,105,4,T
17.170448851021764,2.352906659305609,105,5,NT
147.6282353023387,3.344304529007662,105,6,T
0,0,105,7,T
3.982471050719047,2.402337869396,105,8,NT
0,0,105,9,NT
0,0,105,10,NT
414.99923928364507,2.9913259681279674,105,11,T
0,0,105,12,NT
50.94947287048869,2.958068148747445,105,13,NT
0,0,105,14,NT
91.83856585090683,0.617107407159668,106,1,NT
95.72365274716714,0.7252304726238504,106,2,NT
1840.4123425434193,0.722956982335113,106,3,NT
85.4120643736296,1.5956335236941293,106,4,T
138.2032827954547,0.8548307764774293,106,5,NT
837.633802074992,1.2671478033996912,106,6,T
98.12653587693191,0.6366332376715647,106,7,T
615.0719603498778,0.6204203967895382,106,8,NT
25.947828916884824,0.73430069637152,106,9,NT
7.793268182189118,1.403912248091,106,10,NT
8065.911566738647,1.254618267378167,106,11,T
121.02427695173557,0.6238687759147575,106,12,NT
1292.1937019243167,0.71440180525903,106,13,NT
274.28472120393167,0.5760796775991646,106,14,NT
91.83856585061281,0.617107407159668,107,1,NT
54.58197145137866,2.12171853385617,107,2,NT
7.96439005718911,0.863540941261437,107,3,NT
104.89509686524893,1.4848999488998433,107,4,T
35.836166983935144,1.592371874325,107,5,NT
768.6771329352066,1.2380645426347914,107,6,T
98.12653587693191,0.6366332376715647,107,7,T
267.1298247547815,0.7097397381773476,107,8,NT
25.947828916884824,0.73430069637152,107,9,NT
15.113489973084551,0.766663249834192,107,10,NT
1639.0563452211316,0.904588421148548,107,11,T
121.02427695173557,0.6238687759147575,107,12,NT
1085.7612044352556,0.653381983237495,107,13,NT
72.18376731643312,0.7726048209628933,107,14,NT
91.8385658505837,0.617107407159668,108,1,NT
54.58197145137866,2.12171853385617,108,2,NT
7.96439005718911,0.863540941261437,108,3,NT
104.89509686524893,1.4848999488998433,108,4,T
35.836166983935144,1.592371874325,108,5,NT
768.6771329351787,1.2380645426347907,108,6,T
98.12653587693191,0.6366332376715647,108,7,T
267.1298247544344,0.7097397381773884,108,8,NT
25.947828913159533,0.73430069637152,108,9,NT
15.113489973084551,0.766663249834192,108,10,NT
1639.0563452210777,0.9045884211485604,108,11,T
121.02427695173557,0.6238687759147575,108,12,NT
1085.7612044347231,0.653381983237495,108,13,NT
72.18376731643312,0.7726048209628933,108,14,NT
91.83856585090683,0.617107407159668,109,1,NT
95.72365274716714,0.7252304726238504,109,2,NT
1840.4123425434193,0.722956982335113,109,3,NT
85.4120643736296,1.5956335236941293,109,4,T
138.2032827954547,0.8548307764774293,109,5,NT
837.633802074992,1.2671478033996912,109,6,T
98.12653587693191,0.6366332376715647,109,7,T
615.0719603498778,0.6204203967895382,109,8,NT
25.947828916884824,0.73430069637152,109,9,NT
7.793268182189118,1.403912248091,109,10,NT
8065.911566738647,1.254618267378167,109,11,T
121.02427695173557,0.6238687759147575,109,12,NT
1292.1937019243167,0.71440180525903,109,13,NT
274.28472120393167,0.5760796775991646,109,14,NT
0,0,11,1,NT
22.646348981143724,4.131576528941304,11,2,NT
0,0,11,3,NT
15.886988739158465,2.8056217637238094,11,4,T
0,0,11,5,NT
90.72530741036118,3.7705174715502205,11,6,T
0,0,11,7,T
0,0,11,8,NT
0,0,11,9,NT
0,0,11,10,NT
14.300039963479348,2.588178976467127,11,11,T
0,0,11,12,NT
33.52496345084097,3.3869617070789735,11,13,NT
0,0,11,14,NT
91.8385658505837,0.617107407159668,110,1,NT
54.58197145137866,2.12171853385617,110,2,NT
7.96439005718911,0.863540941261437,110,3,NT
104.89509686524893,1.4848999488998433,110,4,T
35.836166983935144,1.592371874325,110,5,NT
768.6771329351787,1.2380645426347907,110,6,T
98.12653587693191,0.6366332376715647,110,7,T
267.1298247544344,0.7097397381773884,110,8,NT
25.947828913159533,0.73430069637152,110,9,NT
15.113489973084551,0.766663249834192,110,10,NT
1639.0563452210777,0.9045884211485604,110,11,T
121.02427695173557,0.6238687759147575,110,12,NT
1085.7612044347231,0.653381983237495,110,13,NT
72.18376731643312,0.7726048209628933,110,14,NT
91.83856585061281,0.617107407159668,111,1,NT
54.58197145137866,2.12171853385617,111,2,NT
7.96439005718911,0.863540941261437,111,3,NT
104.89509686524893,1.4848999488998433,111,4,T
35.836166983935144,1.592371874325,111,5,NT
768.6771329352066,1.2380645426347914,111,6,T
98.12653587693191,0.6366332376715647,111,7,T
267.1298247547815,0.7097397381773476,111,8,NT
25.947828916884824,0.73430069637152,111,9,NT
15.113489973084551,0.766663249834192,111,10,NT
1639.0563452211316,0.904588421148548,111,11,T
121.02427695173557,0.6238687759147575,111,12,NT
1085.7612044352556,0.653381983237495,111,13,NT
72.18376731643312,0.7726048209628933,111,14,NT
0,0,112,1,NT
27.4831412849046,3.8071580774908815,112,2,NT
0,0,112,3,NT
31.557935970411446,2.673085669265444,112,4,T
11.304625017575418,2.1442637898354677,112,5,NT
129.04517983884637,3.40391245816662,112,6,T
0,0,112,7,T
3.982471050719047,2.402337869396,112,8,NT
0,0,112,9,NT
2.012775272639052,2.314141917351982,112,10,NT
186.64779589293184,2.23058018034286,112,11,T
0,0,112,12,NT
45.897743087850735,2.9702471872789475,112,13,NT
0,0,112,14,NT
91.83856585061281,0.617107407159668,113,1,NT
46.063252450470394,2.4598121534947897,113,2,NT
1087.2397087314214,0.675942257343603,113,3,NT
85.4120643736296,1.5956335236941293,113,4,T
22.264614070125624,1.158143076307169,113,5,NT
768.6771329351787,1.2380645426347907,113,6,T
137.97758039509893,0.6481931008019713,113,7,T
275.8656894130669,0.7031554752857777,113,8,NT
39.1776901563381,0.653886386893191,113,9,NT
13.572196946087937,0.806013245247726,113,10,NT
1636.016194595279,0.9042923855917646,113,11,T
81.68549414723674,0.6011757881591867,113,12,NT
818.221563474624,0.612997837102039,113,13,NT
310.84394677187174,0.5989418099209651,113,14,NT
91.83856585061281,0.617107407159668,114,1,NT
46.063252450470394,2.4598121534947897,114,2,NT
1087.2397087314214,0.675942257343603,114,3,NT
85.4120643736296,1.5956335236941293,114,4,T
22.264614070125624,1.158143076307169,114,5,NT
768.6771329351426,1.23806454263479,114,6,T
98.12653587693191,0.6366332376715647,114,7,T
275.8656894121113,0.7031554752862526,114,8,NT
39.1776901563381,0.653886386893191,114,9,NT
13.572196946087937,0.806013245247726,114,10,NT
1636.016194596354,0.904292385591506,114,11,T
81.68549414744658,0.6011757881591439,114,12,NT
1083.3211305503376,0.653832538662968,114,13,NT
310.84394677187174,0.5989418099209651,114,14,NT
0,0,115,1,NT
27.01193506387417,3.763383974433983,115,2,NT
0,0,115,3,NT
29.71738668264069,2.6172618353014836,115,4,T
0,0,115,5,NT
129.04517983884637,3.40391245816662,115,6,T
0,0,115,7,T
3.982471050719047,2.402337869396,115,8,NT
0,0,115,9,NT
0,0,115,10,NT
186.64779589279172,2.2305801803428524,115,11,T
0,0,115,12,NT
45.897743091576025,2.970247187282422,115,13,NT
0,0,115,14,NT
0,0,116,1,NT
27.4831412849046,3.8071580774908815,116,2,NT
0,0,116,3,NT
29.71738668264069,2.6172618353014836,116,4,T
2.098474221673355,2.001515193826684,116,5,NT
111.19125558943172,3.4913344189126563,116,6,T
0,0,116,7,T
2.997623159792182,2.399672763778266,116,8,NT
0,0,116,9,NT
0,0,116,10,NT
350.2178043362191,3.156626189902651,116,11,T
0,0,116,12,NT
45.897743091576025,2.970247187282422,116,13,NT
2.18398916415771,2.823279927857527,116,14,NT
91.83856585090683,0.617107407159668,117,1,NT
95.72365274716714,0.7252304726238504,117,2,NT
1840.4123425434193,0.722956982335113,117,3,NT
85.4120643736296,1.5956335236941293,117,4,T
138.2032827954547,0.8548307764774293,117,5,NT
837.633802074992,1.2671478033996912,117,6,T
98.12653587693191,0.6366332376715647,117,7,T
615.0719603498778,0.6204203967895382,117,8,NT
25.947828916884824,0.73430069637152,117,9,NT
7.793268182189118,1.403912248091,117,10,NT
8065.911566738647,1.254618267378167,117,11,T
121.02427695173557,0.6238687759147575,117,12,NT
1292.1937019243167,0.71440180525903,117,13,NT
274.28472120393167,0.5760796775991646,117,14,NT
91.83856585061281,0.617107407159668,118,1,NT
54.58197145137866,2.12171853385617,118,2,NT
7.96439005718911,0.863540941261437,118,3,NT
104.89509686524893,1.4848999488998433,118,4,T
35.836166983935144,1.592371874325,118,5,NT
768.6771329352066,1.2380645426347914,118,6,T
98.12653587693191,0.6366332376715647,118,7,T
267.1298247547815,0.7097397381773476,118,8,NT
25.947828916884824,0.73430069637152,118,9,NT
15.113489973084551,0.766663249834192,118,10,NT
1639.0563452211316,0.904588421148548,118,11,T
121.02427695173557,0.6238687759147575,118,12,NT
1085.7612044352556,0.653381983237495,118,13,NT
72.18376731643312,0.7726048209628933,118,14,NT
0,0,119,1,NT
27.4831412849046,3.8071580774908815,119,2,NT
0,0,119,3,NT
31.557935970411446,2.673085669265444,119,4,T
11.304625017575418,2.1442637898354677,119,5,NT
129.04517983884637,3.40391245816662,119,6,T
0,0,119,7,T
3.982471050719047,2.402337869396,119,8,NT
0,0,119,9,NT
2.012775272639052,2.314141917351982,119,10,NT
186.64779589293184,2.23058018034286,119,11,T
0,0,119,12,NT
45.897743087850735,2.9702471872789475,119,13,NT
0,0,119,14,NT
0,0,12,1,NT
23.28821704457691,4.149161183621707,12,2,NT
0,0,12,3,NT
15.886988739158465,2.8056217637238094,12,4,T
0,0,12,5,NT
86.05834884239005,3.715745921546831,12,6,T
0,0,12,7,T
0,0,12,8,NT
0,0,12,9,NT
0,0,12,10,NT
302.52967521024163,3.2059114388583883,12,11,T
0,0,12,12,NT
33.52496345084097,3.3869617070789735,12,13,NT
0,0,12,14,NT
0,0,120,1,NT
27.4831412849046,3.8071580774908815,120,2,NT
0,0,120,3,NT
31.557935970411446,2.673085669265444,120,4,T
11.304625017575418,2.1442637898354677,120,5,NT
129.04517983884637,3.40391245816662,120,6,T
0,0,120,7,T
3.982471050719047,2.402337869396,120,8,NT
0,0,120,9,NT
2.012775272639052,2.314141917351982,120,10,NT
186.64779589293184,2.23058018034286,120,11,T
0,0,120,12,NT
45.897743087850735,2.9702471872789475,120,13,NT
0,0,120,14,NT
0,0,121,1,NT
21.875978493699847,4.058971090464487,121,2,NT
0,0,121,3,NT
15.886988739158465,2.8056217637238094,121,4,T
0,0,121,5,NT
90.72530740942986,3.770517471542309,121,6,T
0,0,121,7,T
0,0,121,8,NT
0,0,121,9,NT
0,0,121,10,NT
14.300039965341993,2.5881789764653176,121,11,T
0,0,121,12,NT
30.828896789924745,3.3748536762806096,121,13,NT
0,0,121,14,NT
2.269872129441358,1.048484969359986,122,1,NT
32.91973428019048,3.250118431349858,122,2,NT
4.796013046557503,1.271462273244016,122,3,NT
61.18263101760958,2.0101554233050254,122,4,T
15.114870096389087,1.2774508410177254,122,5,NT
492.83177794969777,1.5401521543739964,122,6,T
6.59477096852609,1.015717213353636,122,7,T
29.07487450437062,1.3497480660183399,122,8,NT
3.040886681663435,1.249720357875823,122,9,NT
3.853784611109345,1.770818855489367,122,10,NT
337.76254562997326,1.9536496052572707,122,11,T
14.300408023289602,1.050593903854781,122,12,NT
120.72520481088654,1.7740080077216827,122,13,NT
32.41400534793971,1.257468373265387,122,14,NT
0,0,123,1,NT
32.91973428019048,3.250118431349858,123,2,NT
4.796013046557503,1.271462273244016,123,3,NT
61.18263101760958,2.0101554233050254,123,4,T
15.114870094526442,1.277450841014038,123,5,NT
492.83177794888127,1.5401521543740788,123,6,T
6.594770966663445,1.015717213353636,123,7,T
29.074874503857814,1.349748066020088,123,8,NT
3.040886681663435,1.249720357875823,123,9,NT
3.853784611109345,1.770818855489367,123,10,NT
337.7625456281106,1.9536496052618408,123,11,T
14.300408023570004,1.0505939038546606,123,12,NT
120.72520481088654,1.7740080077216827,123,13,NT
32.41400534793971,1.257468373265387,123,14,NT
2.269872129441358,1.048484969359986,124,1,NT
39.2990157402008,3.2822130750059237,124,2,NT
4.796013046557503,1.271462273244016,124,3,NT
44.23190409515364,1.9021001414099112,124,4,T
11.304625015712773,1.1442637898337862,124,5,NT
538.1216234222001,1.605713206545569,124,6,T
2.226700621392459,1.085715825765245,124,7,T
36.738536180985115,1.3320000510062195,124,8,NT
9.5941423302816,1.205449865892867,124,9,NT
5.952166837766468,1.857457256089859,124,10,NT
1223.319049135483,1.8471600182301355,124,11,T
19.48054819773863,1.1104863741253324,124,12,NT
140.4588935308742,1.7152489192039457,124,13,NT
15.886712693821494,1.325120035261518,124,14,NT
0,0,125,1,NT
27.4831412849046,3.8071580774908815,125,2,NT
0,0,125,3,NT
29.71738668264069,2.6172618353014836,125,4,T
2.098474221673355,2.001515193826684,125,5,NT
111.19125558943172,3.4913344189126563,125,6,T
0,0,125,7,T
2.997623159792182,2.399672763778266,125,8,NT
0,0,125,9,NT
0,0,125,10,NT
350.2178043362191,3.156626189902651,125,11,T
0,0,125,12,NT
45.897743091576025,2.970247187282422,125,13,NT
2.18398916415771,2.823279927857527,125,14,NT
139.86939800486942,0.738590932299601,126,1,NT
54.58197145137866,2.12171853385617,126,2,NT
7.96439005718911,0.863540941261437,126,3,NT
85.4120643736296,1.5956335236941293,126,4,T
29.757613924995077,1.474247499503708,126,5,NT
710.8028821938041,1.2073726657502597,126,6,T
98.12653587693191,0.6366332376715647,126,7,T
154.55144872916725,0.6512370366939939,126,8,NT
25.947828916884824,0.73430069637152,126,9,NT
13.572196946087937,0.806013245247726,126,10,NT
1912.3440973467573,1.7601476881046187,126,11,T
46.15263180897247,0.696783150362764,126,12,NT
1083.3211305499856,0.653832538662968,126,13,NT
465.58714707396445,0.6333476641373508,126,14,NT
91.83856585061281,0.617107407159668,127,1,NT
46.063252450470394,2.4598121534947897,127,2,NT
1087.2397087314214,0.675942257343603,127,3,NT
85.4120643736296,1.5956335236941293,127,4,T
22.264614070125624,1.158143076307169,127,5,NT
768.6771329351787,1.2380645426347907,127,6,T
137.97758039509893,0.6481931008019713,127,7,T
275.8656894130669,0.7031554752857777,127,8,NT
39.1776901563381,0.653886386893191,127,9,NT
13.572196946087937,0.806013245247726,127,10,NT
1636.016194595279,0.9042923855917646,127,11,T
81.68549414723674,0.6011757881591867,127,12,NT
818.221563474624,0.612997837102039,127,13,NT
310.84394677187174,0.5989418099209651,127,14,NT
91.83856585061281,0.617107407159668,128,1,NT
46.063252450470394,2.4598121534947897,128,2,NT
1087.2397087314214,0.675942257343603,128,3,NT
85.4120643736296,1.5956335236941293,128,4,T
22.264614070125624,1.158143076307169,128,5,NT
768.6771329351426,1.23806454263479,128,6,T
98.12653587693191,0.6366332376715647,128,7,T
275.8656894121113,0.7031554752862526,128,8,NT
39.1776901563381,0.653886386893191,128,9,NT
13.572196946087937,0.806013245247726,128,10,NT
1636.016194596354,0.904292385591506,128,11,T
81.68549414744658,0.6011757881591439,128,12,NT
1083.3211305503376,0.653832538662968,128,13,NT
310.84394677187174,0.5989418099209651,128,14,NT
0,0,129,1,NT
29.709197843871863,3.429781253829107,129,2,NT
0,0,129,3,NT
39.82084625468114,2.3993714317971935,129,4,T
2.098474221673355,1.501515193826684,129,5,NT
278.46628470554236,1.9955962665719542,129,6,T
0,0,129,7,T
5.737689426865861,1.988849042802535,129,8,NT
0,0,129,9,NT
2.697906848402395,1.9697929010242883,129,10,NT
282.4519947658181,2.035705766980529,129,11,T
0,0,129,12,NT
76.03561974430713,2.2454502043862394,129,13,NT
4.41078179551833,2.05018167786206,129,14,NT
0,0,13,1,NT
27.01193506387417,3.763383974433983,13,2,NT
0,0,13,3,NT
29.71738668264069,2.6172618353014836,13,4,T
0,0,13,5,NT
129.04517983884637,3.40391245816662,13,6,T
0,0,13,7,T
3.982471050719047,2.402337869396,13,8,NT
0,0,13,9,NT
0,0,13,10,NT
186.64779589279172,2.2305801803428524,13,11,T
0,0,13,12,NT
45.897743091576025,2.970247187282422,13,13,NT
0,0,13,14,NT
0,0,130,1,NT
18.922538927406322,4.280475000000861,130,2,NT
0,0,130,3,NT
0,0,130,4,T
0,0,130,5,NT
73.30033798791753,3.9237510733919514,130,6,T
0,0,130,7,T
0,0,130,8,NT
0,0,130,9,NT
0,0,130,10,NT
0,0,130,11,T
0,0,130,12,NT
21.367581316574586,3.699871598121216,130,13,NT
0,0,130,14,NT
0,0,131,1,NT
21.875978493683988,4.558971090464487,131,2,NT
0,0,131,3,NT
0,0,131,4,T
0,0,131,5,NT
74.6270616201348,4.0167215363716515,131,6,T
0,0,131,7,T
0,0,131,8,NT
0,0,131,9,NT
0,0,131,10,NT
253.64130182542397,3.386192977983462,131,11,T
0,0,131,12,NT
23.16551115247248,3.7402564545214463,131,13,NT
0,0,131,14,NT
0,0,132,1,NT
22.646348981127865,4.631576528941304,132,2,NT
0,0,132,3,NT
0,0,132,4,T
0,0,132,5,NT
74.62706161920347,4.016721536363384,132,6,T
0,0,132,7,T
0,0,132,8,NT
0,0,132,9,NT
0,0,132,10,NT
253.6413018263553,3.3861929779834306,132,11,T
0,0,132,12,NT
23.16551115619777,3.7402564544625596,132,13,NT
0,0,132,14,NT
2.269872129441358,1.048484969359986,133,1,NT
37.157738052019226,3.409217101260642,133,2,NT
9.933717806474878,1.322301523772659,133,3,NT
61.18263101760958,2.0101554233050254,133,4,T
31.81227258173665,2.008215802055023,133,5,NT
538.1216234222001,1.605713206545569,133,6,T
6.594770966663445,1.015717213353636,133,7,T
44.70117806951413,1.3218045730032808,133,8,NT
6.93922294589945,1.255799218236568,133,9,NT
3.468645370458885,1.763561708667464,133,10,NT
7042.102874162071,1.3074859147500162,133,11,T
19.480548195875986,1.1104863741245898,133,12,NT
182.886151167318,1.4835356886989544,133,13,NT
10.834798902972086,1.3466347387143958,133,14,NT
2.269872129441358,1.048484969359986,134,1,NT
37.157738052019226,3.409217101260642,134,2,NT
9.933717806474878,1.322301523772659,134,3,NT
61.18263101760958,2.0101554233050254,134,4,T
31.81227258173665,2.008215802055023,134,5,NT
538.1216234222001,1.605713206545569,134,6,T
6.594770966663445,1.015717213353636,134,7,T
44.70117806951413,1.3218045730032808,134,8,NT
6.93922294589945,1.255799218236568,134,9,NT
3.468645370458885,1.763561708667464,134,10,NT
7042.102874162071,1.3074859147500162,134,11,T
19.480548195875986,1.1104863741245898,134,12,NT
182.886151167318,1.4835356886989544,134,13,NT
10.834798902972086,1.3466347387143958,134,14,NT
2.269872129441358,1.048484969359986,135,1,NT
35.10289536537864,3.316110724578872,135,2,NT
2.612207899037047,1.746924748165977,135,3,NT
65.29305241730012,2.0409618103102773,135,4,T
25.646824407789566,1.883270859674923,135,5,NT
492.83177794969777,1.5401521543739964,135,6,T
6.59477096852609,1.015717213353636,135,7,T
44.70117806955652,1.3218045730033638,135,8,NT
6.939222945894146,1.255799218236568,135,9,NT
6.594310923140197,1.88336716388762,135,10,NT
340.28831852989924,1.9481437383628148,135,11,T
19.480548195875986,1.1104863741245898,135,12,NT
140.4588935305736,1.7152489192043148,135,13,NT
15.886712693355832,1.3251200352585961,135,14,NT
0,0,136,1,NT
23.28821704457691,4.149161183621707,136,2,NT
0,0,136,3,NT
18.412853629183736,2.872360635777026,136,4,T
0,0,136,5,NT
90.72530740849854,3.770517471553282,136,6,T
0,0,136,7,T
0,0,136,8,NT
0,0,136,9,NT
0,0,136,10,NT
14.300039963945009,2.588178976468929,136,11,T
0,0,136,12,NT
33.52496345084097,3.3869617070789735,136,13,NT
0,0,136,14,NT
0,0,137,1,NT
32.32066968863414,3.666598278874678,137,2,NT
4.02555054883794,1.762962194268621,137,3,NT
39.8208462528185,2.3993714317940262,137,4,T
23.420767850245483,2.233578735080133,137,5,NT
335.2284732595506,1.969699935282018,137,6,T
0,0,137,7,T
11.904609676322107,1.9212841337524869,137,8,NT
0,0,137,9,NT
2.483613464208835,1.8948551634592261,137,10,NT
2195.52989319624,1.9854100508195063,137,11,T
0,0,137,12,NT
90.50337730717183,2.263932883624723,137,13,NT
2.526416940090884,2.27607817564423,137,14,NT
0,0,138,1,NT
32.32066968863414,3.666598278874678,138,2,NT
4.02555054883794,1.762962194268621,138,3,NT
39.8208462528185,2.3993714317940262,138,4,T
23.420767850245483,2.233578735080133,138,5,NT
335.2284732595506,1.969699935282018,138,6,T
0,0,138,7,T
11.904609676322107,1.9212841337524869,138,8,NT
0,0,138,9,NT
2.483613464208835,1.8948551634592261,138,10,NT
2195.52989319624,1.9854100508195063,138,11,T
0,0,138,12,NT
90.50337730717183,2.263932883624723,138,13,NT
2.526416940090884,2.27607817564423,138,14,NT
0,0,139,1,NT
21.105423990739553,4.50435680248567,139,2,NT
0,0,139,3,NT
0,0,139,4,T
0,0,139,5,NT
74.62706161902535,4.016721536363463,139,6,T
0,0,139,7,T
0,0,139,8,NT
0,0,139,9,NT
0,0,139,10,NT
228.29796639161947,3.331485707417277,139,11,T
0,0,139,12,NT
24.83466253761782,3.778240625253724,139,13,NT
0,0,139,14,NT
0,0,14,1,NT
27.4831412849046,3.8071580774908815,14,2,NT
0,0,14,3,NT
29.71738668264069,2.6172618353014836,14,4,T
2.098474221673355,2.001515193826684,14,5,NT
111.19125558943172,3.4913344189126563,14,6,T
0,0,14,7,T
2.997623159792182,2.399672763778266,14,8,NT
0,0,14,9,NT
0,0,14,10,NT
350.2178043362191,3.156626189902651,14,11,T
0,0,14,12,NT
45.897743091576025,2.970247187282422,14,13,NT
2.18398916415771,2.823279927857527,14,14,NT
0,0,140,1,NT
19.735620873878986,4.443134441063613,140,2,NT
0,0,140,3,NT
3.127137684569524,3.116602094796928,140,4,T
0,0,140,5,NT
73.30033798768011,3.9237510733920598,140,6,T
0,0,140,7,T
0,0,140,8,NT
0,0,140,9,NT
0,0,140,10,NT
0,0,140,11,T
0,0,140,12,NT
23.16551115619777,3.7402564544625596,140,13,NT
0,0,140,14,NT
0,0,141,1,NT
29.709197843871863,3.429781253829107,141,2,NT
0,0,141,3,NT
39.82084625468114,2.3993714317971935,141,4,T
2.098474221673355,1.501515193826684,141,5,NT
278.46628470554236,1.9955962665719542,141,6,T
0,0,141,7,T
5.737689426865861,1.988849042802535,141,8,NT
0,0,141,9,NT
2.697906848402395,1.9697929010242883,141,10,NT
282.4519947658181,2.035705766980529,141,11,T
0,0,141,12,NT
76.03561974430713,2.2454502043862394,141,13,NT
4.41078179551833,2.05018167786206,141,14,NT
0,0,142,1,NT
18.922538927406322,4.280475000000861,142,2,NT
0,0,142,3,NT
0,0,142,4,T
0,0,142,5,NT
73.30033798791753,3.9237510733919514,142,6,T
0,0,142,7,T
0,0,142,8,NT
0,0,142,9,NT
0,0,142,10,NT
0,0,142,11,T
0,0,142,12,NT
21.367581316574586,3.699871598121216,142,13,NT
0,0,142,14,NT
0,0,143,1,NT
18.922538927406322,4.280475000000861,143,2,NT
0,0,143,3,NT
0,0,143,4,T
0,0,143,5,NT
73.30033798757653,3.9237510733921064,143,6,T
0,0,143,7,T
0,0,143,8,NT
0,0,143,9,NT
0,0,143,10,NT
0,0,143,11,T
0,0,143,12,NT
21.367581316574586,3.699871598121216,143,13,NT
0,0,143,14,NT
0,0,144,1,NT
22.646348981127865,4.631576528941304,144,2,NT
0,0,144,3,NT
0,0,144,4,T
0,0,144,5,NT
74.62706161920347,4.016721536363384,144,6,T
0,0,144,7,T
0,0,144,8,NT
0,0,144,9,NT
0,0,144,10,NT
253.6413018263553,3.3861929779834306,144,11,T
0,0,144,12,NT
23.16551115619777,3.7402564544625596,144,13,NT
0,0,144,14,NT
3.68266273245853,1.094562467864147,145,1,NT
46.06325245078377,2.9598121534954944,145,2,NT
4.796013046557503,1.271462273244016,145,3,NT
44.23190409492081,1.9021001414145142,145,4,T
11.304625015712773,1.1442637898337862,145,5,NT
538.1216234214235,1.6057132065456345,145,6,T
2.226700621392459,1.085715825765245,145,7,T
36.73853618191644,1.3320000510045855,145,8,NT
9.5941423302816,1.205449865892867,145,9,NT
5.952166837766468,1.857457256089859,145,10,NT
1223.3190491359721,1.8471600182301449,145,11,T
19.480548195875986,1.1104863741245898,145,12,NT
140.4588935308742,1.7152489192039457,145,13,NT
15.886712693821494,1.325120035261518,145,14,NT
2.269872129441358,1.048484969359986,146,1,NT
32.91973428019048,3.250118431349858,146,2,NT
4.02555054883794,1.262962194268621,146,3,NT
61.18263101760958,2.0101554233050254,146,4,T
15.114870094526442,1.277450841014038,146,5,NT
492.83177794883613,1.540152154374057,146,6,T
6.594770966663445,1.015717213353636,146,7,T
29.07487450437062,1.3497480660183399,146,8,NT
3.040886681663435,1.249720357875823,146,9,NT
3.853784611109345,1.770818855489367,146,10,NT
337.7625456281106,1.9536496052618408,146,11,T
14.300408023570004,1.0505939038546606,146,12,NT
120.72520481088654,1.7740080077216827,146,13,NT
32.41400534793971,1.257468373265387,146,14,NT
0,0,147,1,NT
21.875978493683988,4.058971090464487,147,2,NT
0,0,147,3,NT
15.886988738692803,2.8056217637203265,147,4,T
0,0,147,5,NT
90.72530741036118,3.7705174715502205,147,6,T
0,0,147,7,T
0,0,147,8,NT
0,0,147,9,NT
0,0,147,10,NT
14.300039963479348,2.588178976467127,147,11,T
0,0,147,12,NT
30.828896789924745,3.3748536762806096,147,13,NT
0,0,147,14,NT
0,0,148,1,NT
21.875978493699847,4.058971090464487,148,2,NT
0,0,148,3,NT
15.886988739158465,2.8056217637238094,148,4,T
0,0,148,5,NT
90.72530740942986,3.770517471542309,148,6,T
0,0,148,7,T
0,0,148,8,NT
0,0,148,9,NT
0,0,148,10,NT
14.300039965341993,2.5881789764653176,148,11,T
0,0,148,12,NT
30.828896789924745,3.3748536762806096,148,13,NT
0,0,148,14,NT
0,0,149,1,NT
23.28821704457691,4.149161183621707,149,2,NT
0,0,149,3,NT
18.412853629183736,2.872360635777026,149,4,T
0,0,149,5,NT
90.72530740849854,3.770517471553282,149,6,T
0,0,149,7,T
0,0,149,8,NT
0,0,149,9,NT
0,0,149,10,NT
14.300039963479348,2.588178976467127,149,11,T
0,0,149,12,NT
33.52496345084097,3.3869617070789735,149,13,NT
0,0,149,14,NT
139.86939800486942,0.738590932299601,15,1,NT
54.58197145137866,2.12171853385617,15,2,NT
7.96439005718911,0.863540941261437,15,3,NT
85.4120643736296,1.5956335236941293,15,4,T
29.75761392487866,1.474247499503708,15,5,NT
710.8028822260518,1.2073726657505703,15,6,T
98.1265358762602,0.636633237671504,15,7,T
154.55144872916725,0.6512370366939939,15,8,NT
25.947828916884824,0.73430069637152,15,9,NT
13.572196946087937,0.806013245247726,15,10,NT
1912.3440972864503,1.76014768810354,15,11,T
46.15263180152189,0.6967831503612992,15,12,NT
1083.3211305502284,0.653832538662968,15,13,NT
465.5871470740861,0.6333476641373397,15,14,NT
0,0,150,1,NT
25.000999992108476,4.233134511241886,150,2,NT
0,0,150,3,NT
15.886988738692803,2.8056217637203265,150,4,T
5.52367205988428,2.5673049613258625,150,5,NT
94.57835597191493,3.844435781055243,150,6,T
0,0,150,7,T
0,0,150,8,NT
0,0,150,9,NT
0,0,150,10,NT
304.5423584705652,3.201711768520613,150,11,T
0,0,150,12,NT
35.10841587957251,3.4434180663633693,150,13,NT
0,0,150,14,NT
2.269872129441358,1.048484969359986,151,1,NT
37.157738052019226,3.409217101260642,151,2,NT
9.933717806474878,1.322301523772659,151,3,NT
61.18263101760958,2.0101554233050254,151,4,T
31.81227258173665,2.008215802055023,151,5,NT
538.1216234222001,1.605713206545569,151,6,T
6.594770966663445,1.015717213353636,151,7,T
44.70117806951413,1.3218045730032808,151,8,NT
6.93922294589945,1.255799218236568,151,9,NT
3.468645370458885,1.763561708667464,151,10,NT
7042.102874162071,1.3074859147500162,151,11,T
19.480548195875986,1.1104863741245898,151,12,NT
182.886151167318,1.4835356886989544,151,13,NT
10.834798902972086,1.3466347387143958,151,14,NT
2.269872129441358,1.048484969359986,152,1,NT
37.157738052019226,3.409217101260642,152,2,NT
9.933717806474878,1.322301523772659,152,3,NT
61.18263101760958,2.0101554233050254,152,4,T
31.81227258173665,2.008215802055023,152,5,NT
538.1216234222001,1.605713206545569,152,6,T
6.594770966663445,1.015717213353636,152,7,T
44.70117806951413,1.3218045730032808,152,8,NT
6.93922294589945,1.255799218236568,152,9,NT
3.468645370458885,1.763561708667464,152,10,NT
7042.102874162071,1.3074859147500162,152,11,T
19.480548195875986,1.1104863741245898,152,12,NT
182.886151167318,1.4835356886989544,152,13,NT
10.834798902972086,1.3466347387143958,152,14,NT
0,0,153,1,NT
25.000999992108476,4.233134511241886,153,2,NT
0,0,153,3,NT
15.886988738692803,2.8056217637203265,153,4,T
5.52367205988428,2.5673049613258625,153,5,NT
94.57835597191493,3.844435781055243,153,6,T
0,0,153,7,T
0,0,153,8,NT
0,0,153,9,NT
0,0,153,10,NT
304.5423584705652,3.201711768520613,153,11,T
0,0,153,12,NT
35.10841587957251,3.4434180663633693,153,13,NT
0,0,153,14,NT
0,0,154,1,NT
25.000999992108476,4.233134511241886,154,2,NT
0,0,154,3,NT
15.886988738692803,2.8056217637203265,154,4,T
5.52367205988428,2.5673049613258625,154,5,NT
94.57835597191493,3.844435781055243,154,6,T
0,0,154,7,T
0,0,154,8,NT
0,0,154,9,NT
0,0,154,10,NT
304.5423584705652,3.201711768520613,154,11,T
0,0,154,12,NT
35.10841587957251,3.4434180663633693,154,13,NT
0,0,154,14,NT
2.269872129441358,1.048484969359986,155,1,NT
37.157738052019226,3.409217101260642,155,2,NT
9.933717806474878,1.322301523772659,155,3,NT
61.18263101760958,2.0101554233050254,155,4,T
31.81227258173665,2.008215802055023,155,5,NT
538.1216234222001,1.605713206545569,155,6,T
6.594770966663445,1.015717213353636,155,7,T
44.70117806951413,1.3218045730032808,155,8,NT
6.93922294589945,1.255799218236568,155,9,NT
3.468645370458885,1.763561708667464,155,10,NT
7042.102874162071,1.3074859147500162,155,11,T
19.480548195875986,1.1104863741245898,155,12,NT
182.886151167318,1.4835356886989544,155,13,NT
10.834798902972086,1.3466347387143958,155,14,NT
2.269872129441358,1.048484969359986,156,1,NT
35.10289536537864,3.316110724578872,156,2,NT
2.612207899037047,1.746924748165977,156,3,NT
65.2930524163688,2.0409618103209817,156,4,T
25.646824407789566,1.883270859674923,156,5,NT
492.83177794888127,1.5401521543740788,156,6,T
6.59477096852609,1.015717213353636,156,7,T
44.70117806955652,1.3218045730033638,156,8,NT
6.939222945941824,1.255799218236568,156,9,NT
6.594310923140197,1.88336716388762,156,10,NT
340.28831852989924,1.9481437383628148,156,11,T
19.48054819773863,1.1104863741253324,156,12,NT
140.4588935308742,1.7152489192039457,156,13,NT
15.886712693355832,1.3251200352585961,156,14,NT
0,0,157,1,NT
30.822272139826563,3.570047031892825,157,2,NT
0,0,157,3,NT
39.82084625468114,2.3993714317971935,157,4,T
13.444706610244802,1.7081027185388407,157,5,NT
212.18792444143085,2.0690191914993403,157,6,T
0,0,157,7,T
5.737689426865861,1.988849042802535,157,8,NT
0,0,157,9,NT
2.997623160374983,2.0008672936218592,157,10,NT
884.0439176355362,2.367940460350496,157,11,T
0,0,157,12,NT
83.82640369583177,2.237180849466181,157,13,NT
4.41078179551833,2.05018167786206,157,14,NT
0,0,158,1,NT
30.822272139826563,3.570047031892825,158,2,NT
0,0,158,3,NT
39.82084625468114,2.3993714317971935,158,4,T
15.114870096389087,1.7774508410177254,158,5,NT
212.18792444138222,2.0690191914993523,158,6,T
0,0,158,7,T
5.737689426865861,1.988849042802535,158,8,NT
0,0,158,9,NT
2.997623160374983,2.0008672936218592,158,10,NT
884.0439176355362,2.367940460350496,158,11,T
0,0,158,12,NT
83.82640369583177,2.237180849466181,158,13,NT
4.41078179551833,2.05018167786206,158,14,NT
0,0,159,1,NT
19.735620873630296,4.443134441063613,159,2,NT
0,0,159,3,NT
0,0,159,4,T
0,0,159,5,NT
71.67399003513138,3.8334955355888694,159,6,T
0,0,159,7,T
0,0,159,8,NT
0,0,159,9,NT
0,0,159,10,NT
228.29796639164675,3.3314857074173037,159,11,T
0,0,159,12,NT
23.16551115247248,3.7402564545214463,159,13,NT
0,0,159,14,NT
139.86939800486942,0.738590932299601,16,1,NT
54.58197145137866,2.12171853385617,16,2,NT
7.96439005718911,0.863540941261437,16,3,NT
85.4120643736296,1.5956335236941293,16,4,T
29.757613924995077,1.474247499503708,16,5,NT
710.8028821938041,1.2073726657502597,16,6,T
98.12653587693191,0.6366332376715647,16,7,T
154.55144872916725,0.6512370366939939,16,8,NT
25.947828916884824,0.73430069637152,16,9,NT
13.572196946087937,0.806013245247726,16,10,NT
1912.3440973467573,1.7601476881046187,16,11,T
46.15263180897247,0.696783150362764,16,12,NT
1083.3211305499856,0.653832538662968,16,13,NT
465.58714707396445,0.6333476641373508,16,14,NT
0,0,160,1,NT
19.39300907833899,4.356322978093058,160,2,NT
0,0,160,3,NT
0,0,160,4,T
0,0,160,5,NT
73.30033798876033,3.9237510734003194,160,6,T
0,0,160,7,T
0,0,160,8,NT
0,0,160,9,NT
0,0,160,10,NT
0,0,160,11,T
0,0,160,12,NT
21.367581316574586,3.699871598121216,160,13,NT
0,0,160,14,NT
0,0,161,1,NT
19.735620873878986,4.443134441063613,161,2,NT
0,0,161,3,NT
3.127137684569524,3.116602094796928,161,4,T
0,0,161,5,NT
73.30033798850785,3.9237510734004344,161,6,T
0,0,161,7,T
0,0,161,8,NT
0,0,161,9,NT
0,0,161,10,NT
0,0,161,11,T
0,0,161,12,NT
23.16551115619777,3.7402564544625596,161,13,NT
0,0,161,14,NT
0,0,162,1,NT
21.105423990739553,4.50435680248567,162,2,NT
0,0,162,3,NT
0,0,162,4,T
0,0,162,5,NT
74.62706161902535,4.016721536363463,162,6,T
0,0,162,7,T
0,0,162,8,NT
0,0,162,9,NT
0,0,162,10,NT
228.29796639161947,3.331485707417277,162,11,T
0,0,162,12,NT
24.83466253761782,3.778240625253724,162,13,NT
0,0,162,14,NT
0,0,163,1,NT
21.105423990739553,4.50435680248567,163,2,NT
0,0,163,3,NT
0,0,163,4,T
0,0,163,5,NT
74.62706161902535,4.016721536363463,163,6,T
0,0,163,7,T
0,0,163,8,NT
0,0,163,9,NT
0,0,163,10,NT
228.29796639161947,3.331485707417277,163,11,T
0,0,163,12,NT
24.83466253761782,3.778240625253724,163,13,NT
0,0,163,14,NT
0,0,164,1,NT
32.32066968863414,3.666598278874678,164,2,NT
4.02555054883794,1.762962194268621,164,3,NT
39.8208462528185,2.3993714317940262,164,4,T
23.420767850245483,2.233578735080133,164,5,NT
335.2284732595506,1.969699935282018,164,6,T
0,0,164,7,T
11.904609676322107,1.9212841337524869,164,8,NT
0,0,164,9,NT
2.483613464208835,1.8948551634592261,164,10,NT
2195.52989319624,1.9854100508195063,164,11,T
0,0,164,12,NT
90.50337730717183,2.263932883624723,164,13,NT
2.526416940090884,2.27607817564423,164,14,NT
0,0,165,1,NT
33.861962712078984,3.804924730963652,165,2,NT
0,0,165,3,NT
31.557935970411446,2.1730856692654434,165,4,T
0,0,165,5,NT
335.22847325853905,1.969699935281446,165,6,T
0,0,165,7,T
8.435688282411249,1.970143785179647,165,8,NT
0,0,165,9,NT
2.997623160374983,2.0008672936218592,165,10,NT
920.1274284607903,2.448117111788983,165,11,T
0,0,165,12,NT
83.82640369583177,2.237180849466181,165,13,NT
3.426025928173202,1.990935186322051,165,14,NT
0,0,166,1,NT
29.709197843871863,3.429781253829107,166,2,NT
0,0,166,3,NT
39.82084625468114,2.3993714317971935,166,4,T
2.098474221673355,1.501515193826684,166,5,NT
278.46628470554236,1.9955962665719542,166,6,T
0,0,166,7,T
5.737689426865861,1.988849042802535,166,8,NT
0,0,166,9,NT
2.697906848402395,1.9697929010242883,166,10,NT
282.4519947658181,2.035705766980529,166,11,T
0,0,166,12,NT
76.03561974430713,2.2454502043862394,166,13,NT
4.41078179551833,2.05018167786206,166,14,NT
0,0,167,1,NT
18.922538927406322,4.280475000000861,167,2,NT
0,0,167,3,NT
0,0,167,4,T
0,0,167,5,NT
73.30033798757653,3.9237510733921064,167,6,T
0,0,167,7,T
0,0,167,8,NT
0,0,167,9,NT
0,0,167,10,NT
0,0,167,11,T
0,0,167,12,NT
21.367581316574586,3.699871598121216,167,13,NT
0,0,167,14,NT
0,0,168,1,NT
18.922538927406322,4.280475000000861,168,2,NT
0,0,168,3,NT
0,0,168,4,T
0,0,168,5,NT
73.30033798791753,3.9237510733919514,168,6,T
0,0,168,7,T
0,0,168,8,NT
0,0,168,9,NT
0,0,168,10,NT
0,0,168,11,T
0,0,168,12,NT
21.367581316574586,3.699871598121216,168,13,NT
0,0,168,14,NT
2.269872129441358,1.048484969359986,169,1,NT
37.157738052019226,3.409217101260642,169,2,NT
9.933717806474878,1.322301523772659,169,3,NT
61.18263101760958,2.0101554233050254,169,4,T
31.81227258173665,2.008215802055023,169,5,NT
538.1216234222001,1.605713206545569,169,6,T
6.594770966663445,1.015717213353636,169,7,T
44.70117806951413,1.3218045730032808,169,8,NT
6.93922294589945,1.255799218236568,169,9,NT
3.468645370458885,1.763561708667464,169,10,NT
7042.102874162071,1.3074859147500162,169,11,T
19.480548195875986,1.1104863741245898,169,12,NT
182.886151167318,1.4835356886989544,169,13,NT
10.834798902972086,1.3466347387143958,169,14,NT
0,0,17,1,NT
29.709197843871863,3.929781253829107,17,2,NT
0,0,17,3,NT
18.412853629183736,2.3723606357770266,17,4,T
0,0,17,5,NT
147.6282353023163,3.344304529007794,17,6,T
0,0,17,7,T
3.340050937292615,2.416036115652183,17,8,NT
0,0,17,9,NT
0,0,17,10,NT
363.1043175585522,3.235492503301795,17,11,T
0,0,17,12,NT
45.897743087850735,2.9702471872789475,17,13,NT
0,0,17,14,NT
2.269872129441358,1.048484969359986,170,1,NT
35.10289536537864,3.316110724578872,170,2,NT
2.612207899037047,1.746924748165977,170,3,NT
65.2930524163688,2.0409618103209817,170,4,T
25.646824407789566,1.883270859674923,170,5,NT
492.83177794888127,1.5401521543740788,170,6,T
6.59477096852609,1.015717213353636,170,7,T
44.70117806955652,1.3218045730033638,170,8,NT
6.939222945941824,1.255799218236568,170,9,NT
6.594310923140197,1.88336716388762,170,10,NT
340.28831852989924,1.9481437383628148,170,11,T
19.48054819773863,1.1104863741253324,170,12,NT
140.4588935308742,1.7152489192039457,170,13,NT
15.886712693355832,1.3251200352585961,170,14,NT
0,0,171,1,NT
23.28821704457691,4.149161183621707,171,2,NT
0,0,171,3,NT
18.412853629183736,2.872360635777026,171,4,T
0,0,171,5,NT
90.72530740849854,3.770517471553282,171,6,T
0,0,171,7,T
0,0,171,8,NT
0,0,171,9,NT
0,0,171,10,NT
14.300039963479348,2.588178976467127,171,11,T
0,0,171,12,NT
33.52496345084097,3.3869617070789735,171,13,NT
0,0,171,14,NT
0,0,172,1,NT
23.28821704457691,4.149161183621707,172,2,NT
0,0,172,3,NT
18.412853629183736,2.872360635777026,172,4,T
0,0,172,5,NT
90.72530740849854,3.770517471553282,172,6,T
0,0,172,7,T
0,0,172,8,NT
0,0,172,9,NT
0,0,172,10,NT
14.300039963945009,2.588178976468929,172,11,T
0,0,172,12,NT
33.52496345084097,3.3869617070789735,172,13,NT
0,0,172,14,NT
0,0,173,1,NT
32.91973428019048,3.750118431349858,173,2,NT
0,0,173,3,NT
31.557935970411446,2.1730856692654434,173,4,T
0,0,173,5,NT
335.22847325853905,1.969699935281446,173,6,T
0,0,173,7,T
8.435688282411249,1.970143785179647,173,8,NT
0,0,173,9,NT
2.997623160374983,2.0008672936218592,173,10,NT
920.1274284607903,2.448117111788983,173,11,T
0,0,173,12,NT
83.82640369583177,2.237180849466181,173,13,NT
3.426025928173202,1.990935186322051,173,14,NT
0,0,174,1,NT
33.861962712078984,3.804924730963652,174,2,NT
0,0,174,3,NT
31.557935970411446,2.1730856692654434,174,4,T
0,0,174,5,NT
335.22847325853905,1.969699935281446,174,6,T
0,0,174,7,T
8.435688282411249,1.970143785179647,174,8,NT
0,0,174,9,NT
2.997623160374983,2.0008672936218592,174,10,NT
920.1274284607903,2.448117111788983,174,11,T
0,0,174,12,NT
83.82640369583177,2.237180849466181,174,13,NT
3.426025928173202,1.990935186322051,174,14,NT
0,0,175,1,NT
29.709197843871863,3.429781253829107,175,2,NT
0,0,175,3,NT
39.82084625468114,2.3993714317971935,175,4,T
2.098474221673355,1.501515193826684,175,5,NT
278.46628470554236,1.9955962665719542,175,6,T
0,0,175,7,T
5.737689426865861,1.988849042802535,175,8,NT
0,0,175,9,NT
2.697906848402395,1.9697929010242883,175,10,NT
282.4519947658181,2.035705766980529,175,11,T
0,0,175,12,NT
76.03561974430713,2.2454502043862394,175,13,NT
4.41078179551833,2.05018167786206,175,14,NT
0,0,176,1,NT
18.922538927406322,4.280475000000861,176,2,NT
0,0,176,3,NT
0,0,176,4,T
0,0,176,5,NT
73.30033798757653,3.9237510733921064,176,6,T
0,0,176,7,T
0,0,176,8,NT
0,0,176,9,NT
0,0,176,10,NT
0,0,176,11,T
0,0,176,12,NT
21.367581316574586,3.699871598121216,176,13,NT
0,0,176,14,NT
2.269872129441358,1.048484969359986,177,1,NT
35.10289536537864,3.316110724578872,177,2,NT
2.612207899037047,1.746924748165977,177,3,NT
65.2930524163688,2.0409618103209817,177,4,T
25.646824407789566,1.883270859674923,177,5,NT
492.83177794888127,1.5401521543740788,177,6,T
6.59477096852609,1.015717213353636,177,7,T
44.70117806955652,1.3218045730033638,177,8,NT
6.939222945941824,1.255799218236568,177,9,NT
6.594310923140197,1.88336716388762,177,10,NT
340.28831852989924,1.9481437383628148,177,11,T
19.48054819773863,1.1104863741253324,177,12,NT
140.4588935308742,1.7152489192039457,177,13,NT
15.886712693355832,1.3251200352585961,177,14,NT
2.269872129441358,1.048484969359986,178,1,NT
35.10289536537864,3.316110724578872,178,2,NT
2.612207899037047,1.746924748165977,178,3,NT
65.29305241730012,2.0409618103102773,178,4,T
25.646824407789566,1.883270859674923,178,5,NT
492.83177794969777,1.5401521543739964,178,6,T
6.59477096852609,1.015717213353636,178,7,T
44.70117806955652,1.3218045730033638,178,8,NT
6.939222945894146,1.255799218236568,178,9,NT
6.594310923140197,1.88336716388762,178,10,NT
340.28831852989924,1.9481437383628148,178,11,T
19.480548195875986,1.1104863741245898,178,12,NT
140.4588935305736,1.7152489192043148,178,13,NT
15.886712693355832,1.3251200352585961,178,14,NT
0,0,179,1,NT
23.28821704457691,4.149161183621707,179,2,NT
0,0,179,3,NT
18.412853629183736,2.872360635777026,179,4,T
0,0,179,5,NT
90.72530740849854,3.770517471553282,179,6,T
0,0,179,7,T
0,0,179,8,NT
0,0,179,9,NT
0,0,179,10,NT
14.300039963945009,2.588178976468929,179,11,T
0,0,179,12,NT
33.52496345084097,3.3869617070789735,179,13,NT
0,0,179,14,NT
91.8385658505837,0.617107407159668,18,1,NT
121.62242152066867,0.7094994527605932,18,2,NT
0,0,18,3,NT
65.29305241727317,1.5409618103238578,18,4,T
19.78210469840568,1.0036796532623413,18,5,NT
837.6338020749589,1.2671478033996908,18,6,T
62.67817631763703,0.656599149502789,18,7,T
214.35636399841178,0.6783064441626919,18,8,NT
39.17769015630235,0.653886386893191,18,9,NT
13.572196946422688,0.806013245247726,18,10,NT
2303.9428283990546,1.7218346109119436,18,11,T
121.02427695173557,0.6238687759147575,18,12,NT
1083.321130550715,0.653832538662968,18,13,NT
72.18376731270783,0.7726048209594234,18,14,NT
0,0,180,1,NT
25.000999992108476,4.233134511241886,180,2,NT
0,0,180,3,NT
15.886988738692803,2.8056217637203265,180,4,T
5.52367205988428,2.5673049613258625,180,5,NT
94.57835597191493,3.844435781055243,180,6,T
0,0,180,7,T
0,0,180,8,NT
0,0,180,9,NT
0,0,180,10,NT
304.5423584705652,3.201711768520613,180,11,T
0,0,180,12,NT
35.10841587957251,3.4434180663633693,180,13,NT
0,0,180,14,NT
0,0,181,1,NT
30.222655486666397,4.008385397801559,181,2,NT
0,0,181,3,NT
18.412853629183736,2.3723606357770266,181,4,T
0,0,181,5,NT
147.6282353023163,3.344304529007794,181,6,T
0,0,181,7,T
3.340050937292615,2.416036115652183,181,8,NT
0,0,181,9,NT
0,0,181,10,NT
363.1043175585522,3.235492503301795,181,11,T
0,0,181,12,NT
45.897743087850735,2.9702471872789475,181,13,NT
0,0,181,14,NT
114.22671367604309,0.674986064542789,182,1,NT
168.07044529452492,0.6942226914810468,182,2,NT
0,0,182,3,NT
65.29305241727317,1.5409618103238578,182,4,T
19.78210469840568,1.0036796532623413,182,5,NT
837.6338020747362,1.267147803399687,182,6,T
62.67817631746695,0.656599149502789,182,7,T
214.35636399641436,0.6783064441632699,182,8,NT
39.17769015630235,0.653886386893191,182,9,NT
13.572196946087937,0.806013245247726,182,10,NT
2303.9428283832062,1.72183461091984,182,11,T
121.02427695173557,0.6238687759147575,182,12,NT
1083.3211305514033,0.653832538662968,182,13,NT
72.18376731643312,0.7726048209628933,182,14,NT
91.8385658505837,0.617107407159668,183,1,NT
121.62242152066867,0.7094994527605932,183,2,NT
0,0,183,3,NT
65.29305241727317,1.5409618103238578,183,4,T
19.78210469840568,1.0036796532623413,183,5,NT
837.6338020749589,1.2671478033996908,183,6,T
62.67817631763703,0.656599149502789,183,7,T
214.35636399841178,0.6783064441626919,183,8,NT
39.17769015630235,0.653886386893191,183,9,NT
13.572196946422688,0.806013245247726,183,10,NT
2303.9428283990546,1.7218346109119436,183,11,T
121.02427695173557,0.6238687759147575,183,12,NT
1083.321130550715,0.653832538662968,183,13,NT
72.18376731270783,0.7726048209594234,183,14,NT
24.74997575419057,0.579695600882459,184,1,NT
39.2990157402008,2.782213075005924,184,2,NT
0,0,184,3,NT
85.4120643736296,1.5956335236941293,184,4,T
22.264614070125624,1.158143076307169,184,5,NT
768.6771329351486,1.23806454263479,184,6,T
98.12653587693191,0.6366332376715647,184,7,T
154.55144872916725,0.6512370366939939,184,8,NT
19.440136966755013,0.737762034847311,184,9,NT
9.078016414542704,1.236125964432713,184,10,NT
1636.0161945934933,0.904292385592071,184,11,T
81.68549414723674,0.6011757881591867,184,12,NT
818.2215634748161,0.612997837102039,184,13,NT
465.5871470702122,0.6333476641377965,184,14,NT
0,0,185,1,NT
26.19958921217458,3.754762343014288,185,2,NT
0,0,185,3,NT
29.71738668264069,2.6172618353014836,185,4,T
0,0,185,5,NT
129.0451798391813,3.4039124581667615,185,6,T
0,0,185,7,T
2.997623159792182,2.399672763778266,185,8,NT
0,0,185,9,NT
0,0,185,10,NT
186.64779589665713,2.2305801803468195,185,11,T
0,0,185,12,NT
43.243191763416156,2.9568498781900194,185,13,NT
2.18398916415771,2.823279927857527,185,14,NT
0,0,186,1,NT
30.222655486666397,4.008385397801559,186,2,NT
0,0,186,3,NT
18.412853629183736,2.3723606357770266,186,4,T
0,0,186,5,NT
147.6282353023387,3.344304529007662,186,6,T
0,0,186,7,T
3.340050937292615,2.416036115652183,186,8,NT
0,0,186,9,NT
0,0,186,10,NT
363.10431755863954,3.235492503301582,186,11,T
0,0,186,12,NT
45.897743087850735,2.9702471872789475,186,13,NT
0,0,186,14,NT
0,0,187,1,NT
29.709197843871863,3.929781253829107,187,2,NT
0,0,187,3,NT
18.412853629183736,2.3723606357770266,187,4,T
0,0,187,5,NT
147.6282353023163,3.344304529007794,187,6,T
0,0,187,7,T
3.340050937292615,2.416036115652183,187,8,NT
0,0,187,9,NT
0,0,187,10,NT
363.1043175585522,3.235492503301795,187,11,T
0,0,187,12,NT
45.897743087850735,2.9702471872789475,187,13,NT
0,0,187,14,NT
91.8385658505837,0.617107407159668,188,1,NT
121.62242152066867,0.7094994527605932,188,2,NT
0,0,188,3,NT
65.29305241727317,1.5409618103238578,188,4,T
19.78210469840568,1.0036796532623413,188,5,NT
837.6338020749589,1.2671478033996908,188,6,T
62.67817631763703,0.656599149502789,188,7,T
214.35636399841178,0.6783064441626919,188,8,NT
39.17769015630235,0.653886386893191,188,9,NT
13.572196946422688,0.806013245247726,188,10,NT
2303.9428283990546,1.7218346109119436,188,11,T
121.02427695173557,0.6238687759147575,188,12,NT
1083.321130550715,0.653832538662968,188,13,NT
72.18376731270783,0.7726048209594234,188,14,NT
0,0,189,1,NT
30.822272139826563,3.570047031892825,189,2,NT
0,0,189,3,NT
44.2319040951846,2.4021001414099956,189,4,T
19.782104700268324,2.003679653262772,189,5,NT
278.46628470554236,1.9955962665719542,189,6,T
0,0,189,7,T
11.904609677253429,1.9212841337447575,189,8,NT
0,0,189,9,NT
3.168837047075554,2.092478655673322,189,10,NT
282.4519947658181,2.035705766980529,189,11,T
0,0,189,12,NT
83.82640369583177,2.237180849466181,189,13,NT
3.426025928173202,1.990935186322051,189,14,NT
114.22671367604309,0.674986064542789,19,1,NT
168.07044529452492,0.6942226914810468,19,2,NT
0,0,19,3,NT
65.29305241727317,1.5409618103238578,19,4,T
19.78210469840568,1.0036796532623413,19,5,NT
837.6338020747362,1.267147803399687,19,6,T
62.67817631746695,0.656599149502789,19,7,T
214.35636399641436,0.6783064441632699,19,8,NT
39.17769015630235,0.653886386893191,19,9,NT
13.572196946087937,0.806013245247726,19,10,NT
2303.9428283832062,1.72183461091984,19,11,T
121.02427695173557,0.6238687759147575,19,12,NT
1083.3211305514033,0.653832538662968,19,13,NT
72.18376731643312,0.7726048209628933,19,14,NT
0,0,190,1,NT
32.32066968863414,3.666598278874678,190,2,NT
4.02555054883794,1.762962194268621,190,3,NT
39.82084625468114,2.3993714317971935,190,4,T
23.420767850245483,2.233578735080133,190,5,NT
335.22847325869276,1.9696999352812612,190,6,T
0,0,190,7,T
11.904609677253429,1.9212841337447575,190,8,NT
0,0,190,9,NT
2.483613464208835,1.8948551634592261,190,10,NT
2195.5298932279975,1.985410050816393,190,11,T
0,0,190,12,NT
90.50337730717183,2.263932883624723,190,13,NT
2.526416941022207,2.27607817564423,190,14,NT
0,0,191,1,NT
21.105423990739553,4.50435680248567,191,2,NT
0,0,191,3,NT
0,0,191,4,T
0,0,191,5,NT
74.62706161902535,4.016721536363463,191,6,T
0,0,191,7,T
0,0,191,8,NT
0,0,191,9,NT
0,0,191,10,NT
228.29796639161947,3.331485707417277,191,11,T
0,0,191,12,NT
24.83466253761782,3.778240625253724,191,13,NT
0,0,191,14,NT
0,0,192,1,NT
21.105423990739553,4.50435680248567,192,2,NT
0,0,192,3,NT
0,0,192,4,T
0,0,192,5,NT
74.62706161902535,4.016721536363463,192,6,T
0,0,192,7,T
0,0,192,8,NT
0,0,192,9,NT
0,0,192,10,NT
228.29796639161947,3.331485707417277,192,11,T
0,0,192,12,NT
24.83466253761782,3.778240625253724,192,13,NT
0,0,192,14,NT
0,0,193,1,NT
32.32066968863414,3.666598278874678,193,2,NT
4.02555054883794,1.762962194268621,193,3,NT
39.8208462528185,2.3993714317940262,193,4,T
23.420767850245483,2.233578735080133,193,5,NT
335.2284732595506,1.969699935282018,193,6,T
0,0,193,7,T
11.904609676322107,1.9212841337524869,193,8,NT
0,0,193,9,NT
2.483613464208835,1.8948551634592261,193,10,NT
2195.52989319624,1.9854100508195063,193,11,T
0,0,193,12,NT
90.50337730717183,2.263932883624723,193,13,NT
2.526416940090884,2.27607817564423,193,14,NT
0,0,194,1,NT
30.822272139826563,3.570047031892825,194,2,NT
0,0,194,3,NT
44.2319040951846,2.4021001414099956,194,4,T
19.782104700268324,2.003679653262772,194,5,NT
278.4662847018965,1.9955962665784366,194,6,T
0,0,194,7,T
11.904609677253429,1.9212841337447575,194,8,NT
0,0,194,9,NT
3.168837047075554,2.092478655673322,194,10,NT
282.4519947658181,2.035705766980529,194,11,T
0,0,194,12,NT
83.82640369583177,2.237180849466181,194,13,NT
3.426025928173202,1.990935186322051,194,14,NT
0,0,195,1,NT
30.822272139826563,3.570047031892825,195,2,NT
0,0,195,3,NT
44.2319040951846,2.4021001414099956,195,4,T
19.782104700268324,2.003679653262772,195,5,NT
278.46628470554236,1.9955962665719542,195,6,T
0,0,195,7,T
11.904609677253429,1.9212841337447575,195,8,NT
0,0,195,9,NT
3.168837047075554,2.092478655673322,195,10,NT
282.4519947658181,2.035705766980529,195,11,T
0,0,195,12,NT
83.82640369583177,2.237180849466181,195,13,NT
3.426025928173202,1.990935186322051,195,14,NT
0,0,196,1,NT
19.735620873878986,4.443134441063613,196,2,NT
0,0,196,3,NT
3.127137684569524,3.116602094796928,196,4,T
0,0,196,5,NT
73.30033798850785,3.9237510734004344,196,6,T
0,0,196,7,T
0,0,196,8,NT
0,0,196,9,NT
0,0,196,10,NT
0,0,196,11,T
0,0,196,12,NT
23.16551115619777,3.7402564544625596,196,13,NT
0,0,196,14,NT
2.269872129441358,1.048484969359986,197,1,NT
32.91973428019048,3.250118431349858,197,2,NT
4.796013046557503,1.271462273244016,197,3,NT
61.182631017637014,2.0101554233040755,197,4,T
15.114870094526442,1.277450841014038,197,5,NT
492.83177794888127,1.5401521543740788,197,6,T
6.59477096852609,1.015717213353636,197,7,T
29.074874503439297,1.3497480660230894,197,8,NT
3.040886681663435,1.249720357875823,197,9,NT
3.853784611109345,1.770818855489367,197,10,NT
337.7625456281106,1.9536496052618408,197,11,T
14.300408023289602,1.050593903854781,197,12,NT
120.72520481108582,1.774008007722054,197,13,NT
32.41400534803617,1.257468373265212,197,14,NT
2.269872129441358,1.048484969359986,198,1,NT
32.91973428019048,3.250118431349858,198,2,NT
4.02555054883794,1.262962194268621,198,3,NT
61.18263101760958,2.0101554233050254,198,4,T
15.114870094526442,1.277450841014038,198,5,NT
492.83177794883613,1.540152154374057,198,6,T
6.594770966663445,1.015717213353636,198,7,T
29.07487450437062,1.3497480660183399,198,8,NT
3.040886681663435,1.249720357875823,198,9,NT
3.853784611109345,1.770818855489367,198,10,NT
337.7625456281106,1.9536496052618408,198,11,T
14.300408023570004,1.0505939038546606,198,12,NT
120.72520481088654,1.7740080077216827,198,13,NT
32.41400534793971,1.257468373265387,198,14,NT
0,0,199,1,NT
21.875978493683988,4.058971090464487,199,2,NT
0,0,199,3,NT
15.886988738692803,2.8056217637203265,199,4,T
0,0,199,5,NT
90.72530741036118,3.7705174715502205,199,6,T
0,0,199,7,T
0,0,199,8,NT
0,0,199,9,NT
0,0,199,10,NT
14.300039963479348,2.588178976467127,199,11,T
0,0,199,12,NT
30.828896789924745,3.3748536762806096,199,13,NT
0,0,199,14,NT
0,0,2,1,NT
30.822272139826563,3.570047031892825,2,2,NT
0,0,2,3,NT
44.2319040951846,2.4021001414099956,2,4,T
19.782104700268324,2.003679653262772,2,5,NT
278.4662847018965,1.9955962665784366,2,6,T
0,0,2,7,T
11.904609677253429,1.9212841337447575,2,8,NT
0,0,2,9,NT
3.168837047075554,2.092478655673322,2,10,NT
282.4519947658181,2.035705766980529,2,11,T
0,0,2,12,NT
83.82640369583177,2.237180849466181,2,13,NT
3.426025928173202,1.990935186322051,2,14,NT
91.83856585097533,0.617107407159668,20,1,NT
39.2990157402008,2.782213075005924,20,2,NT
0,0,20,3,NT
85.4120643736296,1.5956335236941293,20,4,T
22.264614070125624,1.158143076307169,20,5,NT
768.6771329354513,1.238064542634812,20,6,T
98.12653587693191,0.6366332376715647,20,7,T
154.55144872916725,0.6512370366939939,20,8,NT
19.440136966755013,0.737762034847311,20,9,NT
9.078016414542704,1.236125964432713,20,10,NT
1636.0161945928414,0.9042923855922265,20,11,T
81.68549414758627,0.6011757881591153,20,12,NT
818.2215634749102,0.612997837102039,20,13,NT
465.5871470702122,0.6333476641377965,20,14,NT
0,0,200,1,NT
27.01193506387417,4.263383974433983,200,2,NT
0,0,200,3,NT
3.127137684569524,2.616602094796928,200,4,T
0,0,200,5,NT
94.57835597191493,3.844435781055243,200,6,T
0,0,200,7,T
0,0,200,8,NT
0,0,200,9,NT
0,0,200,10,NT
311.0483023673822,3.298003893518859,200,11,T
0,0,200,12,NT
33.52496345084097,3.3869617070789735,200,13,NT
0,0,200,14,NT
0,0,201,1,NT
29.709197843871863,3.429781253829107,201,2,NT
0,0,201,3,NT
39.82084625468114,2.3993714317971935,201,4,T
2.098474221673355,1.501515193826684,201,5,NT
278.46628470554236,1.9955962665719542,201,6,T
0,0,201,7,T
5.737689426865861,1.988849042802535,201,8,NT
0,0,201,9,NT
2.697906848402395,1.9697929010242883,201,10,NT
282.4519947658181,2.035705766980529,201,11,T
0,0,201,12,NT
76.03561974430713,2.2454502043862394,201,13,NT
4.41078179551833,2.05018167786206,201,14,NT
0,0,202,1,NT
29.709197843871863,3.429781253829107,202,2,NT
0,0,202,3,NT
39.82084625468114,2.3993714317971935,202,4,T
2.098474221673355,1.501515193826684,202,5,NT
278.4662847018965,1.9955962665784366,202,6,T
0,0,202,7,T
5.737689426865861,1.988849042802535,202,8,NT
0,0,202,9,NT
2.697906848402395,1.9697929010242883,202,10,NT
282.4519947658181,2.035705766980529,202,11,T
0,0,202,12,NT
76.03561974430713,2.2454502043862394,202,13,NT
4.41078179551833,2.05018167786206,202,14,NT
0,0,203,1,NT
18.922538927655012,4.280475000000861,203,2,NT
0,0,203,3,NT
0,0,203,4,T
0,0,203,5,NT
73.30033798861143,3.9237510734003878,203,6,T
0,0,203,7,T
0,0,203,8,NT
0,0,203,9,NT
0,0,203,10,NT
0,0,203,11,T
0,0,203,12,NT
21.367581316574586,3.699871598121216,203,13,NT
0,0,203,14,NT
0,0,204,1,NT
21.875978493683988,4.558971090464487,204,2,NT
0,0,204,3,NT
0,0,204,4,T
0,0,204,5,NT
74.6270616201348,4.0167215363716515,204,6,T
0,0,204,7,T
0,0,204,8,NT
0,0,204,9,NT
0,0,204,10,NT
253.64130182542397,3.386192977983462,204,11,T
0,0,204,12,NT
23.16551115247248,3.7402564545214463,204,13,NT
0,0,204,14,NT
0,0,205,1,NT
21.105423990739553,4.50435680248567,205,2,NT
0,0,205,3,NT
0,0,205,4,T
0,0,205,5,NT
74.62706161902535,4.016721536363463,205,6,T
0,0,205,7,T
0,0,205,8,NT
0,0,205,9,NT
0,0,205,10,NT
228.29796639161947,3.331485707417277,205,11,T
0,0,205,12,NT
24.83466253761782,3.778240625253724,205,13,NT
0,0,205,14,NT
0,0,206,1,NT
21.105423990739553,4.50435680248567,206,2,NT
0,0,206,3,NT
0,0,206,4,T
0,0,206,5,NT
74.62706161902535,4.016721536363463,206,6,T
0,0,206,7,T
0,0,206,8,NT
0,0,206,9,NT
0,0,206,10,NT
228.29796639161947,3.331485707417277,206,11,T
0,0,206,12,NT
24.83466253761782,3.778240625253724,206,13,NT
0,0,206,14,NT
0,0,207,1,NT
32.32066968863414,3.666598278874678,207,2,NT
4.02555054883794,1.762962194268621,207,3,NT
39.8208462528185,2.3993714317940262,207,4,T
23.420767850245483,2.233578735080133,207,5,NT
335.2284732595506,1.969699935282018,207,6,T
0,0,207,7,T
11.904609676322107,1.9212841337524869,207,8,NT
0,0,207,9,NT
2.483613464208835,1.8948551634592261,207,10,NT
2195.52989319624,1.9854100508195063,207,11,T
0,0,207,12,NT
90.50337730717183,2.263932883624723,207,13,NT
2.526416940090884,2.27607817564423,207,14,NT
0,0,208,1,NT
30.822272139826563,3.570047031892825,208,2,NT
0,0,208,3,NT
44.2319040951846,2.4021001414099956,208,4,T
19.782104700268324,2.003679653262772,208,5,NT
278.4662847018965,1.9955962665784366,208,6,T
0,0,208,7,T
11.904609677253429,1.9212841337447575,208,8,NT
0,0,208,9,NT
3.168837047075554,2.092478655673322,208,10,NT
282.4519947658181,2.035705766980529,208,11,T
0,0,208,12,NT
83.82640369583177,2.237180849466181,208,13,NT
3.426025928173202,1.990935186322051,208,14,NT
0,0,209,1,NT
22.646348981143724,4.131576528941304,209,2,NT
0,0,209,3,NT
15.886988739158465,2.8056217637238094,209,4,T
0,0,209,5,NT
90.72530741036118,3.7705174715502205,209,6,T
0,0,209,7,T
0,0,209,8,NT
0,0,209,9,NT
0,0,209,10,NT
14.300039963479348,2.588178976467127,209,11,T
0,0,209,12,NT
33.52496345084097,3.3869617070789735,209,13,NT
0,0,209,14,NT
2.269872129441358,1.048484969359986,21,1,NT
37.157738052019226,3.409217101260642,21,2,NT
9.933717806474878,1.322301523772659,21,3,NT
61.18263101760958,2.0101554233050254,21,4,T
31.81227258173665,2.008215802055023,21,5,NT
538.1216234222001,1.605713206545569,21,6,T
6.594770966663445,1.015717213353636,21,7,T
44.70117806951413,1.3218045730032808,21,8,NT
6.93922294589945,1.255799218236568,21,9,NT
3.468645370458885,1.763561708667464,21,10,NT
7042.102874162071,1.3074859147500162,21,11,T
19.480548195875986,1.1104863741245898,21,12,NT
182.886151167318,1.4835356886989544,21,13,NT
10.834798902972086,1.3466347387143958,21,14,NT
0,0,210,1,NT
23.28821704457691,4.149161183621707,210,2,NT
0,0,210,3,NT
15.886988739158465,2.8056217637238094,210,4,T
0,0,210,5,NT
86.05834884239005,3.715745921546831,210,6,T
0,0,210,7,T
0,0,210,8,NT
0,0,210,9,NT
0,0,210,10,NT
302.52967521024163,3.2059114388583883,210,11,T
0,0,210,12,NT
33.52496345084097,3.3869617070789735,210,13,NT
0,0,210,14,NT
0,0,211,1,NT
23.28821704457691,4.149161183621707,211,2,NT
0,0,211,3,NT
15.886988739158465,2.8056217637238094,211,4,T
0,0,211,5,NT
86.05834884239005,3.715745921546831,211,6,T
0,0,211,7,T
0,0,211,8,NT
0,0,211,9,NT
0,0,211,10,NT
302.52967521024163,3.2059114388583883,211,11,T
0,0,211,12,NT
33.52496345084097,3.3869617070789735,211,13,NT
0,0,211,14,NT
8.050181010816075,1.0749559804626627,212,1,NT
35.10289536537864,3.316110724578872,212,2,NT
2.612207899037047,1.746924748165977,212,3,NT
61.18263101670569,2.01015542330167,212,4,T
22.264614070125624,1.658143076307169,212,5,NT
453.7973108174152,1.470279785775853,212,6,T
6.59477096852609,1.015717213353636,212,7,T
29.074874503904958,1.349748066020336,212,8,NT
6.939222945894146,1.255799218236568,212,9,NT
5.952166837766468,1.857457256089859,212,10,NT
1152.4716661673917,1.7703652398341403,212,11,T
5.610383141142625,1.031834986968295,212,12,NT
140.4588935308742,1.7152489192039457,212,13,NT
32.41400534793971,1.257468373265387,212,14,NT
0,0,213,1,NT
19.735620873878986,4.443134441063613,213,2,NT
0,0,213,3,NT
3.127137684569524,3.116602094796928,213,4,T
0,0,213,5,NT
73.30033798850785,3.9237510734004344,213,6,T
0,0,213,7,T
0,0,213,8,NT
0,0,213,9,NT
0,0,213,10,NT
0,0,213,11,T
0,0,213,12,NT
23.16551115619777,3.7402564544625596,213,13,NT
0,0,213,14,NT
0,0,214,1,NT
19.735620873878986,4.443134441063613,214,2,NT
0,0,214,3,NT
3.127137684569524,3.116602094796928,214,4,T
0,0,214,5,NT
73.30033798768011,3.9237510733920598,214,6,T
0,0,214,7,T
0,0,214,8,NT
0,0,214,9,NT
0,0,214,10,NT
0,0,214,11,T
0,0,214,12,NT
23.16551115619777,3.7402564544625596,214,13,NT
0,0,214,14,NT
0,0,215,1,NT
30.822272139826563,3.570047031892825,215,2,NT
0,0,215,3,NT
44.2319040951846,2.4021001414099956,215,4,T
19.782104700268324,2.003679653262772,215,5,NT
278.4662847018965,1.9955962665784366,215,6,T
0,0,215,7,T
11.904609677253429,1.9212841337447575,215,8,NT
0,0,215,9,NT
3.168837047075554,2.092478655673322,215,10,NT
282.4519947658181,2.035705766980529,215,11,T
0,0,215,12,NT
83.82640369583177,2.237180849466181,215,13,NT
3.426025928173202,1.990935186322051,215,14,NT
0,0,216,1,NT
32.32066968863414,3.666598278874678,216,2,NT
4.02555054883794,1.762962194268621,216,3,NT
39.8208462528185,2.3993714317940262,216,4,T
23.420767850245483,2.233578735080133,216,5,NT
335.2284732595506,1.969699935282018,216,6,T
0,0,216,7,T
11.904609676322107,1.9212841337524869,216,8,NT
0,0,216,9,NT
2.483613464208835,1.8948551634592261,216,10,NT
2195.52989319624,1.9854100508195063,216,11,T
0,0,216,12,NT
90.50337730717183,2.263932883624723,216,13,NT
2.526416940090884,2.27607817564423,216,14,NT
0,0,217,1,NT
27.01193506387417,4.263383974433983,217,2,NT
0,0,217,3,NT
3.127137684569524,2.616602094796928,217,4,T
0,0,217,5,NT
94.57835597191493,3.844435781055243,217,6,T
0,0,217,7,T
0,0,217,8,NT
0,0,217,9,NT
0,0,217,10,NT
311.0483023673822,3.298003893518859,217,11,T
0,0,217,12,NT
33.52496345084097,3.3869617070789735,217,13,NT
0,0,217,14,NT
3.68266273245853,1.094562467864147,218,1,NT
46.06325245078377,2.9598121534954944,218,2,NT
4.796013046557503,1.271462273244016,218,3,NT
44.23190409492081,1.9021001414145142,218,4,T
11.304625015712773,1.1442637898337862,218,5,NT
538.1216234214235,1.6057132065456345,218,6,T
2.226700621392459,1.085715825765245,218,7,T
36.73853618191644,1.3320000510045855,218,8,NT
9.5941423302816,1.205449865892867,218,9,NT
5.952166837766468,1.857457256089859,218,10,NT
1223.3190491359721,1.8471600182301449,218,11,T
19.480548195875986,1.1104863741245898,218,12,NT
140.4588935308742,1.7152489192039457,218,13,NT
15.886712693821494,1.325120035261518,218,14,NT
2.269872129441358,1.048484969359986,219,1,NT
39.2990157402008,3.2822130750059237,219,2,NT
4.796013046557503,1.271462273244016,219,3,NT
44.23190409515364,1.9021001414099112,219,4,T
11.304625015712773,1.1442637898337862,219,5,NT
538.1216234222001,1.605713206545569,219,6,T
2.226700621392459,1.085715825765245,219,7,T
36.738536180985115,1.3320000510062195,219,8,NT
9.5941423302816,1.205449865892867,219,9,NT
5.952166837766468,1.857457256089859,219,10,NT
1223.319049135483,1.8471600182301355,219,11,T
19.48054819773863,1.1104863741253324,219,12,NT
140.4588935308742,1.7152489192039457,219,13,NT
15.886712693821494,1.325120035261518,219,14,NT
2.269872129441358,1.048484969359986,22,1,NT
37.157738052019226,3.409217101260642,22,2,NT
9.933717806474878,1.322301523772659,22,3,NT
61.18263101760958,2.0101554233050254,22,4,T
31.81227258173665,2.008215802055023,22,5,NT
538.1216234222001,1.605713206545569,22,6,T
6.594770966663445,1.015717213353636,22,7,T
44.70117806951413,1.3218045730032808,22,8,NT
6.93922294589945,1.255799218236568,22,9,NT
3.468645370458885,1.763561708667464,22,10,NT
7042.102874162071,1.3074859147500162,22,11,T
19.480548195875986,1.1104863741245898,22,12,NT
182.886151167318,1.4835356886989544,22,13,NT
10.834798902972086,1.3466347387143958,22,14,NT
2.269872129441358,1.048484969359986,220,1,NT
32.91973428019048,3.250118431349858,220,2,NT
4.796013046557503,1.271462273244016,220,3,NT
61.182631017637014,2.0101554233040755,220,4,T
15.114870094526442,1.277450841014038,220,5,NT
492.83177794888127,1.5401521543740788,220,6,T
6.59477096852609,1.015717213353636,220,7,T
29.074874503439297,1.3497480660230894,220,8,NT
3.040886681663435,1.249720357875823,220,9,NT
3.853784611109345,1.770818855489367,220,10,NT
337.7625456281106,1.9536496052618408,220,11,T
14.300408023289602,1.050593903854781,220,12,NT
120.72520481108582,1.774008007722054,220,13,NT
32.41400534803617,1.257468373265212,220,14,NT
91.83856585090683,0.617107407159668,221,1,NT
95.72365274716714,0.7252304726238504,221,2,NT
1840.4123425434193,0.722956982335113,221,3,NT
85.4120643736296,1.5956335236941293,221,4,T
138.2032827954547,0.8548307764774293,221,5,NT
837.633802074992,1.2671478033996912,221,6,T
98.12653587693191,0.6366332376715647,221,7,T
615.0719603498778,0.6204203967895382,221,8,NT
25.947828916884824,0.73430069637152,221,9,NT
7.793268182189118,1.403912248091,221,10,NT
8065.911566738647,1.254618267378167,221,11,T
121.02427695173557,0.6238687759147575,221,12,NT
1292.1937019243167,0.71440180525903,221,13,NT
274.28472120393167,0.5760796775991646,221,14,NT
0,0,222,1,NT
28.938643334275895,3.865452406443799,222,2,NT
0,0,222,3,NT
29.71738668264842,2.617261835301481,222,4,T
17.170448851021764,2.352906659305609,222,5,NT
147.6282353023387,3.344304529007662,222,6,T
0,0,222,7,T
3.982471050719047,2.402337869396,222,8,NT
0,0,222,9,NT
0,0,222,10,NT
414.99923928364507,2.9913259681279674,222,11,T
0,0,222,12,NT
50.94947287048869,2.958068148747445,222,13,NT
0,0,222,14,NT
0,0,223,1,NT
28.938643334275895,3.865452406443799,223,2,NT
0,0,223,3,NT
29.71738668264842,2.617261835301481,223,4,T
17.170448851021764,2.352906659305609,223,5,NT
147.6282353023387,3.344304529007662,223,6,T
0,0,223,7,T
3.982471050719047,2.402337869396,223,8,NT
0,0,223,9,NT
0,0,223,10,NT
414.99923928364507,2.9913259681279674,223,11,T
0,0,223,12,NT
50.94947287048869,2.958068148747445,223,13,NT
0,0,223,14,NT
0,0,224,1,NT
27.4831412849046,3.8071580774908815,224,2,NT
0,0,224,3,NT
31.557935970411446,2.673085669265444,224,4,T
11.304625017575418,2.1442637898354677,224,5,NT
129.04517983884637,3.40391245816662,224,6,T
0,0,224,7,T
3.982471050719047,2.402337869396,224,8,NT
0,0,224,9,NT
2.012775272639052,2.314141917351982,224,10,NT
186.64779589293184,2.23058018034286,224,11,T
0,0,224,12,NT
45.897743087850735,2.9702471872789475,224,13,NT
0,0,224,14,NT
0,0,225,1,NT
27.4831412849046,3.8071580774908815,225,2,NT
0,0,225,3,NT
29.71738668264069,2.6172618353014836,225,4,T
2.098474221673355,2.001515193826684,225,5,NT
111.19125558943172,3.4913344189126563,225,6,T
0,0,225,7,T
2.997623159792182,2.399672763778266,225,8,NT
0,0,225,9,NT
0,0,225,10,NT
350.2178043362191,3.156626189902651,225,11,T
0,0,225,12,NT
45.897743091576025,2.970247187282422,225,13,NT
2.18398916415771,2.823279927857527,225,14,NT
139.86939800486942,0.738590932299601,226,1,NT
54.58197145137866,2.12171853385617,226,2,NT
7.96439005718911,0.863540941261437,226,3,NT
85.4120643736296,1.5956335236941293,226,4,T
29.757613924995077,1.474247499503708,226,5,NT
710.8028821938041,1.2073726657502597,226,6,T
98.12653587693191,0.6366332376715647,226,7,T
154.55144872916725,0.6512370366939939,226,8,NT
25.947828916884824,0.73430069637152,226,9,NT
13.572196946087937,0.806013245247726,226,10,NT
1912.3440973467573,1.7601476881046187,226,11,T
46.15263180897247,0.696783150362764,226,12,NT
1083.3211305499856,0.653832538662968,226,13,NT
465.58714707396445,0.6333476641373508,226,14,NT
139.86939800486942,0.738590932299601,227,1,NT
54.58197145137866,2.12171853385617,227,2,NT
7.96439005718911,0.863540941261437,227,3,NT
85.4120643736296,1.5956335236941293,227,4,T
29.75761392487866,1.474247499503708,227,5,NT
710.8028822260518,1.2073726657505703,227,6,T
98.1265358762602,0.636633237671504,227,7,T
154.55144872916725,0.6512370366939939,227,8,NT
25.947828916884824,0.73430069637152,227,9,NT
13.572196946087937,0.806013245247726,227,10,NT
1912.3440972864503,1.76014768810354,227,11,T
46.15263180152189,0.6967831503612992,227,12,NT
1083.3211305502284,0.653832538662968,227,13,NT
465.5871470740861,0.6333476641373397,227,14,NT
91.83856585061281,0.617107407159668,228,1,NT
46.063252450470394,2.4598121534947897,228,2,NT
1087.2397087314214,0.675942257343603,228,3,NT
85.4120643736296,1.5956335236941293,228,4,T
22.264614070125624,1.158143076307169,228,5,NT
768.6771329351426,1.23806454263479,228,6,T
98.12653587693191,0.6366332376715647,228,7,T
275.8656894121113,0.7031554752862526,228,8,NT
39.1776901563381,0.653886386893191,228,9,NT
13.572196946087937,0.806013245247726,228,10,NT
1636.016194596354,0.904292385591506,228,11,T
81.68549414744658,0.6011757881591439,228,12,NT
1083.3211305503376,0.653832538662968,228,13,NT
310.84394677187174,0.5989418099209651,228,14,NT
91.83856585061281,0.617107407159668,229,1,NT
46.063252450470394,2.4598121534947897,229,2,NT
1087.2397087314214,0.675942257343603,229,3,NT
85.4120643736296,1.5956335236941293,229,4,T
22.264614070125624,1.158143076307169,229,5,NT
768.6771329351426,1.23806454263479,229,6,T
98.12653587693191,0.6366332376715647,229,7,T
275.8656894121113,0.7031554752862526,229,8,NT
39.1776901563381,0.653886386893191,229,9,NT
13.572196946087937,0.806013245247726,229,10,NT
1636.016194596354,0.904292385591506,229,11,T
81.68549414744658,0.6011757881591439,229,12,NT
1083.3211305503376,0.653832538662968,229,13,NT
310.84394677187174,0.5989418099209651,229,14,NT
2.269872129441358,1.048484969359986,23,1,NT
35.10289536537864,3.316110724578872,23,2,NT
2.612207899037047,1.746924748165977,23,3,NT
65.2930524163688,2.0409618103209817,23,4,T
25.646824407789566,1.883270859674923,23,5,NT
492.83177794888127,1.5401521543740788,23,6,T
6.59477096852609,1.015717213353636,23,7,T
44.70117806955652,1.3218045730033638,23,8,NT
6.939222945941824,1.255799218236568,23,9,NT
6.594310923140197,1.88336716388762,23,10,NT
340.28831852989924,1.9481437383628148,23,11,T
19.48054819773863,1.1104863741253324,23,12,NT
140.4588935308742,1.7152489192039457,23,13,NT
15.886712693355832,1.3251200352585961,23,14,NT
139.86939800486942,0.738590932299601,230,1,NT
54.58197145137866,2.12171853385617,230,2,NT
7.96439005718911,0.863540941261437,230,3,NT
85.4120643736296,1.5956335236941293,230,4,T
29.75761392487866,1.474247499503708,230,5,NT
710.8028822260518,1.2073726657505703,230,6,T
98.1265358762602,0.636633237671504,230,7,T
154.55144872916725,0.6512370366939939,230,8,NT
25.947828916884824,0.73430069637152,230,9,NT
13.572196946087937,0.806013245247726,230,10,NT
1912.3440972864503,1.76014768810354,230,11,T
46.15263180152189,0.6967831503612992,230,12,NT
1083.3211305502284,0.653832538662968,230,13,NT
465.5871470740861,0.6333476641373397,230,14,NT
0,0,231,1,NT
27.4831412849046,3.8071580774908815,231,2,NT
0,0,231,3,NT
29.71738668264069,2.6172618353014836,231,4,T
2.098474221673355,2.001515193826684,231,5,NT
111.19125558943172,3.4913344189126563,231,6,T
0,0,231,7,T
2.997623159792182,2.399672763778266,231,8,NT
0,0,231,9,NT
0,0,231,10,NT
350.2178043362191,3.156626189902651,231,11,T
0,0,231,12,NT
45.897743091576025,2.970247187282422,231,13,NT
2.18398916415771,2.823279927857527,231,14,NT
0,0,232,1,NT
27.4831412849046,3.8071580774908815,232,2,NT
0,0,232,3,NT
29.71738668264069,2.6172618353014836,232,4,T
2.098474221673355,2.001515193826684,232,5,NT
111.19125558943172,3.4913344189126563,232,6,T
0,0,232,7,T
2.997623159792182,2.399672763778266,232,8,NT
0,0,232,9,NT
0,0,232,10,NT
350.2178043362191,3.156626189902651,232,11,T
0,0,232,12,NT
45.897743091576025,2.970247187282422,232,13,NT
2.18398916415771,2.823279927857527,232,14,NT
0,0,233,1,NT
26.199589208565136,3.754762343014288,233,2,NT
0,0,233,3,NT
29.71738668264842,2.617261835301481,233,4,T
0,0,233,5,NT
129.04517983878458,3.4039124581670794,233,6,T
0,0,233,7,T
2.997623159792182,2.399672763778266,233,8,NT
0,0,233,9,NT
0,0,233,10,NT
186.64779589293184,2.23058018034286,233,11,T
0,0,233,12,NT
43.243191763416156,2.9568498781900194,233,13,NT
2.18398916415771,2.823279927857527,233,14,NT
0,0,234,1,NT
26.19958921217458,3.754762343014288,234,2,NT
0,0,234,3,NT
29.71738668264069,2.6172618353014836,234,4,T
0,0,234,5,NT
129.0451798391813,3.4039124581667615,234,6,T
0,0,234,7,T
2.997623159792182,2.399672763778266,234,8,NT
0,0,234,9,NT
0,0,234,10,NT
186.64779589665713,2.2305801803468195,234,11,T
0,0,234,12,NT
43.243191763416156,2.9568498781900194,234,13,NT
2.18398916415771,2.823279927857527,234,14,NT
91.83856585090683,0.617107407159668,235,1,NT
39.2990157402008,2.782213075005924,235,2,NT
9.933717806474878,0.822301523772659,235,3,NT
85.4120643736296,1.5956335236941293,235,4,T
22.264614070125624,1.158143076307169,235,5,NT
768.6771329347583,1.2380645426347812,235,6,T
98.12653587693191,0.6366332376715647,235,7,T
154.55144872916725,0.6512370366939939,235,8,NT
19.440136966755013,0.737762034847311,235,9,NT
9.078016415515144,1.236125964432713,235,10,NT
1636.0161945947982,0.9042923855918744,235,11,T
81.68549414710861,0.6011757881592128,235,12,NT
818.2215634745389,0.612997837102039,235,13,NT
465.58714707063575,0.633347664137758,235,14,NT
114.22671367604309,0.674986064542789,236,1,NT
168.07044529191543,0.6942226914797323,236,2,NT
0,0,236,3,NT
65.2930524182045,1.5409618103131535,236,4,T
19.78210469840568,1.0036796532623413,236,5,NT
837.6338020749589,1.2671478033996908,236,6,T
62.67817631746695,0.656599149502789,236,7,T
214.35636399894196,0.6783064441653625,236,8,NT
39.17769015619993,0.653886386893191,236,9,NT
13.572196946087937,0.806013245247726,236,10,NT
2303.942828382257,1.721834610920516,236,11,T
121.02427695199518,0.6238687759147691,236,12,NT
1083.3211305503926,0.653832538662968,236,13,NT
72.18376731643312,0.7726048209628933,236,14,NT
2.269872129441358,1.048484969359986,237,1,NT
35.10289536537864,3.316110724578872,237,2,NT
2.612207899037047,1.746924748165977,237,3,NT
65.29305241730012,2.0409618103102773,237,4,T
25.646824407789566,1.883270859674923,237,5,NT
492.83177794969777,1.5401521543739964,237,6,T
6.59477096852609,1.015717213353636,237,7,T
44.70117806955652,1.3218045730033638,237,8,NT
6.939222945894146,1.255799218236568,237,9,NT
6.594310923140197,1.88336716388762,237,10,NT
340.28831852989924,1.9481437383628148,237,11,T
19.480548195875986,1.1104863741245898,237,12,NT
140.4588935305736,1.7152489192043148,237,13,NT
15.886712693355832,1.3251200352585961,237,14,NT
2.269872129441358,1.048484969359986,238,1,NT
37.157738052019226,3.409217101260642,238,2,NT
9.933717806474878,1.322301523772659,238,3,NT
61.18263101760958,2.0101554233050254,238,4,T
31.81227258173665,2.008215802055023,238,5,NT
538.1216234222001,1.605713206545569,238,6,T
6.594770966663445,1.015717213353636,238,7,T
44.70117806951413,1.3218045730032808,238,8,NT
6.93922294589945,1.255799218236568,238,9,NT
3.468645370458885,1.763561708667464,238,10,NT
7042.102874162071,1.3074859147500162,238,11,T
19.480548195875986,1.1104863741245898,238,12,NT
182.886151167318,1.4835356886989544,238,13,NT
10.834798902972086,1.3466347387143958,238,14,NT
0,0,239,1,NT
25.000999992108476,4.233134511241886,239,2,NT
0,0,239,3,NT
15.886988738692803,2.8056217637203265,239,4,T
5.52367205988428,2.5673049613258625,239,5,NT
94.57835597191493,3.844435781055243,239,6,T
0,0,239,7,T
0,0,239,8,NT
0,0,239,9,NT
0,0,239,10,NT
304.5423584705652,3.201711768520613,239,11,T
0,0,239,12,NT
35.10841587957251,3.4434180663633693,239,13,NT
0,0,239,14,NT
0,0,24,1,NT
23.28821704457691,4.149161183621707,24,2,NT
0,0,24,3,NT
18.412853629183736,2.872360635777026,24,4,T
0,0,24,5,NT
90.72530740849854,3.770517471553282,24,6,T
0,0,24,7,T
0,0,24,8,NT
0,0,24,9,NT
0,0,24,10,NT
14.300039963479348,2.588178976467127,24,11,T
0,0,24,12,NT
33.52496345084097,3.3869617070789735,24,13,NT
0,0,24,14,NT
0,0,240,1,NT
25.000999992108476,4.233134511241886,240,2,NT
0,0,240,3,NT
15.886988738692803,2.8056217637203265,240,4,T
5.52367205988428,2.5673049613258625,240,5,NT
94.57835597191493,3.844435781055243,240,6,T
0,0,240,7,T
0,0,240,8,NT
0,0,240,9,NT
0,0,240,10,NT
304.5423584705652,3.201711768520613,240,11,T
0,0,240,12,NT
35.10841587957251,3.4434180663633693,240,13,NT
0,0,240,14,NT
0,0,241,1,NT
27.4831412849046,3.8071580774908815,241,2,NT
0,0,241,3,NT
29.71738668264069,2.6172618353014836,241,4,T
2.098474221673355,2.001515193826684,241,5,NT
111.19125558943172,3.4913344189126563,241,6,T
0,0,241,7,T
2.997623159792182,2.399672763778266,241,8,NT
0,0,241,9,NT
0,0,241,10,NT
350.2178043362191,3.156626189902651,241,11,T
0,0,241,12,NT
45.897743091576025,2.970247187282422,241,13,NT
2.18398916415771,2.823279927857527,241,14,NT
0,0,242,1,NT
27.01193506387417,3.763383974433983,242,2,NT
0,0,242,3,NT
29.71738668264069,2.6172618353014836,242,4,T
0,0,242,5,NT
129.04517983884637,3.40391245816662,242,6,T
0,0,242,7,T
3.982471050719047,2.402337869396,242,8,NT
0,0,242,9,NT
0,0,242,10,NT
186.64779589279172,2.2305801803428524,242,11,T
0,0,242,12,NT
45.897743091576025,2.970247187282422,242,13,NT
0,0,242,14,NT
0,0,243,1,NT
27.01193506387417,3.763383974433983,243,2,NT
0,0,243,3,NT
29.71738668264842,2.617261835301481,243,4,T
0,0,243,5,NT
129.04517983884637,3.40391245816662,243,6,T
0,0,243,7,T
3.982471050719047,2.402337869396,243,8,NT
0,0,243,9,NT
0,0,243,10,NT
186.64779589279172,2.2305801803428524,243,11,T
0,0,243,12,NT
43.243191763416156,2.9568498781900194,243,13,NT
0,0,243,14,NT
91.83856585061281,0.617107407159668,244,1,NT
46.063252450470394,2.4598121534947897,244,2,NT
1087.2397087314214,0.675942257343603,244,3,NT
85.4120643736296,1.5956335236941293,244,4,T
22.264614070125624,1.158143076307169,244,5,NT
768.6771329351787,1.2380645426347907,244,6,T
137.97758039509893,0.6481931008019713,244,7,T
275.8656894130669,0.7031554752857777,244,8,NT
39.1776901563381,0.653886386893191,244,9,NT
13.572196946087937,0.806013245247726,244,10,NT
1636.016194595279,0.9042923855917646,244,11,T
81.68549414723674,0.6011757881591867,244,12,NT
818.221563474624,0.612997837102039,244,13,NT
310.84394677187174,0.5989418099209651,244,14,NT
0,0,245,1,NT
29.709197843871863,3.929781253829107,245,2,NT
0,0,245,3,NT
18.412853629183736,2.3723606357770266,245,4,T
0,0,245,5,NT
147.6282353023163,3.344304529007794,245,6,T
0,0,245,7,T
3.340050937292615,2.416036115652183,245,8,NT
0,0,245,9,NT
0,0,245,10,NT
363.1043175585522,3.235492503301795,245,11,T
0,0,245,12,NT
45.897743087850735,2.9702471872789475,245,13,NT
0,0,245,14,NT
0,0,246,1,NT
30.222655486666397,4.008385397801559,246,2,NT
0,0,246,3,NT
18.412853629183736,2.3723606357770266,246,4,T
0,0,246,5,NT
147.6282353023387,3.344304529007662,246,6,T
0,0,246,7,T
3.340050937292615,2.416036115652183,246,8,NT
0,0,246,9,NT
0,0,246,10,NT
363.10431755863954,3.235492503301582,246,11,T
0,0,246,12,NT
45.897743087850735,2.9702471872789475,246,13,NT
0,0,246,14,NT
114.22671367604309,0.674986064542789,247,1,NT
168.07044529191543,0.6942226914797323,247,2,NT
0,0,247,3,NT
65.2930524182045,1.5409618103131535,247,4,T
19.78210469840568,1.0036796532623413,247,5,NT
837.6338020749589,1.2671478033996908,247,6,T
62.67817631746695,0.656599149502789,247,7,T
214.35636399894196,0.6783064441653625,247,8,NT
39.17769015619993,0.653886386893191,247,9,NT
13.572196946087937,0.806013245247726,247,10,NT
2303.942828382257,1.721834610920516,247,11,T
121.02427695199518,0.6238687759147691,247,12,NT
1083.3211305503926,0.653832538662968,247,13,NT
72.18376731643312,0.7726048209628933,247,14,NT
91.83856585090683,0.617107407159668,248,1,NT
39.2990157402008,2.782213075005924,248,2,NT
9.933717806474878,0.822301523772659,248,3,NT
85.4120643736296,1.5956335236941293,248,4,T
22.264614070125624,1.158143076307169,248,5,NT
768.6771329347583,1.2380645426347812,248,6,T
98.12653587693191,0.6366332376715647,248,7,T
154.55144872916725,0.6512370366939939,248,8,NT
19.440136966755013,0.737762034847311,248,9,NT
9.078016415515144,1.236125964432713,248,10,NT
1636.0161945947982,0.9042923855918744,248,11,T
81.68549414710861,0.6011757881592128,248,12,NT
818.2215634745389,0.612997837102039,248,13,NT
465.58714707063575,0.633347664137758,248,14,NT
0,0,249,1,NT
32.32066968863414,3.666598278874678,249,2,NT
4.02555054883794,1.762962194268621,249,3,NT
39.82084625468114,2.3993714317971935,249,4,T
23.420767850245483,2.233578735080133,249,5,NT
335.22847325869276,1.9696999352812612,249,6,T
0,0,249,7,T
11.904609677253429,1.9212841337447575,249,8,NT
0,0,249,9,NT
2.483613464208835,1.8948551634592261,249,10,NT
2195.5298932279975,1.985410050816393,249,11,T
0,0,249,12,NT
90.50337730717183,2.263932883624723,249,13,NT
2.526416941022207,2.27607817564423,249,14,NT
2.269872129441358,1.048484969359986,25,1,NT
32.91973428019048,3.250118431349858,25,2,NT
4.02555054883794,1.262962194268621,25,3,NT
61.18263101760958,2.0101554233050254,25,4,T
15.114870094526442,1.277450841014038,25,5,NT
492.83177794883613,1.540152154374057,25,6,T
6.594770966663445,1.015717213353636,25,7,T
29.07487450437062,1.3497480660183399,25,8,NT
3.040886681663435,1.249720357875823,25,9,NT
3.853784611109345,1.770818855489367,25,10,NT
337.7625456281106,1.9536496052618408,25,11,T
14.300408023570004,1.0505939038546606,25,12,NT
120.72520481088654,1.7740080077216827,25,13,NT
32.41400534793971,1.257468373265387,25,14,NT
0,0,250,1,NT
21.105423990739553,4.50435680248567,250,2,NT
0,0,250,3,NT
0,0,250,4,T
0,0,250,5,NT
74.62706161902535,4.016721536363463,250,6,T
0,0,250,7,T
0,0,250,8,NT
0,0,250,9,NT
0,0,250,10,NT
228.29796639161947,3.331485707417277,250,11,T
0,0,250,12,NT
24.83466253761782,3.778240625253724,250,13,NT
0,0,250,14,NT
0,0,251,1,NT
19.735620873878986,4.443134441063613,251,2,NT
0,0,251,3,NT
3.127137684569524,3.116602094796928,251,4,T
0,0,251,5,NT
73.30033798850785,3.9237510734004344,251,6,T
0,0,251,7,T
0,0,251,8,NT
0,0,251,9,NT
0,0,251,10,NT
0,0,251,11,T
0,0,251,12,NT
23.16551115619777,3.7402564544625596,251,13,NT
0,0,251,14,NT
0,0,252,1,NT
19.735620873878986,4.443134441063613,252,2,NT
0,0,252,3,NT
3.127137684569524,3.116602094796928,252,4,T
0,0,252,5,NT
73.30033798768011,3.9237510733920598,252,6,T
0,0,252,7,T
0,0,252,8,NT
0,0,252,9,NT
0,0,252,10,NT
0,0,252,11,T
0,0,252,12,NT
23.16551115619777,3.7402564544625596,252,13,NT
0,0,252,14,NT
2.269872129441358,1.048484969359986,253,1,NT
33.861962712078984,3.304924730963652,253,2,NT
9.933717806474878,1.322301523772659,253,3,NT
61.18263101760958,2.0101554233050254,253,4,T
15.114870094526442,1.277450841014038,253,5,NT
492.83177794888127,1.5401521543740788,253,6,T
6.594770966663445,1.015717213353636,253,7,T
44.70117806951413,1.3218045730032808,253,8,NT
9.5941423302816,1.205449865892867,253,9,NT
5.952166837766468,1.857457256089859,253,10,NT
337.7625456281106,1.9536496052618408,253,11,T
14.300408023289602,1.050593903854781,253,12,NT
120.72520481108582,1.774008007722054,253,13,NT
26.292740810540842,1.2799331414455601,253,14,NT
0,0,254,1,NT
33.861962712078984,3.304924730963652,254,2,NT
9.933717806474878,1.322301523772659,254,3,NT
61.18263101760958,2.0101554233050254,254,4,T
15.114870094526442,1.277450841014038,254,5,NT
492.83177794888127,1.5401521543740788,254,6,T
6.594770966663445,1.015717213353636,254,7,T
44.701178069402374,1.3218045730033603,254,8,NT
6.939222945894146,1.255799218236568,254,9,NT
5.952166837766468,1.857457256089859,254,10,NT
337.7625456281106,1.9536496052618408,254,11,T
14.300408023289602,1.050593903854781,254,12,NT
140.4588935308742,1.7152489192039457,254,13,NT
26.292740810540842,1.2799331414455601,254,14,NT
8.050181010816075,1.0749559804626627,255,1,NT
35.10289536537864,3.316110724578872,255,2,NT
2.612207899037047,1.746924748165977,255,3,NT
61.18263101760958,2.0101554233050254,255,4,T
21.109288355797823,1.5843016805441763,255,5,NT
453.79731081759064,1.470279785775951,255,6,T
6.594770966663445,1.015717213353636,255,7,T
29.074874503857814,1.349748066020088,255,8,NT
6.939222945941824,1.255799218236568,255,9,NT
5.952166837766468,1.857457256089859,255,10,NT
1152.47166616751,1.7703652398341407,255,11,T
5.610383140068938,1.031834986968295,255,12,NT
140.4588935308742,1.7152489192039457,255,13,NT
32.41400534803617,1.257468373265212,255,14,NT
0,0,256,1,NT
23.28821704457691,4.149161183621707,256,2,NT
0,0,256,3,NT
15.886988739158465,2.8056217637238094,256,4,T
0,0,256,5,NT
86.05834884239005,3.715745921546831,256,6,T
0,0,256,7,T
0,0,256,8,NT
0,0,256,9,NT
0,0,256,10,NT
302.52967521024163,3.2059114388583883,256,11,T
0,0,256,12,NT
33.52496345084097,3.3869617070789735,256,13,NT
0,0,256,14,NT
3.68266273245853,1.094562467864147,26,1,NT
46.06325245078377,2.9598121534954944,26,2,NT
4.796013046557503,1.271462273244016,26,3,NT
44.23190409492081,1.9021001414145142,26,4,T
11.304625015712773,1.1442637898337862,26,5,NT
538.1216234214235,1.6057132065456345,26,6,T
2.226700621392459,1.085715825765245,26,7,T
36.73853618191644,1.3320000510045855,26,8,NT
9.5941423302816,1.205449865892867,26,9,NT
5.952166837766468,1.857457256089859,26,10,NT
1223.3190491359721,1.8471600182301449,26,11,T
19.480548195875986,1.1104863741245898,26,12,NT
140.4588935308742,1.7152489192039457,26,13,NT
15.886712693821494,1.325120035261518,26,14,NT
2.269872129441358,1.048484969359986,27,1,NT
39.2990157402008,3.2822130750059237,27,2,NT
4.796013046557503,1.271462273244016,27,3,NT
44.23190409515364,1.9021001414099112,27,4,T
11.304625015712773,1.1442637898337862,27,5,NT
538.1216234222001,1.605713206545569,27,6,T
2.226700621392459,1.085715825765245,27,7,T
36.738536180985115,1.3320000510062195,27,8,NT
9.5941423302816,1.205449865892867,27,9,NT
5.952166837766468,1.857457256089859,27,10,NT
1223.319049135483,1.8471600182301355,27,11,T
19.48054819773863,1.1104863741253324,27,12,NT
140.4588935308742,1.7152489192039457,27,13,NT
15.886712693821494,1.325120035261518,27,14,NT
0,0,28,1,NT
26.19958921217458,4.254762343014288,28,2,NT
0,0,28,3,NT
3.127137684569524,2.616602094796928,28,4,T
0,0,28,5,NT
94.57835597191493,3.844435781055243,28,6,T
0,0,28,7,T
0,0,28,8,NT
0,0,28,9,NT
0,0,28,10,NT
311.0483023673822,3.298003893518859,28,11,T
0,0,28,12,NT
33.52496345084097,3.3869617070789735,28,13,NT
0,0,28,14,NT
0,0,29,1,NT
28.938643334275895,3.865452406443799,29,2,NT
0,0,29,3,NT
29.71738668264842,2.617261835301481,29,4,T
17.170448851021764,2.352906659305609,29,5,NT
147.6282353023387,3.344304529007662,29,6,T
0,0,29,7,T
3.982471050719047,2.402337869396,29,8,NT
0,0,29,9,NT
0,0,29,10,NT
414.99923928364507,2.9913259681279674,29,11,T
0,0,29,12,NT
50.94947287048869,2.958068148747445,29,13,NT
0,0,29,14,NT
0,0,3,1,NT
30.822272139826563,3.570047031892825,3,2,NT
0,0,3,3,NT
44.2319040951846,2.4021001414099956,3,4,T
19.782104700268324,2.003679653262772,3,5,NT
278.46628470554236,1.9955962665719542,3,6,T
0,0,3,7,T
11.904609677253429,1.9212841337447575,3,8,NT
0,0,3,9,NT
3.168837047075554,2.092478655673322,3,10,NT
282.4519947658181,2.035705766980529,3,11,T
0,0,3,12,NT
83.82640369583177,2.237180849466181,3,13,NT
3.426025928173202,1.990935186322051,3,14,NT
0,0,30,1,NT
28.938643334275895,3.865452406443799,30,2,NT
0,0,30,3,NT
29.71738668264842,2.617261835301481,30,4,T
17.170448851021764,2.352906659305609,30,5,NT
147.6282353023387,3.344304529007662,30,6,T
0,0,30,7,T
3.982471050719047,2.402337869396,30,8,NT
0,0,30,9,NT
0,0,30,10,NT
414.99923928364507,2.9913259681279674,30,11,T
0,0,30,12,NT
50.94947287048869,2.958068148747445,30,13,NT
0,0,30,14,NT
91.83856585090683,0.617107407159668,31,1,NT
95.72365274716714,0.7252304726238504,31,2,NT
1840.4123425434193,0.722956982335113,31,3,NT
85.4120643736296,1.5956335236941293,31,4,T
138.2032827954547,0.8548307764774293,31,5,NT
837.633802074992,1.2671478033996912,31,6,T
98.12653587693191,0.6366332376715647,31,7,T
615.0719603498778,0.6204203967895382,31,8,NT
25.947828916884824,0.73430069637152,31,9,NT
7.793268182189118,1.403912248091,31,10,NT
8065.911566738647,1.254618267378167,31,11,T
121.02427695173557,0.6238687759147575,31,12,NT
1292.1937019243167,0.71440180525903,31,13,NT
274.28472120393167,0.5760796775991646,31,14,NT
91.83856585061281,0.617107407159668,32,1,NT
54.58197145137866,2.12171853385617,32,2,NT
7.96439005718911,0.863540941261437,32,3,NT
104.89509686524893,1.4848999488998433,32,4,T
35.836166983935144,1.592371874325,32,5,NT
768.6771329352066,1.2380645426347914,32,6,T
98.12653587693191,0.6366332376715647,32,7,T
267.1298247547815,0.7097397381773476,32,8,NT
25.947828916884824,0.73430069637152,32,9,NT
15.113489973084551,0.766663249834192,32,10,NT
1639.0563452211316,0.904588421148548,32,11,T
121.02427695173557,0.6238687759147575,32,12,NT
1085.7612044352556,0.653381983237495,32,13,NT
72.18376731643312,0.7726048209628933,32,14,NT
0,0,33,1,NT
22.646348981127865,4.631576528941304,33,2,NT
0,0,33,3,NT
0,0,33,4,T
0,0,33,5,NT
74.62706161920347,4.016721536363384,33,6,T
0,0,33,7,T
0,0,33,8,NT
0,0,33,9,NT
0,0,33,10,NT
253.6413018263553,3.3861929779834306,33,11,T
0,0,33,12,NT
23.16551115619777,3.7402564544625596,33,13,NT
0,0,33,14,NT
0,0,34,1,NT
21.875978493683988,4.558971090464487,34,2,NT
0,0,34,3,NT
0,0,34,4,T
0,0,34,5,NT
74.6270616201348,4.0167215363716515,34,6,T
0,0,34,7,T
0,0,34,8,NT
0,0,34,9,NT
0,0,34,10,NT
253.64130182542397,3.386192977983462,34,11,T
0,0,34,12,NT
23.16551115247248,3.7402564545214463,34,13,NT
0,0,34,14,NT
0,0,35,1,NT
32.91973428019048,3.750118431349858,35,2,NT
0,0,35,3,NT
31.557935970411446,2.1730856692654434,35,4,T
0,0,35,5,NT
335.22847325853905,1.969699935281446,35,6,T
0,0,35,7,T
8.435688282411249,1.970143785179647,35,8,NT
0,0,35,9,NT
2.997623160374983,2.0008672936218592,35,10,NT
920.1274284607903,2.448117111788983,35,11,T
0,0,35,12,NT
83.82640369583177,2.237180849466181,35,13,NT
3.426025928173202,1.990935186322051,35,14,NT
0,0,36,1,NT
29.709197843871863,3.429781253829107,36,2,NT
0,0,36,3,NT
39.82084625468114,2.3993714317971935,36,4,T
2.098474221673355,1.501515193826684,36,5,NT
278.46628470554236,1.9955962665719542,36,6,T
0,0,36,7,T
5.737689426865861,1.988849042802535,36,8,NT
0,0,36,9,NT
2.697906848402395,1.9697929010242883,36,10,NT
282.4519947658181,2.035705766980529,36,11,T
0,0,36,12,NT
76.03561974430713,2.2454502043862394,36,13,NT
4.41078179551833,2.05018167786206,36,14,NT
0,0,37,1,NT
22.646348981127865,4.631576528941304,37,2,NT
0,0,37,3,NT
0,0,37,4,T
0,0,37,5,NT
74.62706161920347,4.016721536363384,37,6,T
0,0,37,7,T
0,0,37,8,NT
0,0,37,9,NT
0,0,37,10,NT
253.6413018263553,3.3861929779834306,37,11,T
0,0,37,12,NT
23.16551115619777,3.7402564544625596,37,13,NT
0,0,37,14,NT
0,0,38,1,NT
33.861962712078984,3.804924730963652,38,2,NT
0,0,38,3,NT
31.557935970411446,2.1730856692654434,38,4,T
0,0,38,5,NT
335.22847325853905,1.969699935281446,38,6,T
0,0,38,7,T
8.435688282411249,1.970143785179647,38,8,NT
0,0,38,9,NT
2.997623160374983,2.0008672936218592,38,10,NT
920.1274284607903,2.448117111788983,38,11,T
0,0,38,12,NT
83.82640369583177,2.237180849466181,38,13,NT
3.426025928173202,1.990935186322051,38,14,NT
0,0,39,1,NT
29.709197843871863,3.429781253829107,39,2,NT
0,0,39,3,NT
39.82084625468114,2.3993714317971935,39,4,T
2.098474221673355,1.501515193826684,39,5,NT
278.46628470554236,1.9955962665719542,39,6,T
0,0,39,7,T
5.737689426865861,1.988849042802535,39,8,NT
0,0,39,9,NT
2.697906848402395,1.9697929010242883,39,10,NT
282.4519947658181,2.035705766980529,39,11,T
0,0,39,12,NT
76.03561974430713,2.2454502043862394,39,13,NT
4.41078179551833,2.05018167786206,39,14,NT
0,0,4,1,NT
19.735620873878986,4.443134441063613,4,2,NT
0,0,4,3,NT
3.127137684569524,3.116602094796928,4,4,T
0,0,4,5,NT
73.30033798850785,3.9237510734004344,4,6,T
0,0,4,7,T
0,0,4,8,NT
0,0,4,9,NT
0,0,4,10,NT
0,0,4,11,T
0,0,4,12,NT
23.16551115619777,3.7402564544625596,4,13,NT
0,0,4,14,NT
0,0,40,1,NT
29.709197843871863,3.429781253829107,40,2,NT
0,0,40,3,NT
39.82084625468114,2.3993714317971935,40,4,T
2.098474221673355,1.501515193826684,40,5,NT
278.46628470554236,1.9955962665719542,40,6,T
0,0,40,7,T
5.737689426865861,1.988849042802535,40,8,NT
0,0,40,9,NT
2.697906848402395,1.9697929010242883,40,10,NT
282.4519947658181,2.035705766980529,40,11,T
0,0,40,12,NT
76.03561974430713,2.2454502043862394,40,13,NT
4.41078179551833,2.05018167786206,40,14,NT
0,0,41,1,NT
32.32066968863414,3.666598278874678,41,2,NT
4.02555054883794,1.762962194268621,41,3,NT
39.82084625468114,2.3993714317971935,41,4,T
23.420767850245483,2.233578735080133,41,5,NT
335.22847325869276,1.9696999352812612,41,6,T
0,0,41,7,T
11.904609677253429,1.9212841337447575,41,8,NT
0,0,41,9,NT
2.483613464208835,1.8948551634592261,41,10,NT
2195.5298932279975,1.985410050816393,41,11,T
0,0,41,12,NT
90.50337730717183,2.263932883624723,41,13,NT
2.526416941022207,2.27607817564423,41,14,NT
0,0,42,1,NT
21.105423990739553,4.50435680248567,42,2,NT
0,0,42,3,NT
0,0,42,4,T
0,0,42,5,NT
74.62706161902535,4.016721536363463,42,6,T
0,0,42,7,T
0,0,42,8,NT
0,0,42,9,NT
0,0,42,10,NT
228.29796639161947,3.331485707417277,42,11,T
0,0,42,12,NT
24.83466253761782,3.778240625253724,42,13,NT
0,0,42,14,NT
0,0,43,1,NT
21.105423990739553,4.50435680248567,43,2,NT
0,0,43,3,NT
0,0,43,4,T
0,0,43,5,NT
74.62706161902535,4.016721536363463,43,6,T
0,0,43,7,T
0,0,43,8,NT
0,0,43,9,NT
0,0,43,10,NT
228.29796639161947,3.331485707417277,43,11,T
0,0,43,12,NT
24.83466253761782,3.778240625253724,43,13,NT
0,0,43,14,NT
0,0,44,1,NT
19.735620873878986,4.443134441063613,44,2,NT
0,0,44,3,NT
3.127137684569524,3.116602094796928,44,4,T
0,0,44,5,NT
73.30033798768011,3.9237510733920598,44,6,T
0,0,44,7,T
0,0,44,8,NT
0,0,44,9,NT
0,0,44,10,NT
0,0,44,11,T
0,0,44,12,NT
23.16551115619777,3.7402564544625596,44,13,NT
0,0,44,14,NT
2.269872129441358,1.048484969359986,45,1,NT
39.2990157402008,3.2822130750059237,45,2,NT
4.796013046557503,1.271462273244016,45,3,NT
44.23190409515364,1.9021001414099112,45,4,T
11.304625015712773,1.1442637898337862,45,5,NT
538.1216234222001,1.605713206545569,45,6,T
2.226700621392459,1.085715825765245,45,7,T
36.738536180985115,1.3320000510062195,45,8,NT
9.5941423302816,1.205449865892867,45,9,NT
5.952166837766468,1.857457256089859,45,10,NT
1223.319049135483,1.8471600182301355,45,11,T
19.48054819773863,1.1104863741253324,45,12,NT
140.4588935308742,1.7152489192039457,45,13,NT
15.886712693821494,1.325120035261518,45,14,NT
3.68266273245853,1.094562467864147,46,1,NT
46.06325245078377,2.9598121534954944,46,2,NT
4.796013046557503,1.271462273244016,46,3,NT
44.23190409492081,1.9021001414145142,46,4,T
11.304625015712773,1.1442637898337862,46,5,NT
538.1216234214235,1.6057132065456345,46,6,T
2.226700621392459,1.085715825765245,46,7,T
36.73853618191644,1.3320000510045855,46,8,NT
9.5941423302816,1.205449865892867,46,9,NT
5.952166837766468,1.857457256089859,46,10,NT
1223.3190491359721,1.8471600182301449,46,11,T
19.480548195875986,1.1104863741245898,46,12,NT
140.4588935308742,1.7152489192039457,46,13,NT
15.886712693821494,1.325120035261518,46,14,NT
0,0,47,1,NT
27.01193506387417,4.263383974433983,47,2,NT
0,0,47,3,NT
3.127137684569524,2.616602094796928,47,4,T
0,0,47,5,NT
94.57835597191493,3.844435781055243,47,6,T
0,0,47,7,T
0,0,47,8,NT
0,0,47,9,NT
0,0,47,10,NT
311.0483023673822,3.298003893518859,47,11,T
0,0,47,12,NT
33.52496345084097,3.3869617070789735,47,13,NT
0,0,47,14,NT
0,0,48,1,NT
21.875978493683988,4.058971090464487,48,2,NT
0,0,48,3,NT
15.886988738692803,2.8056217637203265,48,4,T
0,0,48,5,NT
90.72530741036118,3.7705174715502205,48,6,T
0,0,48,7,T
0,0,48,8,NT
0,0,48,9,NT
0,0,48,10,NT
14.300039963479348,2.588178976467127,48,11,T
0,0,48,12,NT
30.828896789924745,3.3748536762806096,48,13,NT
0,0,48,14,NT
91.83856585090683,0.617107407159668,49,1,NT
95.72365274716714,0.7252304726238504,49,2,NT
1840.4123425434193,0.722956982335113,49,3,NT
85.4120643736296,1.5956335236941293,49,4,T
138.2032827954547,0.8548307764774293,49,5,NT
837.633802074992,1.2671478033996912,49,6,T
98.12653587693191,0.6366332376715647,49,7,T
615.0719603498778,0.6204203967895382,49,8,NT
25.947828916884824,0.73430069637152,49,9,NT
7.793268182189118,1.403912248091,49,10,NT
8065.911566738647,1.254618267378167,49,11,T
121.02427695173557,0.6238687759147575,49,12,NT
1292.1937019243167,0.71440180525903,49,13,NT
274.28472120393167,0.5760796775991646,49,14,NT
0,0,5,1,NT
28.938643334275895,3.865452406443799,5,2,NT
0,0,5,3,NT
29.717386680778045,2.617261835302137,5,4,T
17.170448851021764,2.352906659305609,5,5,NT
147.6282353025699,3.3443045290082463,5,6,T
0,0,5,7,T
3.982471050719047,2.402337869396,5,8,NT
0,0,5,9,NT
0,0,5,10,NT
414.99923928364507,2.9913259681279674,5,11,T
0,0,5,12,NT
50.94947287048869,2.958068148747445,5,13,NT
0,0,5,14,NT
0,0,50,1,NT
28.938643334275895,3.865452406443799,50,2,NT
0,0,50,3,NT
29.71738668264842,2.617261835301481,50,4,T
17.170448851021764,2.352906659305609,50,5,NT
147.6282353023387,3.344304529007662,50,6,T
0,0,50,7,T
3.982471050719047,2.402337869396,50,8,NT
0,0,50,9,NT
0,0,50,10,NT
414.99923928364507,2.9913259681279674,50,11,T
0,0,50,12,NT
50.94947287048869,2.958068148747445,50,13,NT
0,0,50,14,NT
0,0,51,1,NT
28.938643334275895,3.865452406443799,51,2,NT
0,0,51,3,NT
29.71738668264842,2.617261835301481,51,4,T
17.170448851021764,2.352906659305609,51,5,NT
147.6282353023387,3.344304529007662,51,6,T
0,0,51,7,T
3.982471050719047,2.402337869396,51,8,NT
0,0,51,9,NT
0,0,51,10,NT
414.99923928364507,2.9913259681279674,51,11,T
0,0,51,12,NT
50.94947287048869,2.958068148747445,51,13,NT
0,0,51,14,NT
0,0,52,1,NT
27.4831412849046,3.8071580774908815,52,2,NT
0,0,52,3,NT
31.557935970411446,2.673085669265444,52,4,T
11.304625017575418,2.1442637898354677,52,5,NT
129.04517983884637,3.40391245816662,52,6,T
0,0,52,7,T
3.982471050719047,2.402337869396,52,8,NT
0,0,52,9,NT
2.012775272639052,2.314141917351982,52,10,NT
186.64779589293184,2.23058018034286,52,11,T
0,0,52,12,NT
45.897743087850735,2.9702471872789475,52,13,NT
0,0,52,14,NT
0,0,53,1,NT
27.4831412849046,3.8071580774908815,53,2,NT
0,0,53,3,NT
31.557935970411446,2.673085669265444,53,4,T
11.304625017575418,2.1442637898354677,53,5,NT
129.04517983884637,3.40391245816662,53,6,T
0,0,53,7,T
3.982471050719047,2.402337869396,53,8,NT
0,0,53,9,NT
2.012775272639052,2.314141917351982,53,10,NT
186.64779589293184,2.23058018034286,53,11,T
0,0,53,12,NT
45.897743087850735,2.9702471872789475,53,13,NT
0,0,53,14,NT
0,0,54,1,NT
27.4831412849046,3.8071580774908815,54,2,NT
0,0,54,3,NT
31.557935970411446,2.673085669265444,54,4,T
11.304625017575418,2.1442637898354677,54,5,NT
129.04517983884637,3.40391245816662,54,6,T
0,0,54,7,T
3.982471050719047,2.402337869396,54,8,NT
0,0,54,9,NT
2.012775272639052,2.314141917351982,54,10,NT
186.64779589293184,2.23058018034286,54,11,T
0,0,54,12,NT
45.897743087850735,2.9702471872789475,54,13,NT
0,0,54,14,NT
0,0,55,1,NT
28.938643334275895,3.865452406443799,55,2,NT
0,0,55,3,NT
29.717386680778045,2.617261835302137,55,4,T
17.170448851021764,2.352906659305609,55,5,NT
147.6282353025699,3.3443045290082463,55,6,T
0,0,55,7,T
3.982471050719047,2.402337869396,55,8,NT
0,0,55,9,NT
0,0,55,10,NT
414.99923928364507,2.9913259681279674,55,11,T
0,0,55,12,NT
50.94947287048869,2.958068148747445,55,13,NT
0,0,55,14,NT
24.74997575419057,0.579695600882459,56,1,NT
95.72365274716968,0.7252304726238508,56,2,NT
1840.4123425445473,0.722956982335113,56,3,NT
85.4120643736296,1.5956335236941293,56,4,T
138.20328279548437,0.8548307764773541,56,5,NT
837.6338020747362,1.267147803399687,56,6,T
98.1265358762602,0.636633237671504,56,7,T
615.0719603502637,0.6204203967894977,56,8,NT
25.947828916884824,0.73430069637152,56,9,NT
7.793268182189118,1.403912248091,56,10,NT
8065.911566740597,1.254618267378028,56,11,T
121.02427695173557,0.6238687759147575,56,12,NT
1292.1937018947922,0.71440180525903,56,13,NT
274.2847212057943,0.5760796775993318,56,14,NT
0,0,57,1,NT
27.01193506387417,3.763383974433983,57,2,NT
0,0,57,3,NT
29.71738668264842,2.617261835301481,57,4,T
0,0,57,5,NT
129.04517983884637,3.40391245816662,57,6,T
0,0,57,7,T
3.982471050719047,2.402337869396,57,8,NT
0,0,57,9,NT
0,0,57,10,NT
186.64779589279172,2.2305801803428524,57,11,T
0,0,57,12,NT
43.243191763416156,2.9568498781900194,57,13,NT
0,0,57,14,NT
0,0,58,1,NT
27.01193506387417,3.763383974433983,58,2,NT
0,0,58,3,NT
29.71738668264842,2.617261835301481,58,4,T
0,0,58,5,NT
129.04517983924308,3.403912458166302,58,6,T
0,0,58,7,T
3.982471050719047,2.402337869396,58,8,NT
0,0,58,9,NT
0,0,58,10,NT
186.64779589293184,2.23058018034286,58,11,T
0,0,58,12,NT
45.897743091576025,2.970247187282422,58,13,NT
0,0,58,14,NT
0,0,59,1,NT
27.4831412849046,3.8071580774908815,59,2,NT
0,0,59,3,NT
29.71738668264842,2.617261835301481,59,4,T
0,0,59,5,NT
111.19125558937711,3.4913344189131927,59,6,T
0,0,59,7,T
2.997623159792182,2.399672763778266,59,8,NT
0,0,59,9,NT
0,0,59,10,NT
350.21780433662246,3.1566261899027253,59,11,T
0,0,59,12,NT
45.897743087850735,2.9702471872789475,59,13,NT
2.18398916415771,2.823279927857527,59,14,NT
24.74997575419057,0.579695600882459,6,1,NT
95.72365274716968,0.7252304726238508,6,2,NT
1840.4123425445473,0.722956982335113,6,3,NT
85.4120643736296,1.5956335236941293,6,4,T
138.20328279548437,0.8548307764773541,6,5,NT
837.6338020747362,1.267147803399687,6,6,T
98.1265358762602,0.636633237671504,6,7,T
615.0719603502637,0.6204203967894977,6,8,NT
25.947828916884824,0.73430069637152,6,9,NT
7.793268182189118,1.403912248091,6,10,NT
8065.911566740597,1.254618267378028,6,11,T
121.02427695173557,0.6238687759147575,6,12,NT
1292.1937018947922,0.71440180525903,6,13,NT
274.2847212057943,0.5760796775993318,6,14,NT
139.86939800486942,0.738590932299601,60,1,NT
54.58197145137866,2.12171853385617,60,2,NT
7.96439005718911,0.863540941261437,60,3,NT
85.4120643736296,1.5956335236941293,60,4,T
27.87389313099005,1.420388511026808,60,5,NT
710.8028821938041,1.2073726657502597,60,6,T
98.12653587693191,0.6366332376715647,60,7,T
154.55144872914136,0.6512370366939993,60,8,NT
25.947828916884824,0.73430069637152,60,9,NT
13.572196946087937,0.806013245247726,60,10,NT
1912.3440972858918,1.7601476881035398,60,11,T
46.15263180152189,0.6967831503612992,60,12,NT
1083.3211305506895,0.653832538662968,60,13,NT
465.5871470739527,0.6333476641373518,60,14,NT
0,0,61,1,NT
32.91973428019048,3.750118431349858,61,2,NT
0,0,61,3,NT
31.557935970411446,2.1730856692654434,61,4,T
0,0,61,5,NT
335.22847325853905,1.969699935281446,61,6,T
0,0,61,7,T
8.435688282411249,1.970143785179647,61,8,NT
0,0,61,9,NT
2.997623160374983,2.0008672936218592,61,10,NT
920.1274284607903,2.448117111788983,61,11,T
0,0,61,12,NT
83.82640369583177,2.237180849466181,61,13,NT
3.426025928173202,1.990935186322051,61,14,NT
0,0,62,1,NT
29.709197843871863,3.429781253829107,62,2,NT
0,0,62,3,NT
39.82084625468114,2.3993714317971935,62,4,T
2.098474221673355,1.501515193826684,62,5,NT
278.4662847018965,1.9955962665784366,62,6,T
0,0,62,7,T
5.737689426865861,1.988849042802535,62,8,NT
0,0,62,9,NT
2.697906848402395,1.9697929010242883,62,10,NT
282.4519947658181,2.035705766980529,62,11,T
0,0,62,12,NT
76.03561974430713,2.2454502043862394,62,13,NT
4.41078179551833,2.05018167786206,62,14,NT
0,0,63,1,NT
29.709197843871863,3.429781253829107,63,2,NT
0,0,63,3,NT
39.82084625468114,2.3993714317971935,63,4,T
2.098474221673355,1.501515193826684,63,5,NT
278.46628470554236,1.9955962665719542,63,6,T
0,0,63,7,T
5.737689426865861,1.988849042802535,63,8,NT
0,0,63,9,NT
2.697906848402395,1.9697929010242883,63,10,NT
282.4519947658181,2.035705766980529,63,11,T
0,0,63,12,NT
76.03561974430713,2.2454502043862394,63,13,NT
4.41078179551833,2.05018167786206,63,14,NT
0,0,64,1,NT
18.922538927406322,4.280475000000861,64,2,NT
0,0,64,3,NT
0,0,64,4,T
0,0,64,5,NT
73.30033798791753,3.9237510733919514,64,6,T
0,0,64,7,T
0,0,64,8,NT
0,0,64,9,NT
0,0,64,10,NT
0,0,64,11,T
0,0,64,12,NT
21.367581316574586,3.699871598121216,64,13,NT
0,0,64,14,NT
0,0,65,1,NT
27.01193506387417,4.263383974433983,65,2,NT
0,0,65,3,NT
3.127137684569524,2.616602094796928,65,4,T
0,0,65,5,NT
94.57835597191493,3.844435781055243,65,6,T
0,0,65,7,T
0,0,65,8,NT
0,0,65,9,NT
0,0,65,10,NT
311.0483023673822,3.298003893518859,65,11,T
0,0,65,12,NT
33.52496345084097,3.3869617070789735,65,13,NT
0,0,65,14,NT
0,0,66,1,NT
21.875978493683988,4.058971090464487,66,2,NT
0,0,66,3,NT
15.886988738692803,2.8056217637203265,66,4,T
0,0,66,5,NT
90.72530741036118,3.7705174715502205,66,6,T
0,0,66,7,T
0,0,66,8,NT
0,0,66,9,NT
0,0,66,10,NT
14.300039963479348,2.588178976467127,66,11,T
0,0,66,12,NT
30.828896789924745,3.3748536762806096,66,13,NT
0,0,66,14,NT
2.269872129441358,1.048484969359986,67,1,NT
32.91973428019048,3.250118431349858,67,2,NT
4.02555054883794,1.262962194268621,67,3,NT
61.18263101760958,2.0101554233050254,67,4,T
15.114870094526442,1.277450841014038,67,5,NT
492.83177794883613,1.540152154374057,67,6,T
6.594770966663445,1.015717213353636,67,7,T
29.07487450437062,1.3497480660183399,67,8,NT
3.040886681663435,1.249720357875823,67,9,NT
3.853784611109345,1.770818855489367,67,10,NT
337.7625456281106,1.9536496052618408,67,11,T
14.300408023570004,1.0505939038546606,67,12,NT
120.72520481088654,1.7740080077216827,67,13,NT
32.41400534793971,1.257468373265387,67,14,NT
2.269872129441358,1.048484969359986,68,1,NT
32.91973428019048,3.250118431349858,68,2,NT
4.796013046557503,1.271462273244016,68,3,NT
61.182631017637014,2.0101554233040755,68,4,T
15.114870094526442,1.277450841014038,68,5,NT
492.83177794888127,1.5401521543740788,68,6,T
6.59477096852609,1.015717213353636,68,7,T
29.074874503439297,1.3497480660230894,68,8,NT
3.040886681663435,1.249720357875823,68,9,NT
3.853784611109345,1.770818855489367,68,10,NT
337.7625456281106,1.9536496052618408,68,11,T
14.300408023289602,1.050593903854781,68,12,NT
120.72520481108582,1.774008007722054,68,13,NT
32.41400534803617,1.257468373265212,68,14,NT
0,0,69,1,NT
29.709197843871863,3.429781253829107,69,2,NT
0,0,69,3,NT
39.82084625468114,2.3993714317971935,69,4,T
2.098474221673355,1.501515193826684,69,5,NT
278.46628470554236,1.9955962665719542,69,6,T
0,0,69,7,T
5.737689426865861,1.988849042802535,69,8,NT
0,0,69,9,NT
2.697906848402395,1.9697929010242883,69,10,NT
282.4519947658181,2.035705766980529,69,11,T
0,0,69,12,NT
76.03561974430713,2.2454502043862394,69,13,NT
4.41078179551833,2.05018167786206,69,14,NT
91.83856585090683,0.617107407159668,7,1,NT
95.72365274716714,0.7252304726238504,7,2,NT
1840.4123425434193,0.722956982335113,7,3,NT
85.4120643736296,1.5956335236941293,7,4,T
138.2032827954547,0.8548307764774293,7,5,NT
837.633802074992,1.2671478033996912,7,6,T
98.12653587693191,0.6366332376715647,7,7,T
615.0719603498778,0.6204203967895382,7,8,NT
25.947828916884824,0.73430069637152,7,9,NT
7.793268182189118,1.403912248091,7,10,NT
8065.911566738647,1.254618267378167,7,11,T
121.02427695173557,0.6238687759147575,7,12,NT
1292.1937019243167,0.71440180525903,7,13,NT
274.28472120393167,0.5760796775991646,7,14,NT
0,0,70,1,NT
29.709197843871863,3.429781253829107,70,2,NT
0,0,70,3,NT
39.82084625468114,2.3993714317971935,70,4,T
2.098474221673355,1.501515193826684,70,5,NT
278.46628470554236,1.9955962665719542,70,6,T
0,0,70,7,T
5.737689426865861,1.988849042802535,70,8,NT
0,0,70,9,NT
2.697906848402395,1.9697929010242883,70,10,NT
282.4519947658181,2.035705766980529,70,11,T
0,0,70,12,NT
76.03561974430713,2.2454502043862394,70,13,NT
4.41078179551833,2.05018167786206,70,14,NT
0,0,71,1,NT
32.91973428019048,3.750118431349858,71,2,NT
0,0,71,3,NT
31.557935970411446,2.1730856692654434,71,4,T
0,0,71,5,NT
335.22847325853905,1.969699935281446,71,6,T
0,0,71,7,T
8.435688282411249,1.970143785179647,71,8,NT
0,0,71,9,NT
2.997623160374983,2.0008672936218592,71,10,NT
920.1274284607903,2.448117111788983,71,11,T
0,0,71,12,NT
83.82640369583177,2.237180849466181,71,13,NT
3.426025928173202,1.990935186322051,71,14,NT
0,0,72,1,NT
21.875978493683988,4.558971090464487,72,2,NT
0,0,72,3,NT
0,0,72,4,T
0,0,72,5,NT
74.6270616201348,4.0167215363716515,72,6,T
0,0,72,7,T
0,0,72,8,NT
0,0,72,9,NT
0,0,72,10,NT
253.64130182542397,3.386192977983462,72,11,T
0,0,72,12,NT
23.16551115247248,3.7402564545214463,72,13,NT
0,0,72,14,NT
2.269872129441358,1.048484969359986,73,1,NT
39.2990157402008,3.2822130750059237,73,2,NT
4.796013046557503,1.271462273244016,73,3,NT
44.23190409515364,1.9021001414099112,73,4,T
11.304625015712773,1.1442637898337862,73,5,NT
538.1216234222001,1.605713206545569,73,6,T
2.226700621392459,1.085715825765245,73,7,T
36.738536180985115,1.3320000510062195,73,8,NT
9.5941423302816,1.205449865892867,73,9,NT
5.952166837766468,1.857457256089859,73,10,NT
1223.319049135483,1.8471600182301355,73,11,T
19.48054819773863,1.1104863741253324,73,12,NT
140.4588935308742,1.7152489192039457,73,13,NT
15.886712693821494,1.325120035261518,73,14,NT
3.68266273245853,1.094562467864147,74,1,NT
46.06325245078377,2.9598121534954944,74,2,NT
4.796013046557503,1.271462273244016,74,3,NT
44.23190409492081,1.9021001414145142,74,4,T
11.304625015712773,1.1442637898337862,74,5,NT
538.1216234214235,1.6057132065456345,74,6,T
2.226700621392459,1.085715825765245,74,7,T
36.73853618191644,1.3320000510045855,74,8,NT
9.5941423302816,1.205449865892867,74,9,NT
5.952166837766468,1.857457256089859,74,10,NT
1223.3190491359721,1.8471600182301449,74,11,T
19.480548195875986,1.1104863741245898,74,12,NT
140.4588935308742,1.7152489192039457,74,13,NT
15.886712693821494,1.325120035261518,74,14,NT
2.269872129441358,1.048484969359986,75,1,NT
32.91973428019048,3.250118431349858,75,2,NT
4.02555054883794,1.262962194268621,75,3,NT
61.18263101760958,2.0101554233050254,75,4,T
15.114870094526442,1.277450841014038,75,5,NT
492.83177794883613,1.540152154374057,75,6,T
6.594770966663445,1.015717213353636,75,7,T
29.07487450437062,1.3497480660183399,75,8,NT
3.040886681663435,1.249720357875823,75,9,NT
3.853784611109345,1.770818855489367,75,10,NT
337.7625456281106,1.9536496052618408,75,11,T
14.300408023570004,1.0505939038546606,75,12,NT
120.72520481088654,1.7740080077216827,75,13,NT
32.41400534793971,1.257468373265387,75,14,NT
0,0,76,1,NT
21.875978493683988,4.058971090464487,76,2,NT
0,0,76,3,NT
15.886988738692803,2.8056217637203265,76,4,T
0,0,76,5,NT
90.72530741036118,3.7705174715502205,76,6,T
0,0,76,7,T
0,0,76,8,NT
0,0,76,9,NT
0,0,76,10,NT
14.300039963479348,2.588178976467127,76,11,T
0,0,76,12,NT
30.828896789924745,3.3748536762806096,76,13,NT
0,0,76,14,NT
2.269872129441358,1.048484969359986,77,1,NT
32.91973428019048,3.250118431349858,77,2,NT
4.02555054883794,1.262962194268621,77,3,NT
61.18263101760958,2.0101554233050254,77,4,T
15.114870094526442,1.277450841014038,77,5,NT
492.83177794883613,1.540152154374057,77,6,T
6.594770966663445,1.015717213353636,77,7,T
29.07487450437062,1.3497480660183399,77,8,NT
3.040886681663435,1.249720357875823,77,9,NT
3.853784611109345,1.770818855489367,77,10,NT
337.7625456281106,1.9536496052618408,77,11,T
14.300408023570004,1.0505939038546606,77,12,NT
120.72520481088654,1.7740080077216827,77,13,NT
32.41400534793971,1.257468373265387,77,14,NT
2.269872129441358,1.048484969359986,78,1,NT
32.91973428019048,3.250118431349858,78,2,NT
4.796013046557503,1.271462273244016,78,3,NT
61.182631017637014,2.0101554233040755,78,4,T
15.114870094526442,1.277450841014038,78,5,NT
492.83177794888127,1.5401521543740788,78,6,T
6.59477096852609,1.015717213353636,78,7,T
29.074874503439297,1.3497480660230894,78,8,NT
3.040886681663435,1.249720357875823,78,9,NT
3.853784611109345,1.770818855489367,78,10,NT
337.7625456281106,1.9536496052618408,78,11,T
14.300408023289602,1.050593903854781,78,12,NT
120.72520481108582,1.774008007722054,78,13,NT
32.41400534803617,1.257468373265212,78,14,NT
2.269872129441358,1.048484969359986,79,1,NT
39.2990157402008,3.2822130750059237,79,2,NT
4.796013046557503,1.271462273244016,79,3,NT
44.23190409515364,1.9021001414099112,79,4,T
11.304625015712773,1.1442637898337862,79,5,NT
538.1216234222001,1.605713206545569,79,6,T
2.226700621392459,1.085715825765245,79,7,T
36.738536180985115,1.3320000510062195,79,8,NT
9.5941423302816,1.205449865892867,79,9,NT
5.952166837766468,1.857457256089859,79,10,NT
1223.319049135483,1.8471600182301355,79,11,T
19.48054819773863,1.1104863741253324,79,12,NT
140.4588935308742,1.7152489192039457,79,13,NT
15.886712693821494,1.325120035261518,79,14,NT
91.83856585061281,0.617107407159668,8,1,NT
54.58197145137866,2.12171853385617,8,2,NT
7.96439005718911,0.863540941261437,8,3,NT
104.89509686524893,1.4848999488998433,8,4,T
35.836166983935144,1.592371874325,8,5,NT
768.6771329352066,1.2380645426347914,8,6,T
98.12653587693191,0.6366332376715647,8,7,T
267.1298247547815,0.7097397381773476,8,8,NT
25.947828916884824,0.73430069637152,8,9,NT
15.113489973084551,0.766663249834192,8,10,NT
1639.0563452211316,0.904588421148548,8,11,T
121.02427695173557,0.6238687759147575,8,12,NT
1085.7612044352556,0.653381983237495,8,13,NT
72.18376731643312,0.7726048209628933,8,14,NT
0,0,80,1,NT
26.19958921217458,4.254762343014288,80,2,NT
0,0,80,3,NT
3.127137684569524,2.616602094796928,80,4,T
0,0,80,5,NT
94.57835597191493,3.844435781055243,80,6,T
0,0,80,7,T
0,0,80,8,NT
0,0,80,9,NT
0,0,80,10,NT
311.0483023673822,3.298003893518859,80,11,T
0,0,80,12,NT
33.52496345084097,3.3869617070789735,80,13,NT
0,0,80,14,NT
0,0,81,1,NT
27.4831412849046,3.8071580774908815,81,2,NT
0,0,81,3,NT
31.557935970411446,2.673085669265444,81,4,T
11.304625017575418,2.1442637898354677,81,5,NT
129.04517983884637,3.40391245816662,81,6,T
0,0,81,7,T
3.982471050719047,2.402337869396,81,8,NT
0,0,81,9,NT
2.012775272639052,2.314141917351982,81,10,NT
186.64779589293184,2.23058018034286,81,11,T
0,0,81,12,NT
45.897743087850735,2.9702471872789475,81,13,NT
0,0,81,14,NT
0,0,82,1,NT
27.4831412849046,3.8071580774908815,82,2,NT
0,0,82,3,NT
31.557935970411446,2.673085669265444,82,4,T
11.304625017575418,2.1442637898354677,82,5,NT
129.04517983884637,3.40391245816662,82,6,T
0,0,82,7,T
3.982471050719047,2.402337869396,82,8,NT
0,0,82,9,NT
2.012775272639052,2.314141917351982,82,10,NT
186.64779589293184,2.23058018034286,82,11,T
0,0,82,12,NT
45.897743087850735,2.9702471872789475,82,13,NT
0,0,82,14,NT
0,0,83,1,NT
28.938643334275895,3.865452406443799,83,2,NT
0,0,83,3,NT
29.71738668264842,2.617261835301481,83,4,T
17.170448851021764,2.352906659305609,83,5,NT
147.6282353023387,3.344304529007662,83,6,T
0,0,83,7,T
3.982471050719047,2.402337869396,83,8,NT
0,0,83,9,NT
0,0,83,10,NT
414.99923928364507,2.9913259681279674,83,11,T
0,0,83,12,NT
50.94947287048869,2.958068148747445,83,13,NT
0,0,83,14,NT
91.83856585090683,0.617107407159668,84,1,NT
95.72365274716714,0.7252304726238504,84,2,NT
1840.4123425434193,0.722956982335113,84,3,NT
85.4120643736296,1.5956335236941293,84,4,T
138.2032827954547,0.8548307764774293,84,5,NT
837.633802074992,1.2671478033996912,84,6,T
98.12653587693191,0.6366332376715647,84,7,T
615.0719603498778,0.6204203967895382,84,8,NT
25.947828916884824,0.73430069637152,84,9,NT
7.793268182189118,1.403912248091,84,10,NT
8065.911566738647,1.254618267378167,84,11,T
121.02427695173557,0.6238687759147575,84,12,NT
1292.1937019243167,0.71440180525903,84,13,NT
274.28472120393167,0.5760796775991646,84,14,NT
2.269872129441358,1.048484969359986,85,1,NT
35.10289536537864,3.316110724578872,85,2,NT
2.612207899037047,1.746924748165977,85,3,NT
65.2930524163688,2.0409618103209817,85,4,T
25.646824407789566,1.883270859674923,85,5,NT
492.83177794888127,1.5401521543740788,85,6,T
6.59477096852609,1.015717213353636,85,7,T
44.70117806955652,1.3218045730033638,85,8,NT
6.939222945941824,1.255799218236568,85,9,NT
6.594310923140197,1.88336716388762,85,10,NT
340.28831852989924,1.9481437383628148,85,11,T
19.48054819773863,1.1104863741253324,85,12,NT
140.4588935308742,1.7152489192039457,85,13,NT
15.886712693355832,1.3251200352585961,85,14,NT
2.269872129441358,1.048484969359986,86,1,NT
37.157738052019226,3.409217101260642,86,2,NT
9.933717806474878,1.322301523772659,86,3,NT
61.18263101760958,2.0101554233050254,86,4,T
31.81227258173665,2.008215802055023,86,5,NT
538.1216234222001,1.605713206545569,86,6,T
6.594770966663445,1.015717213353636,86,7,T
44.70117806951413,1.3218045730032808,86,8,NT
6.93922294589945,1.255799218236568,86,9,NT
3.468645370458885,1.763561708667464,86,10,NT
7042.102874162071,1.3074859147500162,86,11,T
19.480548195875986,1.1104863741245898,86,12,NT
182.886151167318,1.4835356886989544,86,13,NT
10.834798902972086,1.3466347387143958,86,14,NT
0,0,87,1,NT
37.157738052019226,3.409217101260642,87,2,NT
9.933717806474878,1.322301523772659,87,3,NT
61.18263101760958,2.0101554233050254,87,4,T
31.81227258173665,2.008215802055023,87,5,NT
538.1216234222001,1.605713206545569,87,6,T
6.594770966663445,1.015717213353636,87,7,T
44.70117806951413,1.3218045730032808,87,8,NT
6.939222945894146,1.255799218236568,87,9,NT
3.468645370458885,1.763561708667464,87,10,NT
7042.102874162186,1.3074859147500137,87,11,T
19.48054819773863,1.1104863741253324,87,12,NT
182.8861511673328,1.4835356886989735,87,13,NT
10.834798902972086,1.3466347387143958,87,14,NT
0,0,88,1,NT
25.000999992108476,4.233134511241886,88,2,NT
0,0,88,3,NT
15.886988738692803,2.8056217637203265,88,4,T
5.52367205988428,2.5673049613258625,88,5,NT
94.57835597191493,3.844435781055243,88,6,T
0,0,88,7,T
0,0,88,8,NT
0,0,88,9,NT
0,0,88,10,NT
304.5423584705652,3.201711768520613,88,11,T
0,0,88,12,NT
35.10841587957251,3.4434180663633693,88,13,NT
0,0,88,14,NT
2.269872129441358,1.048484969359986,89,1,NT
39.2990157402008,3.2822130750059237,89,2,NT
4.796013046557503,1.271462273244016,89,3,NT
44.23190409515364,1.9021001414099112,89,4,T
11.304625015712773,1.1442637898337862,89,5,NT
538.1216234222001,1.605713206545569,89,6,T
2.226700621392459,1.085715825765245,89,7,T
36.738536180985115,1.3320000510062195,89,8,NT
9.5941423302816,1.205449865892867,89,9,NT
5.952166837766468,1.857457256089859,89,10,NT
1223.319049135483,1.8471600182301355,89,11,T
19.48054819773863,1.1104863741253324,89,12,NT
140.4588935308742,1.7152489192039457,89,13,NT
15.886712693821494,1.325120035261518,89,14,NT
2.269872129441358,1.048484969359986,9,1,NT
33.861962712078984,3.304924730963652,9,2,NT
9.933717806474878,1.322301523772659,9,3,NT
61.18263101760958,2.0101554233050254,9,4,T
15.114870094526442,1.277450841014038,9,5,NT
492.83177794969777,1.5401521543739964,9,6,T
17.983990872489336,1.03725257858186,9,7,T
44.70117806951413,1.3218045730032808,9,8,NT
9.5941423302816,1.205449865892867,9,9,NT
5.952166837766468,1.857457256089859,9,10,NT
337.7625456281106,1.9536496052618408,9,11,T
14.300408023289602,1.050593903854781,9,12,NT
120.72520481075775,1.7740080077214426,9,13,NT
26.292740810540842,1.2799331414455601,9,14,NT
0,0,90,1,NT
26.19958921217458,4.254762343014288,90,2,NT
0,0,90,3,NT
3.127137684569524,2.616602094796928,90,4,T
0,0,90,5,NT
94.57835597191493,3.844435781055243,90,6,T
0,0,90,7,T
0,0,90,8,NT
0,0,90,9,NT
0,0,90,10,NT
311.0483023673822,3.298003893518859,90,11,T
0,0,90,12,NT
33.52496345084097,3.3869617070789735,90,13,NT
0,0,90,14,NT
0,0,91,1,NT
27.01193506387417,4.263383974433983,91,2,NT
0,0,91,3,NT
3.127137684569524,2.616602094796928,91,4,T
0,0,91,5,NT
94.57835597191493,3.844435781055243,91,6,T
0,0,91,7,T
0,0,91,8,NT
0,0,91,9,NT
0,0,91,10,NT
311.0483023673822,3.298003893518859,91,11,T
0,0,91,12,NT
33.52496345084097,3.3869617070789735,91,13,NT
0,0,91,14,NT
0,0,92,1,NT
21.875978493699847,4.058971090464487,92,2,NT
0,0,92,3,NT
15.886988739158465,2.8056217637238094,92,4,T
0,0,92,5,NT
90.72530740942986,3.770517471542309,92,6,T
0,0,92,7,T
0,0,92,8,NT
0,0,92,9,NT
0,0,92,10,NT
14.300039965341993,2.5881789764653176,92,11,T
0,0,92,12,NT
30.828896789924745,3.3748536762806096,92,13,NT
0,0,92,14,NT
0,0,93,1,NT
27.4831412849046,3.8071580774908815,93,2,NT
0,0,93,3,NT
29.71738668264069,2.6172618353014836,93,4,T
2.098474221673355,2.001515193826684,93,5,NT
111.19125558943172,3.4913344189126563,93,6,T
0,0,93,7,T
2.997623159792182,2.399672763778266,93,8,NT
0,0,93,9,NT
0,0,93,10,NT
350.2178043362191,3.156626189902651,93,11,T
0,0,93,12,NT
45.897743091576025,2.970247187282422,93,13,NT
2.18398916415771,2.823279927857527,93,14,NT
139.8693980046338,0.738590932299601,94,1,NT
54.58197145137866,2.12171853385617,94,2,NT
7.96439005718911,0.863540941261437,94,3,NT
85.4120643736296,1.5956335236941293,94,4,T
29.75761392487866,1.474247499503708,94,5,NT
710.802882224302,1.2073726657505348,94,6,T
98.12653587693191,0.6366332376715647,94,7,T
154.55144872916725,0.6512370366939939,94,8,NT
25.947828916884824,0.73430069637152,94,9,NT
13.572196946087937,0.806013245247726,94,10,NT
1912.3440973465163,1.7601476881046145,94,11,T
46.15263180897247,0.696783150362764,94,12,NT
1083.3211305499133,0.653832538662968,94,13,NT
465.5871470740861,0.6333476641373397,94,14,NT
139.86939800486942,0.738590932299601,95,1,NT
54.58197145137866,2.12171853385617,95,2,NT
7.96439005718911,0.863540941261437,95,3,NT
85.4120643736296,1.5956335236941293,95,4,T
27.87389313099005,1.420388511026808,95,5,NT
710.8028821938041,1.2073726657502597,95,6,T
98.12653587693191,0.6366332376715647,95,7,T
154.55144872914136,0.6512370366939993,95,8,NT
25.947828916884824,0.73430069637152,95,9,NT
13.572196946087937,0.806013245247726,95,10,NT
1912.3440972858918,1.7601476881035398,95,11,T
46.15263180152189,0.6967831503612992,95,12,NT
1083.3211305506895,0.653832538662968,95,13,NT
465.5871470739527,0.6333476641373518,95,14,NT
24.74997575419057,0.579695600882459,96,1,NT
46.063252450470394,2.4598121534947897,96,2,NT
1087.2397087314214,0.675942257343603,96,3,NT
85.4120643736296,1.5956335236941293,96,4,T
22.264614070125624,1.158143076307169,96,5,NT
768.6771329351787,1.2380645426347907,96,6,T
98.12653587693191,0.6366332376715647,96,7,T
275.8656894124996,0.7031554752861726,96,8,NT
25.947828916884824,0.73430069637152,96,9,NT
13.572196946087937,0.806013245247726,96,10,NT
1636.0161945952625,0.9042923855917695,96,11,T
81.68549414710861,0.6011757881592128,96,12,NT
1083.3211305499333,0.653832538662968,96,13,NT
310.8439467719896,0.59894180992093915,96,14,NT
0,0,97,1,NT
33.861962712078984,3.804924730963652,97,2,NT
0,0,97,3,NT
31.557935970411446,2.1730856692654434,97,4,T
0,0,97,5,NT
335.22847325853905,1.969699935281446,97,6,T
0,0,97,7,T
8.435688282411249,1.970143785179647,97,8,NT
0,0,97,9,NT
2.997623160374983,2.0008672936218592,97,10,NT
920.1274284607903,2.448117111788983,97,11,T
0,0,97,12,NT
83.82640369583177,2.237180849466181,97,13,NT
3.426025928173202,1.990935186322051,97,14,NT
0,0,98,1,NT
32.91973428019048,3.750118431349858,98,2,NT
0,0,98,3,NT
31.557935970411446,2.1730856692654434,98,4,T
0,0,98,5,NT
335.22847325853905,1.969699935281446,98,6,T
0,0,98,7,T
8.435688282411249,1.970143785179647,98,8,NT
0,0,98,9,NT
2.997623160374983,2.0008672936218592,98,10,NT
920.1274284607903,2.448117111788983,98,11,T
0,0,98,12,NT
83.82640369583177,2.237180849466181,98,13,NT
3.426025928173202,1.990935186322051,98,14,NT
0,0,99,1,NT
21.875978493683988,4.558971090464487,99,2,NT
0,0,99,3,NT
0,0,99,4,T
0,0,99,5,NT
74.6270616201348,4.0167215363716515,99,6,T
0,0,99,7,T
0,0,99,8,NT
0,0,99,9,NT
0,0,99,10,NT
253.64130182542397,3.386192977983462,99,11,T
0,0,99,12,NT
23.16551115247248,3.7402564545214463,99,13,NT
0,0,99,14,NT
