total_area,morris_row_index,identifier,Class
0,1,13,NT
1038.7847574965606,1,14,T
678.7972605481451,1,15,NT
0,1,16,NT
96.0150477145724,1,17,NT
0,10,13,NT
303.49150130851996,10,14,T
308.5497800205526,10,15,NT
0,10,16,NT
33.83120228235434,10,17,NT
0,100,13,NT
564.5100280550009,100,14,T
205.91386910362468,100,15,NT
0,100,16,NT
12.438586645020456,100,17,NT
0,101,13,NT
819.8134191996983,101,14,T
642.6515147718607,101,15,NT
0,101,16,NT
87.97182508592118,101,17,NT
0,102,13,NT
564.5100280550009,102,14,T
205.91386910362468,102,15,NT
0,102,16,NT
12.438586645020456,102,17,NT
0,103,13,NT
564.5100280550009,103,14,T
205.91386910362468,103,15,NT
0,103,16,NT
12.438586645020456,103,17,NT
0,104,13,NT
551.08201415976,104,14,T
223.20001553984963,104,15,NT
0,104,16,NT
23.177323406875818,104,17,NT
0,105,13,NT
657.7233907524392,105,14,T
444.34640507601614,105,15,NT
0,105,16,NT
64.88149799455331,105,17,NT
0,106,13,NT
9510.368727106787,106,14,T
2108.363937993337,106,15,NT
2032.2858933846658,106,16,NT
202.00831871306775,106,17,NT
0,107,13,NT
4847.810363955258,107,14,T
1855.3463849394075,107,15,NT
2203.3218247545806,107,16,NT
185.88149356895008,107,17,NT
0,108,13,NT
4847.810363955258,108,14,T
1855.3463849394075,108,15,NT
2203.3218247545806,108,16,NT
185.88149356895008,108,17,NT
0,109,13,NT
9510.368727106787,109,14,T
2108.363937993337,109,15,NT
2032.2858933846658,109,16,NT
202.00831871306775,109,17,NT
0,11,13,NT
303.49150130851996,11,14,T
308.5497800205526,11,15,NT
0,11,16,NT
33.83120228235434,11,17,NT
0,110,13,NT
4847.810363955258,110,14,T
1855.3463849394075,110,15,NT
2203.3218247545806,110,16,NT
185.88149356895008,110,17,NT
0,111,13,NT
4692.049359845236,111,14,T
1855.3463849393904,111,15,NT
2203.321824754514,111,16,NT
185.88149356895008,111,17,NT
0,112,13,NT
590.15029924046,112,14,T
383.45139541546257,112,15,NT
0,112,16,NT
60.32122928156038,112,17,NT
0,113,13,NT
1536.5484245978719,113,14,T
2108.363937992671,113,15,NT
2346.0315954285356,113,16,NT
192.85060879200273,113,17,NT
0,114,13,NT
1536.5484245969697,114,14,T
2108.3639379933975,114,15,NT
2346.031595428091,114,16,NT
192.85060879200273,114,17,NT
0,115,13,NT
336.9016218748289,115,14,T
444.34640507601614,115,15,NT
0,115,16,NT
50.70330529447496,115,17,NT
0,116,13,NT
748.7590669684968,116,14,T
383.45139541546257,116,15,NT
0,116,16,NT
60.32122928169248,116,17,NT
0,117,13,NT
9510.36872710508,117,14,T
2108.363937992036,117,15,NT
2032.2858933846883,117,16,NT
202.00831871306775,117,17,NT
0,118,13,NT
4692.049359845236,118,14,T
1855.3463849393904,118,15,NT
2203.321824754514,118,16,NT
185.88149356895008,118,17,NT
0,119,13,NT
590.15029924046,119,14,T
383.45139541546257,119,15,NT
0,119,16,NT
60.32122928156038,119,17,NT
0,12,13,NT
661.7122145392576,12,14,T
269.7499678195488,12,15,NT
0,12,16,NT
38.6004081897362,12,17,NT
0,120,13,NT
660.0319662465884,120,14,T
383.45139541546257,120,15,NT
0,120,16,NT
60.32122928169248,120,17,NT
0,121,13,NT
630.3767659721387,121,14,T
289.64801802527563,121,15,NT
0,121,16,NT
38.6004081897362,121,17,NT
0,122,13,NT
1151.0232671338968,122,14,T
1032.5829469671446,122,15,NT
357.22823781839384,122,16,NT
132.45200603525174,122,17,NT
0,123,13,NT
1151.0232671338968,123,14,T
1032.5829469671446,123,15,NT
357.22823781839384,123,16,NT
132.45200603525174,123,17,NT
0,124,13,NT
1055.5593507088074,124,14,T
1125.3954700948843,124,15,NT
357.22823781721735,124,16,NT
153.96397894785852,124,17,NT
0,125,13,NT
748.7590669684968,125,14,T
383.45139541546257,125,15,NT
0,125,16,NT
60.32122928169248,125,17,NT
0,126,13,NT
2265.5403980949905,126,14,T
1639.966197031932,126,15,NT
2032.2858933849266,126,16,NT
185.88149356895008,126,17,NT
0,127,13,NT
1536.5484245978719,127,14,T
2108.363937992671,127,15,NT
2346.0315954285356,127,16,NT
192.85060879200273,127,17,NT
0,128,13,NT
1536.5484245969697,128,14,T
2108.3639379933975,128,15,NT
2346.031595428091,128,16,NT
192.85060879200273,128,17,NT
0,129,13,NT
819.8134191996983,129,14,T
642.6515147718607,129,15,NT
0,129,16,NT
87.97182508592118,129,17,NT
0,13,13,NT
336.9016218748289,13,14,T
444.34640507601614,13,15,NT
0,13,16,NT
50.70330529447496,13,17,NT
0,130,13,NT
564.5100280550009,130,14,T
205.91386910362468,130,15,NT
0,130,16,NT
12.438586645020456,130,17,NT
0,131,13,NT
551.08201415976,131,14,T
223.20001553984963,131,15,NT
0,131,16,NT
23.177323406875818,131,17,NT
0,132,13,NT
551.08201415976,132,14,T
223.20001553984963,132,15,NT
0,132,16,NT
23.177323406875818,132,17,NT
0,133,13,NT
4141.16997161051,133,14,T
1125.395470094721,133,15,NT
357.22823781511266,133,16,NT
143.5605752644543,133,17,NT
0,134,13,NT
4141.16997161092,134,14,T
1125.3954700947615,134,15,NT
357.22823781511266,134,16,NT
132.45200603525174,134,17,NT
0,135,13,NT
3134.573430708939,135,14,T
1002.2426280097474,135,15,NT
689.7741793129886,135,16,NT
132.45200603525174,135,17,NT
0,136,13,NT
301.1361311687756,136,14,T
269.7499678195488,136,15,NT
0,136,16,NT
38.6004081897362,136,17,NT
0,137,13,NT
1038.7847574969874,137,14,T
678.797260548138,137,15,NT
0,137,16,NT
96.0150477145724,137,17,NT
0,138,13,NT
1038.7847574965606,138,14,T
678.7972605481451,138,15,NT
0,138,16,NT
96.0150477145724,138,17,NT
0,139,13,NT
218.0677484155342,139,14,T
223.20001553984963,139,15,NT
0,139,16,NT
12.438586645951778,139,17,NT
0,14,13,NT
748.7590669684968,14,14,T
383.45139541546257,14,15,NT
0,14,16,NT
60.32122928169248,14,17,NT
0,140,13,NT
198.20776150403333,140,14,T
193.3954140005999,140,15,NT
0,140,16,NT
12.438586645951778,140,17,NT
0,141,13,NT
819.8134191996983,141,14,T
642.6515147718607,141,15,NT
0,141,16,NT
87.97182508592118,141,17,NT
0,142,13,NT
564.5100280550009,142,14,T
205.91386910362468,142,15,NT
0,142,16,NT
12.438586645020456,142,17,NT
0,143,13,NT
564.5100280550009,143,14,T
205.91386910362468,143,15,NT
0,143,16,NT
12.438586645020456,143,17,NT
0,144,13,NT
551.08201415976,144,14,T
223.20001553984963,144,15,NT
0,144,16,NT
23.177323406875818,144,17,NT
0,145,13,NT
1055.5593507088074,145,14,T
1125.3954700948843,145,15,NT
357.22823781721735,145,16,NT
153.96397894785852,145,17,NT
0,146,13,NT
1151.0232671338968,146,14,T
1032.5829469671446,146,15,NT
357.22823781839384,146,16,NT
132.45200603525174,146,17,NT
0,147,13,NT
630.3767659721387,147,14,T
289.64801802527563,147,15,NT
0,147,16,NT
38.6004081897362,147,17,NT
0,148,13,NT
630.3767659721387,148,14,T
289.64801802527563,148,15,NT
0,148,16,NT
38.6004081897362,148,17,NT
0,149,13,NT
258.6895302231416,149,14,T
269.7499678195488,149,15,NT
0,149,16,NT
38.6004081897362,149,17,NT
0,15,13,NT
2265.5403981396844,15,14,T
1639.96619703199,15,15,NT
1799.9614926403585,15,16,NT
185.88149356895008,15,17,NT
0,150,13,NT
295.0904744799014,150,14,T
308.5497800205526,150,15,NT
0,150,16,NT
42.37172243571007,150,17,NT
0,151,13,NT
4141.16997161051,151,14,T
1125.395470094721,151,15,NT
357.22823781511266,151,16,NT
143.5605752644543,151,17,NT
0,152,13,NT
4141.16997161092,152,14,T
1125.3954700947615,152,15,NT
357.22823781511266,152,16,NT
132.45200603525174,152,17,NT
0,153,13,NT
295.0904744799014,153,14,T
308.5497800205526,153,15,NT
0,153,16,NT
38.6004081897362,153,17,NT
0,154,13,NT
295.0904744799014,154,14,T
308.5497800205526,154,15,NT
0,154,16,NT
42.37172243571007,154,17,NT
0,155,13,NT
4141.169971610353,155,14,T
1125.3954700951556,155,15,NT
357.2282378186611,155,16,NT
143.5605752644543,155,17,NT
0,156,13,NT
3134.573430708939,156,14,T
1002.2426280097474,156,15,NT
689.7741793129886,156,16,NT
132.45200603525174,156,17,NT
0,157,13,NT
883.3610689392947,157,14,T
565.4304557428535,157,15,NT
0,157,16,NT
87.97182508981842,157,17,NT
0,158,13,NT
883.3610689392947,158,14,T
565.4304557428535,158,15,NT
0,158,16,NT
87.97182508981842,158,17,NT
0,159,13,NT
598.3327661017973,159,14,T
193.39541399873727,159,15,NT
0,159,16,NT
12.438586645951778,159,17,NT
0,16,13,NT
2265.5403980949905,16,14,T
1639.966197031932,16,15,NT
2032.2858933849266,16,16,NT
185.88149356895008,16,17,NT
0,160,13,NT
274.1838408337798,160,14,T
223.2000155404425,160,15,NT
0,160,16,NT
14.927123663079705,160,17,NT
0,161,13,NT
203.92752972421374,161,14,T
193.39541399873727,161,15,NT
0,161,16,NT
12.438586645951778,161,17,NT
0,162,13,NT
218.0677484123972,162,14,T
223.2000155404425,162,15,NT
0,162,16,NT
12.438586645951778,162,17,NT
0,163,13,NT
218.0677484123972,163,14,T
223.2000155404425,163,15,NT
0,163,16,NT
12.438586645951778,163,17,NT
0,164,13,NT
1038.7847574969874,164,14,T
678.797260548138,164,15,NT
0,164,16,NT
96.0150477145724,164,17,NT
0,165,13,NT
793.823006426951,165,14,T
678.797260548138,165,15,NT
0,165,16,NT
104.59461118621098,165,17,NT
0,166,13,NT
819.8134191996983,166,14,T
642.6515147718607,166,15,NT
0,166,16,NT
87.97182508592118,166,17,NT
0,167,13,NT
564.5100280550009,167,14,T
205.91386910362468,167,15,NT
0,167,16,NT
12.438586645020456,167,17,NT
0,168,13,NT
564.5100280550009,168,14,T
205.91386910362468,168,15,NT
0,168,16,NT
12.438586645020456,168,17,NT
0,169,13,NT
4141.16997161051,169,14,T
1125.395470094721,169,15,NT
357.22823781511266,169,16,NT
143.5605752644543,169,17,NT
0,17,13,NT
687.4978777678015,17,14,T
444.3464050909173,17,15,NT
0,17,16,NT
69.39933757939885,17,17,NT
0,170,13,NT
2837.401227297351,170,14,T
1002.2426280097906,170,15,NT
689.7741793119492,170,16,NT
132.45200603525174,170,17,NT
0,171,13,NT
258.6895302231416,171,14,T
269.7499678195488,171,15,NT
0,171,16,NT
38.6004081897362,171,17,NT
0,172,13,NT
301.1361311687756,172,14,T
269.7499678195488,172,15,NT
0,172,16,NT
38.6004081897362,172,17,NT
0,173,13,NT
793.823006426951,173,14,T
678.797260548138,173,15,NT
0,173,16,NT
104.59461118621098,173,17,NT
0,174,13,NT
793.823006426951,174,14,T
678.797260548138,174,15,NT
0,174,16,NT
104.59461118621098,174,17,NT
0,175,13,NT
819.8134191996983,175,14,T
642.6515147718607,175,15,NT
0,175,16,NT
87.97182508592118,175,17,NT
0,176,13,NT
564.5100280550009,176,14,T
205.91386910362468,176,15,NT
0,176,16,NT
12.438586645020456,176,17,NT
0,177,13,NT
2837.401227297351,177,14,T
1002.2426280097906,177,15,NT
689.7741793119492,177,16,NT
132.45200603525174,177,17,NT
0,178,13,NT
3134.573430708939,178,14,T
1002.2426280097474,178,15,NT
689.7741793129886,178,16,NT
132.45200603525174,178,17,NT
0,179,13,NT
301.1361311687756,179,14,T
269.7499678195488,179,15,NT
0,179,16,NT
38.6004081897362,179,17,NT
0,18,13,NT
1503.5636120050003,18,14,T
2108.363937992854,18,15,NT
2032.2858933847908,18,16,NT
225.18091989304912,18,17,NT
0,180,13,NT
295.0904744799014,180,14,T
308.5497800205526,180,15,NT
0,180,16,NT
38.6004081897362,180,17,NT
0,181,13,NT
687.4978777678015,181,14,T
444.3464050909173,181,15,NT
0,181,16,NT
69.39933757939885,181,17,NT
0,182,13,NT
1503.5636120050003,182,14,T
2108.363937992854,182,15,NT
2032.2858933847908,182,16,NT
225.18091989304912,182,17,NT
0,183,13,NT
1503.5636120050003,183,14,T
2108.363937992854,183,15,NT
2032.2858933847908,183,16,NT
225.18091989304912,183,17,NT
0,184,13,NT
1862.3448805913283,184,14,T
1941.60740095228,184,15,NT
2032.2858933847733,184,16,NT
185.88149356895008,184,17,NT
0,185,13,NT
702.708016066737,185,14,T
410.68482920438,185,15,NT
0,185,16,NT
60.32122928169248,185,17,NT
0,186,13,NT
687.4978777678015,186,14,T
444.3464050909173,186,15,NT
0,186,16,NT
69.39933757939885,186,17,NT
0,187,13,NT
687.4978777678015,187,14,T
444.3464050909173,187,15,NT
0,187,16,NT
69.39933757939885,187,17,NT
0,188,13,NT
1503.5636120050003,188,14,T
2108.363937992854,188,15,NT
2032.2858933847908,188,16,NT
225.18091989304912,188,17,NT
0,189,13,NT
1235.4412508921605,189,14,T
620.1018942173284,189,15,NT
0,189,16,NT
87.97182508981842,189,17,NT
0,19,13,NT
1503.5636120050003,19,14,T
2108.363937992854,19,15,NT
2032.2858933847908,19,16,NT
225.18091989304912,19,17,NT
0,190,13,NT
1038.7847574965606,190,14,T
678.797260548138,190,15,NT
0,190,16,NT
87.97182508592118,190,17,NT
0,191,13,NT
218.0677484123972,191,14,T
223.2000155404425,191,15,NT
0,191,16,NT
12.438586645951778,191,17,NT
0,192,13,NT
218.0677484123972,192,14,T
223.2000155404425,192,15,NT
0,192,16,NT
12.438586645951778,192,17,NT
0,193,13,NT
1038.7847574969874,193,14,T
678.797260548138,193,15,NT
0,193,16,NT
96.0150477145724,193,17,NT
0,194,13,NT
1235.4412508921605,194,14,T
620.1018942173284,194,15,NT
0,194,16,NT
87.97182508981842,194,17,NT
0,195,13,NT
1235.4412508921605,195,14,T
620.1018942173284,195,15,NT
0,195,16,NT
87.97182508981842,195,17,NT
0,196,13,NT
203.92752972421374,196,14,T
193.39541399873727,196,15,NT
0,196,16,NT
12.438586645951778,196,17,NT
0,197,13,NT
1151.0232671338968,197,14,T
1032.5829469671446,197,15,NT
357.22823781839384,197,16,NT
132.45200603525174,197,17,NT
0,198,13,NT
1151.0232671338968,198,14,T
1032.5829469671446,198,15,NT
357.22823781839384,198,16,NT
132.45200603525174,198,17,NT
0,199,13,NT
630.3767659721387,199,14,T
289.64801802527563,199,15,NT
0,199,16,NT
38.6004081897362,199,17,NT
0,2,13,NT
926.0313985675741,2,14,T
620.1018942210537,2,15,NT
0,2,16,NT
87.97182508981842,2,17,NT
0,20,13,NT
1862.3448805913283,20,14,T
1941.60740095228,20,15,NT
2032.2858933847733,20,16,NT
185.88149356895008,20,17,NT
0,200,13,NT
618.3547177611094,200,14,T
308.5497800205526,200,15,NT
0,200,16,NT
45.5631977785074,200,17,NT
0,201,13,NT
819.8134191996983,201,14,T
642.6515147718607,201,15,NT
0,201,16,NT
87.97182508592118,201,17,NT
0,202,13,NT
819.8134191996983,202,14,T
642.6515147718607,202,15,NT
0,202,16,NT
87.97182508592118,202,17,NT
0,203,13,NT
564.5100280550009,203,14,T
205.91386910362468,203,15,NT
0,203,16,NT
12.438586645020456,203,17,NT
0,204,13,NT
551.08201415976,204,14,T
223.20001553984963,204,15,NT
0,204,16,NT
23.177323406875818,204,17,NT
0,205,13,NT
218.0677484123972,205,14,T
223.2000155404425,205,15,NT
0,205,16,NT
12.438586645951778,205,17,NT
0,206,13,NT
218.0677484123972,206,14,T
223.2000155404425,206,15,NT
0,206,16,NT
12.438586645951778,206,17,NT
0,207,13,NT
1038.7847574969874,207,14,T
678.797260548138,207,15,NT
0,207,16,NT
96.0150477145724,207,17,NT
0,208,13,NT
1235.4412508921605,208,14,T
620.1018942173284,208,15,NT
0,208,16,NT
87.97182508981842,208,17,NT
0,209,13,NT
303.49150130851996,209,14,T
308.5497800205526,209,15,NT
0,209,16,NT
33.83120228235434,209,17,NT
0,21,13,NT
4141.169971610353,21,14,T
1125.3954700951556,21,15,NT
357.2282378186611,21,16,NT
143.5605752644543,21,17,NT
0,210,13,NT
661.7122145392576,210,14,T
269.7499678195488,210,15,NT
0,210,16,NT
38.6004081897362,210,17,NT
0,211,13,NT
661.7122145392576,211,14,T
269.7499678195488,211,15,NT
0,211,16,NT
38.6004081897362,211,17,NT
0,212,13,NT
1254.6016336944097,212,14,T
898.3177916595293,212,15,NT
357.22823781699606,212,16,NT
132.45200603528613,212,17,NT
0,213,13,NT
203.92752972421374,213,14,T
193.39541399873727,213,15,NT
0,213,16,NT
12.438586645951778,213,17,NT
0,214,13,NT
198.20776150403333,214,14,T
193.3954140005999,214,15,NT
0,214,16,NT
12.438586645951778,214,17,NT
0,215,13,NT
926.0313985675741,215,14,T
620.1018942210537,215,15,NT
0,215,16,NT
87.97182508981842,215,17,NT
0,216,13,NT
1038.7847574965606,216,14,T
678.7972605481451,216,15,NT
0,216,16,NT
96.0150477145724,216,17,NT
0,217,13,NT
618.3547177611094,217,14,T
308.5497800205526,217,15,NT
0,217,16,NT
45.5631977785074,217,17,NT
0,218,13,NT
1055.5593507088074,218,14,T
1125.3954700948843,218,15,NT
357.22823781721735,218,16,NT
153.96397894785852,218,17,NT
0,219,13,NT
1055.5593507088074,219,14,T
1125.3954700948843,219,15,NT
357.22823781721735,219,16,NT
153.96397894785852,219,17,NT
0,22,13,NT
4141.16997161051,22,14,T
1125.395470094721,22,15,NT
357.22823781511266,22,16,NT
143.5605752644543,22,17,NT
0,220,13,NT
1151.0232671338968,220,14,T
1032.5829469671446,220,15,NT
357.22823781839384,220,16,NT
132.45200603525174,220,17,NT
0,221,13,NT
9510.36872710508,221,14,T
2108.363937992036,221,15,NT
2032.2858933846883,221,16,NT
202.00831871306775,221,17,NT
0,222,13,NT
657.7233907547588,222,14,T
444.3464050909173,222,15,NT
0,222,16,NT
64.88149799460584,222,17,NT
0,223,13,NT
657.7233907524392,223,14,T
444.34640507601614,223,15,NT
0,223,16,NT
60.32122928156038,223,17,NT
0,224,13,NT
660.0319662465884,224,14,T
383.45139541546257,224,15,NT
0,224,16,NT
60.32122928169248,224,17,NT
0,225,13,NT
748.7590669684968,225,14,T
383.45139541546257,225,15,NT
0,225,16,NT
60.32122928169248,225,17,NT
0,226,13,NT
2265.5403980949905,226,14,T
1639.966197031932,226,15,NT
2032.2858933849266,226,16,NT
185.88149356895008,226,17,NT
0,227,13,NT
2265.5403981396844,227,14,T
1639.96619703199,227,15,NT
1799.9614926403585,227,16,NT
185.88149356895008,227,17,NT
0,228,13,NT
1536.5484245969697,228,14,T
2108.3639379933975,228,15,NT
2346.031595428091,228,16,NT
192.85060879200273,228,17,NT
0,229,13,NT
1536.5484245969697,229,14,T
2108.3639379933975,229,15,NT
2346.031595428091,229,16,NT
192.85060879200273,229,17,NT
0,23,13,NT
2837.401227297351,23,14,T
1002.2426280097906,23,15,NT
689.7741793119492,23,16,NT
132.45200603525174,23,17,NT
0,230,13,NT
2265.5403981396844,230,14,T
1639.96619703199,230,15,NT
1799.9614926403585,230,16,NT
185.88149356895008,230,17,NT
0,231,13,NT
748.7590669684968,231,14,T
383.45139541546257,231,15,NT
0,231,16,NT
60.32122928169248,231,17,NT
0,232,13,NT
748.7590669684968,232,14,T
383.45139541546257,232,15,NT
0,232,16,NT
60.32122928169248,232,17,NT
0,233,13,NT
702.708016066737,233,14,T
410.68482920438,233,15,NT
0,233,16,NT
60.32122928169248,233,17,NT
0,234,13,NT
702.708016066737,234,14,T
410.68482920438,234,15,NT
0,234,16,NT
60.32122928169248,234,17,NT
0,235,13,NT
1862.3448805913283,235,14,T
1941.60740095228,235,15,NT
2032.2858933847733,235,16,NT
185.88149356895008,235,17,NT
0,236,13,NT
1503.5636120050003,236,14,T
2108.363937992854,236,15,NT
2032.2858933847908,236,16,NT
225.18091989304912,236,17,NT
0,237,13,NT
3134.573430708939,237,14,T
1002.2426280097474,237,15,NT
689.7741793129886,237,16,NT
132.45200603525174,237,17,NT
0,238,13,NT
4141.169971610353,238,14,T
1125.3954700951556,238,15,NT
357.2282378186611,238,16,NT
143.5605752644543,238,17,NT
0,239,13,NT
295.0904744799014,239,14,T
308.5497800205526,239,15,NT
0,239,16,NT
42.37172243571007,239,17,NT
0,24,13,NT
258.6895302231416,24,14,T
269.7499678195488,24,15,NT
0,24,16,NT
38.6004081897362,24,17,NT
0,240,13,NT
295.0904744799014,240,14,T
308.5497800205526,240,15,NT
0,240,16,NT
42.37172243571007,240,17,NT
0,241,13,NT
748.7590669684968,241,14,T
383.45139541546257,241,15,NT
0,241,16,NT
60.32122928169248,241,17,NT
0,242,13,NT
336.9016218748289,242,14,T
444.34640507601614,242,15,NT
0,242,16,NT
50.70330529447496,242,17,NT
0,243,13,NT
336.9016219046312,243,14,T
444.3464050909173,243,15,NT
0,243,16,NT
50.70330529447496,243,17,NT
0,244,13,NT
1536.5484245978719,244,14,T
2108.363937992671,244,15,NT
2346.0315954285356,244,16,NT
192.85060879200273,244,17,NT
0,245,13,NT
687.4978777678015,245,14,T
444.3464050909173,245,15,NT
0,245,16,NT
69.39933757939885,245,17,NT
0,246,13,NT
687.4978777678015,246,14,T
444.3464050909173,246,15,NT
0,246,16,NT
69.39933757939885,246,17,NT
0,247,13,NT
1503.5636120050003,247,14,T
2108.363937992854,247,15,NT
2032.2858933847908,247,16,NT
225.18091989304912,247,17,NT
0,248,13,NT
1862.3448805913283,248,14,T
1941.60740095228,248,15,NT
2032.2858933847733,248,16,NT
185.88149356895008,248,17,NT
0,249,13,NT
1038.7847574965606,249,14,T
678.797260548138,249,15,NT
0,249,16,NT
87.97182508592118,249,17,NT
0,25,13,NT
1151.0232671338968,25,14,T
1032.5829469671446,25,15,NT
357.22823781839384,25,16,NT
132.45200603525174,25,17,NT
0,250,13,NT
218.0677484123972,250,14,T
223.2000155404425,250,15,NT
0,250,16,NT
12.438586645951778,250,17,NT
0,251,13,NT
203.92752972421374,251,14,T
193.39541399873727,251,15,NT
0,251,16,NT
12.438586645951778,251,17,NT
0,252,13,NT
203.92752972421374,252,14,T
193.39541399873727,252,15,NT
0,252,16,NT
12.438586645951778,252,17,NT
0,253,13,NT
870.7370658968679,253,14,T
1125.3954700953134,253,15,NT
702.200364036977,253,16,NT
125.73648420699985,253,17,NT
0,254,13,NT
870.7370658968679,254,14,T
1125.3954700953134,254,15,NT
702.200364036977,254,16,NT
125.73648420699985,254,17,NT
0,255,13,NT
1254.6016336944097,255,14,T
898.3177916595293,255,15,NT
357.22823781699606,255,16,NT
132.45200603528613,255,17,NT
0,256,13,NT
661.7122145392576,256,14,T
269.7499678195488,256,15,NT
0,256,16,NT
38.6004081897362,256,17,NT
0,26,13,NT
1055.5593507088074,26,14,T
1125.3954700948843,26,15,NT
357.22823781721735,26,16,NT
153.96397894785852,26,17,NT
0,27,13,NT
1055.5593507088074,27,14,T
1125.3954700948843,27,15,NT
357.22823781721735,27,16,NT
153.96397894785852,27,17,NT
0,28,13,NT
618.3547177611094,28,14,T
308.5497800205526,28,15,NT
0,28,16,NT
45.5631977785074,28,17,NT
0,29,13,NT
657.7233907524392,29,14,T
444.34640507601614,29,15,NT
0,29,16,NT
60.32122928156038,29,17,NT
0,3,13,NT
1235.4412508921605,3,14,T
620.1018942173284,3,15,NT
0,3,16,NT
87.97182508981842,3,17,NT
0,30,13,NT
657.7233907547588,30,14,T
444.3464050909173,30,15,NT
0,30,16,NT
64.88149799460584,30,17,NT
0,31,13,NT
9510.36872710508,31,14,T
2108.363937992036,31,15,NT
2032.2858933846883,31,16,NT
202.00831871306775,31,17,NT
0,32,13,NT
4692.049359845236,32,14,T
1855.3463849393904,32,15,NT
2203.321824754514,32,16,NT
185.88149356895008,32,17,NT
0,33,13,NT
551.08201415976,33,14,T
223.20001553984963,33,15,NT
0,33,16,NT
23.177323406875818,33,17,NT
0,34,13,NT
551.08201415976,34,14,T
223.20001553984963,34,15,NT
0,34,16,NT
23.177323406875818,34,17,NT
0,35,13,NT
793.823006426951,35,14,T
678.797260548138,35,15,NT
0,35,16,NT
104.59461118621098,35,17,NT
0,36,13,NT
819.8134191996983,36,14,T
642.6515147718607,36,15,NT
0,36,16,NT
87.97182508592118,36,17,NT
0,37,13,NT
551.08201415976,37,14,T
223.20001553984963,37,15,NT
0,37,16,NT
23.177323406875818,37,17,NT
0,38,13,NT
793.823006426951,38,14,T
678.797260548138,38,15,NT
0,38,16,NT
104.59461118621098,38,17,NT
0,39,13,NT
819.8134191996983,39,14,T
642.6515147718607,39,15,NT
0,39,16,NT
87.97182508592118,39,17,NT
0,4,13,NT
203.92752972421374,4,14,T
193.39541399873727,4,15,NT
0,4,16,NT
12.438586645951778,4,17,NT
0,40,13,NT
819.8134191996983,40,14,T
642.6515147718607,40,15,NT
0,40,16,NT
87.97182508592118,40,17,NT
0,41,13,NT
1038.7847574965606,41,14,T
678.797260548138,41,15,NT
0,41,16,NT
87.97182508592118,41,17,NT
0,42,13,NT
218.0677484123972,42,14,T
223.2000155404425,42,15,NT
0,42,16,NT
12.438586645951778,42,17,NT
0,43,13,NT
218.0677484123972,43,14,T
223.2000155404425,43,15,NT
0,43,16,NT
12.438586645951778,43,17,NT
0,44,13,NT
203.92752972421374,44,14,T
193.39541399873727,44,15,NT
0,44,16,NT
12.438586645951778,44,17,NT
0,45,13,NT
1055.5593507088074,45,14,T
1125.3954700948843,45,15,NT
357.22823781721735,45,16,NT
153.96397894785852,45,17,NT
0,46,13,NT
1055.5593507088074,46,14,T
1125.3954700948843,46,15,NT
357.22823781721735,46,16,NT
153.96397894785852,46,17,NT
0,47,13,NT
618.3547177611094,47,14,T
308.5497800205526,47,15,NT
0,47,16,NT
45.5631977785074,47,17,NT
0,48,13,NT
630.3767659721387,48,14,T
289.64801802527563,48,15,NT
0,48,16,NT
38.6004081897362,48,17,NT
0,49,13,NT
9510.36872710508,49,14,T
2108.363937992036,49,15,NT
2032.2858933846883,49,16,NT
202.00831871306775,49,17,NT
0,5,13,NT
657.7233907524392,5,14,T
444.34640507601614,5,15,NT
0,5,16,NT
60.32122928156038,5,17,NT
0,50,13,NT
657.7233907547588,50,14,T
444.3464050909173,50,15,NT
0,50,16,NT
64.88149799460584,50,17,NT
0,51,13,NT
657.7233907524392,51,14,T
444.34640507601614,51,15,NT
0,51,16,NT
64.88149799455331,51,17,NT
0,52,13,NT
660.0319662465884,52,14,T
383.45139541546257,52,15,NT
0,52,16,NT
60.32122928169248,52,17,NT
0,53,13,NT
660.0319662465884,53,14,T
383.45139541546257,53,15,NT
0,53,16,NT
60.32122928169248,53,17,NT
0,54,13,NT
660.0319662465884,54,14,T
383.45139541546257,54,15,NT
0,54,16,NT
60.32122928169248,54,17,NT
0,55,13,NT
657.7233907524392,55,14,T
444.34640507601614,55,15,NT
0,55,16,NT
60.32122928156038,55,17,NT
0,56,13,NT
9510.368727083542,56,14,T
2108.3639379922674,56,15,NT
2032.2858933834714,56,16,NT
185.88149356895008,56,17,NT
0,57,13,NT
336.9016219046312,57,14,T
444.3464050909173,57,15,NT
0,57,16,NT
50.70330529447496,57,17,NT
0,58,13,NT
336.9016218748289,58,14,T
444.34640507601614,58,15,NT
0,58,16,NT
50.70330529447496,58,17,NT
0,59,13,NT
748.7590669684968,59,14,T
383.45139541546257,59,15,NT
0,59,16,NT
60.32122928169248,59,17,NT
0,6,13,NT
9510.368727083542,6,14,T
2108.3639379922674,6,15,NT
2032.2858933834714,6,16,NT
185.88149356895008,6,17,NT
0,60,13,NT
2265.5403980949905,60,14,T
1639.966197031932,60,15,NT
2032.2858933849266,60,16,NT
185.88149356895008,60,17,NT
0,61,13,NT
793.823006426951,61,14,T
678.797260548138,61,15,NT
0,61,16,NT
104.59461118621098,61,17,NT
0,62,13,NT
819.8134191996983,62,14,T
642.6515147718607,62,15,NT
0,62,16,NT
87.97182508592118,62,17,NT
0,63,13,NT
819.8134191996983,63,14,T
642.6515147718607,63,15,NT
0,63,16,NT
87.97182508592118,63,17,NT
0,64,13,NT
564.5100280550009,64,14,T
205.91386910362468,64,15,NT
0,64,16,NT
12.438586645020456,64,17,NT
0,65,13,NT
618.3547177611094,65,14,T
308.5497800205526,65,15,NT
0,65,16,NT
45.5631977785074,65,17,NT
0,66,13,NT
630.3767659721387,66,14,T
289.64801802527563,66,15,NT
0,66,16,NT
38.6004081897362,66,17,NT
0,67,13,NT
1151.0232671338968,67,14,T
1032.5829469671446,67,15,NT
357.22823781839384,67,16,NT
132.45200603525174,67,17,NT
0,68,13,NT
1151.0232671338968,68,14,T
1032.5829469671446,68,15,NT
357.22823781839384,68,16,NT
132.45200603525174,68,17,NT
0,69,13,NT
819.8134191996983,69,14,T
642.6515147718607,69,15,NT
0,69,16,NT
87.97182508592118,69,17,NT
0,7,13,NT
9510.368727106787,7,14,T
2108.363937993337,7,15,NT
2032.2858933846658,7,16,NT
202.00831871306775,7,17,NT
0,70,13,NT
819.8134191996983,70,14,T
642.6515147718607,70,15,NT
0,70,16,NT
87.97182508592118,70,17,NT
0,71,13,NT
793.823006426951,71,14,T
678.797260548138,71,15,NT
0,71,16,NT
104.59461118621098,71,17,NT
0,72,13,NT
551.08201415976,72,14,T
223.20001553984963,72,15,NT
0,72,16,NT
23.177323406875818,72,17,NT
0,73,13,NT
1055.5593507088074,73,14,T
1125.3954700948843,73,15,NT
357.22823781721735,73,16,NT
153.96397894785852,73,17,NT
0,74,13,NT
1055.5593507088074,74,14,T
1125.3954700948843,74,15,NT
357.22823781721735,74,16,NT
153.96397894785852,74,17,NT
0,75,13,NT
1151.0232671338968,75,14,T
1032.5829469671446,75,15,NT
357.22823781839384,75,16,NT
132.45200603525174,75,17,NT
0,76,13,NT
630.3767659721387,76,14,T
289.64801802527563,76,15,NT
0,76,16,NT
38.6004081897362,76,17,NT
0,77,13,NT
1151.0232671338968,77,14,T
1032.5829469671446,77,15,NT
357.22823781839384,77,16,NT
132.45200603525174,77,17,NT
0,78,13,NT
1151.0232671338968,78,14,T
1032.5829469671446,78,15,NT
357.22823781839384,78,16,NT
132.45200603525174,78,17,NT
0,79,13,NT
1055.5593507088074,79,14,T
1125.3954700948843,79,15,NT
357.22823781721735,79,16,NT
153.96397894785852,79,17,NT
0,8,13,NT
4847.810363955258,8,14,T
1855.3463849394075,8,15,NT
2203.3218247545806,8,16,NT
185.88149356895008,8,17,NT
0,80,13,NT
618.3547177611094,80,14,T
308.5497800205526,80,15,NT
0,80,16,NT
45.5631977785074,80,17,NT
0,81,13,NT
660.0319662465884,81,14,T
383.45139541546257,81,15,NT
0,81,16,NT
60.32122928169248,81,17,NT
0,82,13,NT
590.15029924046,82,14,T
383.45139541546257,82,15,NT
0,82,16,NT
60.32122928156038,82,17,NT
0,83,13,NT
657.7233907547588,83,14,T
444.3464050909173,83,15,NT
0,83,16,NT
64.88149799460584,83,17,NT
0,84,13,NT
9510.36872710508,84,14,T
2108.363937992036,84,15,NT
2032.2858933846883,84,16,NT
202.00831871306775,84,17,NT
0,85,13,NT
3134.573430708939,85,14,T
1002.2426280097474,85,15,NT
689.7741793129886,85,16,NT
132.45200603525174,85,17,NT
0,86,13,NT
4141.169971610353,86,14,T
1125.3954700951556,86,15,NT
357.2282378186611,86,16,NT
143.5605752644543,86,17,NT
0,87,13,NT
4141.16997161092,87,14,T
1125.3954700947615,87,15,NT
357.22823781511266,87,16,NT
132.45200603525174,87,17,NT
0,88,13,NT
295.0904744799014,88,14,T
308.5497800205526,88,15,NT
0,88,16,NT
38.6004081897362,88,17,NT
0,89,13,NT
1055.5593507088074,89,14,T
1125.3954700948843,89,15,NT
357.22823781721735,89,16,NT
153.96397894785852,89,17,NT
0,9,13,NT
870.7370658947165,9,14,T
1125.395470096906,9,15,NT
702.2003640385803,9,16,NT
125.73648420699985,9,17,NT
0,90,13,NT
618.3547177611094,90,14,T
308.5497800205526,90,15,NT
0,90,16,NT
45.5631977785074,90,17,NT
0,91,13,NT
618.3547177611094,91,14,T
308.5497800205526,91,15,NT
0,91,16,NT
45.5631977785074,91,17,NT
0,92,13,NT
630.3767659721387,92,14,T
289.64801802527563,92,15,NT
0,92,16,NT
38.6004081897362,92,17,NT
0,93,13,NT
748.7590669684968,93,14,T
383.45139541546257,93,15,NT
0,93,16,NT
60.32122928169248,93,17,NT
0,94,13,NT
2265.5403980949905,94,14,T
1639.966197031932,94,15,NT
2032.2858933849266,94,16,NT
185.88149356895008,94,17,NT
0,95,13,NT
2265.5403980949905,95,14,T
1639.966197031932,95,15,NT
2032.2858933849266,95,16,NT
185.88149356895008,95,17,NT
0,96,13,NT
1536.5484245969697,96,14,T
2108.3639379933975,96,15,NT
2346.031595428091,96,16,NT
192.85060879200273,96,17,NT
0,97,13,NT
793.823006426951,97,14,T
678.797260548138,97,15,NT
0,97,16,NT
104.59461118621098,97,17,NT
0,98,13,NT
793.823006426951,98,14,T
678.797260548138,98,15,NT
0,98,16,NT
104.59461118621098,98,17,NT
0,99,13,NT
551.08201415976,99,14,T
223.20001553984963,99,15,NT
0,99,16,NT
23.177323406875818,99,17,NT
19.899074405544173,1,18,NT
0,1,19,T
0,1,20,T
0,1,21,T
600.3008416316791,1,22,T
0,1,23,T
5.286541913526939,10,18,NT
0,10,19,T
0,10,20,T
0,10,21,T
5228.928548624833,10,22,T
0,10,23,T
4.212694027131469,100,18,NT
0,100,19,T
0,100,20,T
0,100,21,T
0,100,22,T
0,100,23,T
30.944865578415406,101,18,NT
0,101,19,T
0,101,20,T
0,101,21,T
600.3008416317444,101,22,T
0,101,23,T
4.212694027131469,102,18,NT
0,102,19,T
0,102,20,T
0,102,21,T
0,102,22,T
0,102,23,T
4.21269402694201,103,18,NT
0,103,19,T
0,103,20,T
0,103,21,T
0,103,22,T
0,103,23,T
3.309690203056061,104,18,NT
0,104,19,T
0,104,20,T
0,104,21,T
4495.572108711453,104,22,T
0,104,23,T
6.361128651572955,105,18,NT
0,105,19,T
0,105,20,T
0,105,21,T
199.09692000142942,105,22,T
0,105,23,T
2019.8901338037078,106,18,NT
187.61122736530768,106,19,T
5091.774863346475,106,20,T
5091.774863346475,106,21,T
736.4603389469441,106,22,T
5897.486278093166,106,23,T
910.5042856166812,107,18,NT
186.32587901156728,107,19,T
2563.7674976974477,107,20,T
2675.317286296215,107,21,T
4227.680378141842,107,22,T
6572.680768700276,107,23,T
910.5042856526178,108,18,NT
186.32587900988327,108,19,T
2563.7674977345964,108,20,T
2675.317286333364,108,21,T
4227.680378139905,108,22,T
6572.680768699864,108,23,T
2019.8901338037078,109,18,NT
187.61122736530768,109,19,T
5091.774863346475,109,20,T
5091.774863346475,109,21,T
736.4603389469441,109,22,T
5897.486278093166,109,23,T
5.286541913526939,11,18,NT
0,11,19,T
0,11,20,T
0,11,21,T
5228.928548624833,11,22,T
0,11,23,T
910.5042856526178,110,18,NT
186.32587900988327,110,19,T
2563.7674977345964,110,20,T
2675.317286333364,110,21,T
4227.680378139905,110,22,T
6572.680768699864,110,23,T
910.504285613579,111,18,NT
186.32587900988327,111,19,T
2563.7674977013776,111,20,T
2675.317286300145,111,21,T
4227.680378139552,111,22,T
6572.680768700552,111,23,T
6.189268660092395,112,18,NT
0,112,19,T
0,112,20,T
0,112,21,T
3787.2720577153896,112,22,T
0,112,23,T
2019.8901338399417,113,18,NT
197.7957788118559,113,19,T
4543.888771268399,113,20,T
4543.888771268399,113,21,T
5608.810379027544,113,22,T
6126.316389634902,113,23,T
2019.8901338399417,114,18,NT
197.7957788118559,114,19,T
4543.888771268399,114,20,T
4543.888771268399,114,21,T
5608.810379027544,114,22,T
6126.316389634902,114,23,T
6.361128651518328,115,18,NT
0,115,19,T
0,115,20,T
0,115,21,T
5437.734745614332,115,22,T
0,115,23,T
6.060188956385147,116,18,NT
0,116,19,T
0,116,20,T
0,116,21,T
436.3598001025456,116,22,T
0,116,23,T
2019.8901338037078,117,18,NT
187.61122736530768,117,19,T
5091.774863346475,117,20,T
5091.774863346475,117,21,T
736.4603389469441,117,22,T
5897.486278093166,117,23,T
910.504285613579,118,18,NT
186.32587900988327,118,19,T
2563.7674977013776,118,20,T
2675.317286300145,118,21,T
4227.680378139552,118,22,T
6572.680768700552,118,23,T
6.189268660092395,119,18,NT
0,119,19,T
0,119,20,T
0,119,21,T
3787.2720577153896,119,22,T
0,119,23,T
4.685216648872988,12,18,NT
0,12,19,T
0,12,20,T
0,12,21,T
0,12,22,T
0,12,23,T
6.189268660092395,120,18,NT
0,120,19,T
0,120,20,T
0,120,21,T
3787.2720577153896,120,22,T
0,120,23,T
5.630538970704997,121,18,NT
0,121,19,T
0,121,20,T
0,121,21,T
0,121,22,T
0,121,23,T
252.56551126903364,122,18,NT
70.39301430181763,122,19,T
1039.5332944741267,122,20,T
1039.5332944741267,122,21,T
672.0937841103427,122,22,T
0,122,23,T
252.56551126915326,123,18,NT
70.39301430181763,123,19,T
1039.5332944744405,123,20,T
1039.5332944744405,123,21,T
672.0937841096811,123,22,T
0,123,23,T
57.72434284670595,124,18,NT
88.22422753613704,124,19,T
3179.74679783707,124,20,T
3179.74679783707,124,21,T
5559.146718344169,124,22,T
0,124,23,T
6.060188956385147,125,18,NT
0,125,19,T
0,125,20,T
0,125,21,T
436.3598001025456,125,22,T
0,125,23,T
531.9426789882344,126,18,NT
187.61122736467058,126,19,T
2875.279218020661,126,20,T
2986.829006619429,126,21,T
2156.618522257089,126,22,T
6303.759798473862,126,23,T
2019.8901338399417,127,18,NT
197.7957788118559,127,19,T
4543.888771268399,127,20,T
4543.888771268399,127,21,T
5608.810379027544,127,22,T
6126.316389634902,127,23,T
2019.8901338399417,128,18,NT
197.7957788118559,128,19,T
4543.888771268399,128,20,T
4543.888771268399,128,21,T
5608.810379027544,128,22,T
6126.316389634902,128,23,T
30.944865578415406,129,18,NT
0,129,19,T
0,129,20,T
0,129,21,T
600.3008416317444,129,22,T
0,129,23,T
6.361128651518328,13,18,NT
0,13,19,T
0,13,20,T
0,13,21,T
5437.734745614332,13,22,T
0,13,23,T
4.21269402694201,130,18,NT
0,130,19,T
0,130,20,T
0,130,21,T
0,130,22,T
0,130,23,T
3.309690203056061,131,18,NT
0,131,19,T
0,131,20,T
0,131,21,T
4495.572108710629,131,22,T
0,131,23,T
3.309690203056061,132,18,NT
0,132,19,T
0,132,20,T
0,132,21,T
4495.572108711453,132,22,T
0,132,23,T
130.26163601423968,133,18,NT
88.22422753613704,133,19,T
2863.4492847547226,133,20,T
2863.4492847547226,133,21,T
672.0937841096811,133,22,T
0,133,23,T
130.26163601423968,134,18,NT
88.22422753613704,134,19,T
2863.4492847547226,134,20,T
2863.4492847547226,134,21,T
672.0937841096811,134,22,T
0,134,23,T
82.30540153504151,135,18,NT
81.78003194711394,135,19,T
0,135,20,T
0,135,21,T
3850.641275178133,135,22,T
3595.7997818353815,135,23,T
5.114866630960528,136,18,NT
0,136,19,T
0,136,20,T
0,136,21,T
3722.3124899551813,136,22,T
0,136,23,T
19.899074405544173,137,18,NT
0,137,19,T
0,137,20,T
0,137,21,T
600.3008416316791,137,22,T
0,137,23,T
19.899074405544173,138,18,NT
0,138,19,T
0,138,20,T
0,138,21,T
600.3008416316791,138,22,T
0,138,23,T
3.954811680033849,139,18,NT
0,139,19,T
0,139,20,T
0,139,21,T
0,139,22,T
0,139,23,T
6.060188956385147,14,18,NT
0,14,19,T
0,14,20,T
0,14,21,T
436.3598001025456,14,22,T
0,14,23,T
3.610906978108805,140,18,NT
0,140,19,T
0,140,20,T
0,140,21,T
3550.3264651075465,140,22,T
0,140,23,T
30.944865578415406,141,18,NT
0,141,19,T
0,141,20,T
0,141,21,T
600.3008416317444,141,22,T
0,141,23,T
4.21269402694201,142,18,NT
0,142,19,T
0,142,20,T
0,142,21,T
0,142,22,T
0,142,23,T
4.212694027131469,143,18,NT
0,143,19,T
0,143,20,T
0,143,21,T
0,143,22,T
0,143,23,T
3.309690203056061,144,18,NT
0,144,19,T
0,144,20,T
0,144,21,T
4495.572108711453,144,22,T
0,144,23,T
57.724342850844835,145,18,NT
88.22422753613704,145,19,T
3637.9984287115262,145,20,T
3637.9984287115262,145,21,T
5559.146718313266,145,22,T
0,145,23,T
252.56551127088602,146,18,NT
70.39301430189278,146,19,T
1039.5332944763852,146,20,T
1039.5332944763852,146,21,T
658.2155355011722,146,22,T
810.7568498423061,146,23,T
5.630538970704997,147,18,NT
0,147,19,T
0,147,20,T
0,147,21,T
0,147,22,T
0,147,23,T
5.630538970704997,148,18,NT
0,148,19,T
0,148,20,T
0,148,21,T
0,148,22,T
0,148,23,T
5.114866630960528,149,18,NT
0,149,19,T
0,149,20,T
0,149,21,T
3722.3124899551813,149,22,T
0,149,23,T
531.9426789882344,15,18,NT
187.61122736467058,15,19,T
2875.279218020661,15,20,T
2986.829006619429,15,21,T
2156.618522257089,15,22,T
6303.759798473862,15,23,T
5.286541913526939,150,18,NT
0,150,19,T
0,150,20,T
0,150,21,T
0,150,22,T
0,150,23,T
130.26163601423968,151,18,NT
88.22422753613704,151,19,T
2863.4492847547226,151,20,T
2863.4492847547226,151,21,T
672.0937841096811,151,22,T
0,151,23,T
130.26163601423968,152,18,NT
88.22422753613704,152,19,T
2863.4492847547226,152,20,T
2863.4492847547226,152,21,T
672.0937841096811,152,22,T
0,152,23,T
5.286541913526939,153,18,NT
0,153,19,T
0,153,20,T
0,153,21,T
0,153,22,T
0,153,23,T
5.286541913526939,154,18,NT
0,154,19,T
0,154,20,T
0,154,21,T
0,154,22,T
0,154,23,T
130.26163601423968,155,18,NT
88.22422753613704,155,19,T
2863.4492847547226,155,20,T
2863.4492847547226,155,21,T
672.0937841096811,155,22,T
0,155,23,T
82.30540153504151,156,18,NT
81.78003194711394,156,19,T
0,156,20,T
0,156,21,T
3850.641275178133,156,22,T
3595.7997818353815,156,23,T
13.926016085661589,157,18,NT
0,157,19,T
0,157,20,T
0,157,21,T
618.0862271199449,157,22,T
0,157,23,T
9.713599142544519,158,18,NT
0,158,19,T
0,158,20,T
0,158,21,T
618.0862271199459,158,22,T
0,158,23,T
3.309690203056061,159,18,NT
0,159,19,T
0,159,20,T
0,159,21,T
0,159,22,T
0,159,23,T
531.9426789882344,16,18,NT
187.61122736467058,16,19,T
2875.279218020661,16,20,T
2986.829006619429,16,21,T
2156.618522257089,16,22,T
6303.759798473862,16,23,T
3.954811680021002,160,18,NT
0,160,19,T
0,160,20,T
0,160,21,T
4766.603258593247,160,22,T
0,160,23,T
3.610906978108805,161,18,NT
0,161,19,T
0,161,20,T
0,161,21,T
3550.3264651075465,161,22,T
0,161,23,T
3.954811680033849,162,18,NT
0,162,19,T
0,162,20,T
0,162,21,T
0,162,22,T
0,162,23,T
3.954811680033849,163,18,NT
0,163,19,T
0,163,20,T
0,163,21,T
0,163,22,T
0,163,23,T
19.899074405544173,164,18,NT
0,164,19,T
0,164,20,T
0,164,21,T
600.3008416316791,164,22,T
0,164,23,T
9.713599142817822,165,18,NT
0,165,19,T
1906.9746100335585,165,20,T
1906.9746100335585,165,21,T
5504.842100566944,165,22,T
0,165,23,T
30.944865578415406,166,18,NT
0,166,19,T
0,166,20,T
0,166,21,T
578.0006223759494,166,22,T
0,166,23,T
4.21269402694201,167,18,NT
0,167,19,T
0,167,20,T
0,167,21,T
0,167,22,T
0,167,23,T
4.21269402694201,168,18,NT
0,168,19,T
0,168,20,T
0,168,21,T
0,168,22,T
0,168,23,T
130.26163601423968,169,18,NT
88.22422753613704,169,19,T
2863.4492847547226,169,20,T
2863.4492847547226,169,21,T
672.0937841096811,169,22,T
0,169,23,T
6.060188956385147,17,18,NT
0,17,19,T
0,17,20,T
0,17,21,T
5361.0877761735765,17,22,T
0,17,23,T
82.30540153504151,170,18,NT
81.78003194711394,170,19,T
0,170,20,T
0,170,21,T
3850.6412751191524,170,22,T
3595.7997818361932,170,23,T
5.114866630960528,171,18,NT
0,171,19,T
0,171,20,T
0,171,21,T
3722.3124899551813,171,22,T
0,171,23,T
5.114866630960528,172,18,NT
0,172,19,T
0,172,20,T
0,172,21,T
3722.3124899551813,172,22,T
0,172,23,T
9.713599142817822,173,18,NT
0,173,19,T
1906.9746100335585,173,20,T
1906.9746100335585,173,21,T
5504.842100566944,173,22,T
0,173,23,T
9.713599142817822,174,18,NT
0,174,19,T
1906.9746100335585,174,20,T
1906.9746100335585,174,21,T
5504.842100566944,174,22,T
0,174,23,T
30.944865578415406,175,18,NT
0,175,19,T
0,175,20,T
0,175,21,T
578.0006223759494,175,22,T
0,175,23,T
4.21269402694201,176,18,NT
0,176,19,T
0,176,20,T
0,176,21,T
0,176,22,T
0,176,23,T
82.30540153504151,177,18,NT
81.78003194711394,177,19,T
0,177,20,T
0,177,21,T
3850.6412751191524,177,22,T
3595.7997818361932,177,23,T
82.30540153504151,178,18,NT
81.78003194711394,178,19,T
0,178,20,T
0,178,21,T
3850.641275178133,178,22,T
3595.7997818353815,178,23,T
5.114866630960528,179,18,NT
0,179,19,T
0,179,20,T
0,179,21,T
3722.3124899551813,179,22,T
0,179,23,T
531.9426789871513,18,18,NT
187.61122736530768,18,19,T
5277.906437474572,18,20,T
5368.017984750608,18,21,T
11936.163725214103,18,22,T
6126.316389635109,18,23,T
5.286541913526939,180,18,NT
0,180,19,T
0,180,20,T
0,180,21,T
0,180,22,T
0,180,23,T
6.060188956385147,181,18,NT
0,181,19,T
0,181,20,T
0,181,21,T
5361.0877761735765,181,22,T
0,181,23,T
531.9426789906528,182,18,NT
187.61122736477787,182,19,T
5795.709128547004,182,20,T
5885.820675808273,182,21,T
11936.163725211738,182,22,T
6126.316389624469,182,23,T
531.9426789871513,183,18,NT
187.61122736530768,183,19,T
5277.906437474572,183,20,T
5368.017984750608,183,21,T
11936.163725214103,183,22,T
6126.316389635109,183,23,T
3385.5678045954996,184,18,NT
178.63459019202367,184,19,T
3180.7466017953416,184,20,T
3180.7466017953416,184,21,T
2260.961622053509,184,22,T
6126.31638963436,184,23,T
6.661883638454555,185,18,NT
0,185,19,T
0,185,20,T
0,185,21,T
90.50488195019608,185,22,T
0,185,23,T
6.060188956385147,186,18,NT
0,186,19,T
0,186,20,T
0,186,21,T
5361.0877761735765,186,22,T
0,186,23,T
6.060188956385147,187,18,NT
0,187,19,T
0,187,20,T
0,187,21,T
5361.0877761735765,187,22,T
0,187,23,T
531.9426789871513,188,18,NT
187.61122736530768,188,19,T
5277.906437474572,188,20,T
5368.017984750608,188,21,T
11936.163725214103,188,22,T
6126.316389635109,188,23,T
13.926016085661589,189,18,NT
0,189,19,T
0,189,20,T
0,189,21,T
3822.5416110154447,189,22,T
0,189,23,T
531.9426789906528,19,18,NT
187.61122736477787,19,19,T
5795.709128547004,19,20,T
5885.820675808273,19,21,T
11936.163725211738,19,22,T
6126.316389624469,19,23,T
19.899074405544173,190,18,NT
0,190,19,T
0,190,20,T
0,190,21,T
600.3008416316791,190,22,T
0,190,23,T
3.954811680033849,191,18,NT
0,191,19,T
0,191,20,T
0,191,21,T
0,191,22,T
0,191,23,T
3.954811680033849,192,18,NT
0,192,19,T
0,192,20,T
0,192,21,T
0,192,22,T
0,192,23,T
19.899074405544173,193,18,NT
0,193,19,T
0,193,20,T
0,193,21,T
600.3008416316791,193,22,T
0,193,23,T
13.926016085661589,194,18,NT
0,194,19,T
0,194,20,T
0,194,21,T
3822.5416110154447,194,22,T
0,194,23,T
13.926016085661589,195,18,NT
0,195,19,T
0,195,20,T
0,195,21,T
3822.5416110154447,195,22,T
0,195,23,T
3.610906978108805,196,18,NT
0,196,19,T
0,196,20,T
0,196,21,T
3550.3264651075465,196,22,T
0,196,23,T
252.56551126915326,197,18,NT
70.39301430261965,197,19,T
1039.5332944744405,197,20,T
1039.5332944744405,197,21,T
672.0937841103427,197,22,T
0,197,23,T
252.56551127072714,198,18,NT
70.39301430181982,198,19,T
1039.5332944763852,198,20,T
1039.5332944763852,198,21,T
658.2155355012912,198,22,T
810.7568498422613,198,23,T
5.630538970704997,199,18,NT
0,199,19,T
0,199,20,T
0,199,21,T
0,199,22,T
0,199,23,T
13.926016085661589,2,18,NT
0,2,19,T
0,2,20,T
0,2,21,T
3822.5416110154447,2,22,T
0,2,23,T
3385.567804535847,20,18,NT
178.63459019202367,20,19,T
3180.7466017868496,20,20,T
3180.7466017868496,20,21,T
2260.9616220604557,20,22,T
6245.664191830783,20,23,T
4.685216648872988,200,18,NT
0,200,19,T
0,200,20,T
0,200,21,T
5097.761673776443,200,22,T
0,200,23,T
30.944865578415406,201,18,NT
0,201,19,T
0,201,20,T
0,201,21,T
600.3008416316209,201,22,T
0,201,23,T
30.944865578415406,202,18,NT
0,202,19,T
0,202,20,T
0,202,21,T
600.3008416317444,202,22,T
0,202,23,T
4.212694027131469,203,18,NT
0,203,19,T
0,203,20,T
0,203,21,T
0,203,22,T
0,203,23,T
3.309690203056061,204,18,NT
0,204,19,T
0,204,20,T
0,204,21,T
4495.572108710629,204,22,T
0,204,23,T
3.954811680033849,205,18,NT
0,205,19,T
0,205,20,T
0,205,21,T
0,205,22,T
0,205,23,T
3.954811680033849,206,18,NT
0,206,19,T
0,206,20,T
0,206,21,T
0,206,22,T
0,206,23,T
19.899074405544173,207,18,NT
0,207,19,T
0,207,20,T
0,207,21,T
600.3008416316791,207,22,T
0,207,23,T
13.926016085661589,208,18,NT
0,208,19,T
0,208,20,T
0,208,21,T
3822.5416110154447,208,22,T
0,208,23,T
5.286541913526939,209,18,NT
0,209,19,T
0,209,20,T
0,209,21,T
5228.928548624833,209,22,T
0,209,23,T
130.26163601423968,21,18,NT
88.22422753613704,21,19,T
2863.4492847547226,21,20,T
2863.4492847547226,21,21,T
672.0937841096811,21,22,T
0,21,23,T
4.685216648872988,210,18,NT
0,210,19,T
0,210,20,T
0,210,21,T
0,210,22,T
0,210,23,T
4.685216648872988,211,18,NT
0,211,19,T
0,211,20,T
0,211,21,T
0,211,22,T
0,211,23,T
57.72434285070716,212,18,NT
88.22422753570066,212,19,T
0,212,20,T
0,212,21,T
684.6820667712211,212,22,T
810.7568498193596,212,23,T
3.610906978108805,213,18,NT
0,213,19,T
0,213,20,T
0,213,21,T
3550.3264651075465,213,22,T
0,213,23,T
3.610906978108805,214,18,NT
0,214,19,T
0,214,20,T
0,214,21,T
3550.3264651075465,214,22,T
0,214,23,T
13.926016085661589,215,18,NT
0,215,19,T
0,215,20,T
0,215,21,T
3822.5416110154447,215,22,T
0,215,23,T
19.899074405544173,216,18,NT
0,216,19,T
0,216,20,T
0,216,21,T
600.3008416316791,216,22,T
0,216,23,T
4.685216648872988,217,18,NT
0,217,19,T
0,217,20,T
0,217,21,T
5097.761673776443,217,22,T
0,217,23,T
57.724342850844835,218,18,NT
88.22422753613704,218,19,T
3637.9984287115262,218,20,T
3637.9984287115262,218,21,T
5559.146718313266,218,22,T
0,218,23,T
57.72434284670595,219,18,NT
88.22422753613704,219,19,T
3179.74679783707,219,20,T
3179.74679783707,219,21,T
5559.146718344169,219,22,T
0,219,23,T
130.26163601423968,22,18,NT
88.22422753613704,22,19,T
2863.4492847547226,22,20,T
2863.4492847547226,22,21,T
672.0937841096811,22,22,T
0,22,23,T
252.56551126915326,220,18,NT
70.39301430261965,220,19,T
1039.5332944744405,220,20,T
1039.5332944744405,220,21,T
672.0937841103427,220,22,T
0,220,23,T
2019.8901338037078,221,18,NT
187.61122736530768,221,19,T
5091.774863346475,221,20,T
5091.774863346475,221,21,T
736.4603389469441,221,22,T
5897.486278093166,221,23,T
6.361128651572955,222,18,NT
0,222,19,T
0,222,20,T
0,222,21,T
199.09692000142942,222,22,T
0,222,23,T
6.361128651572955,223,18,NT
0,223,19,T
0,223,20,T
0,223,21,T
199.09692000142942,223,22,T
0,223,23,T
6.189268660092395,224,18,NT
0,224,19,T
0,224,20,T
0,224,21,T
3787.2720577153896,224,22,T
0,224,23,T
6.060188956385147,225,18,NT
0,225,19,T
0,225,20,T
0,225,21,T
436.3598001025456,225,22,T
0,225,23,T
531.9426789882344,226,18,NT
187.61122736467058,226,19,T
2875.279218020661,226,20,T
2986.829006619429,226,21,T
2156.618522257089,226,22,T
6303.759798473862,226,23,T
531.9426789882344,227,18,NT
187.61122736467058,227,19,T
2875.279218020661,227,20,T
2986.829006619429,227,21,T
2156.618522257089,227,22,T
6303.759798473862,227,23,T
2019.8901338399417,228,18,NT
197.7957788118559,228,19,T
4543.888771268399,228,20,T
4543.888771268399,228,21,T
5608.810379027544,228,22,T
6126.316389634902,228,23,T
2019.8901338399417,229,18,NT
197.7957788118559,229,19,T
4543.888771268399,229,20,T
4543.888771268399,229,21,T
5608.810379027544,229,22,T
6126.316389634902,229,23,T
82.30540153504151,23,18,NT
81.78003194711394,23,19,T
0,23,20,T
0,23,21,T
3850.6412751191524,23,22,T
3595.7997818361932,23,23,T
531.9426789882344,230,18,NT
187.61122736467058,230,19,T
2875.279218020661,230,20,T
2986.829006619429,230,21,T
2156.618522257089,230,22,T
6303.759798473862,230,23,T
6.060188956385147,231,18,NT
0,231,19,T
0,231,20,T
0,231,21,T
436.3598001025456,231,22,T
0,231,23,T
6.060188956385147,232,18,NT
0,232,19,T
0,232,20,T
0,232,21,T
436.3598001025456,232,22,T
0,232,23,T
6.661883639440504,233,18,NT
0,233,19,T
0,233,20,T
0,233,21,T
199.0969199989869,233,22,T
0,233,23,T
6.661883638454555,234,18,NT
0,234,19,T
0,234,20,T
0,234,21,T
90.50488195019608,234,22,T
0,234,23,T
3385.5678045336213,235,18,NT
178.63459019202367,235,19,T
3180.7466017190695,235,20,T
3180.7466017190695,235,21,T
2245.9633282287127,235,22,T
6500.0084846180525,235,23,T
531.9426789906528,236,18,NT
187.61122736477787,236,19,T
5795.709128547004,236,20,T
5885.820675808273,236,21,T
11936.163725211738,236,22,T
6126.316389624469,236,23,T
82.30540153504151,237,18,NT
81.78003194711394,237,19,T
0,237,20,T
0,237,21,T
3850.641275178133,237,22,T
3595.7997818353815,237,23,T
130.26163601423968,238,18,NT
88.22422753613704,238,19,T
2863.4492847547226,238,20,T
2863.4492847547226,238,21,T
672.0937841096811,238,22,T
0,238,23,T
5.286541913526939,239,18,NT
0,239,19,T
0,239,20,T
0,239,21,T
0,239,22,T
0,239,23,T
5.114866630960528,24,18,NT
0,24,19,T
0,24,20,T
0,24,21,T
3722.3124899551813,24,22,T
0,24,23,T
5.286541913526939,240,18,NT
0,240,19,T
0,240,20,T
0,240,21,T
0,240,22,T
0,240,23,T
6.060188956385147,241,18,NT
0,241,19,T
0,241,20,T
0,241,21,T
436.3598001025456,241,22,T
0,241,23,T
6.361128651518328,242,18,NT
0,242,19,T
0,242,20,T
0,242,21,T
5437.734745614332,242,22,T
0,242,23,T
6.361128651518328,243,18,NT
0,243,19,T
0,243,20,T
0,243,21,T
5437.734745614332,243,22,T
0,243,23,T
2019.8901338399417,244,18,NT
197.7957788118559,244,19,T
4543.888771268399,244,20,T
4543.888771268399,244,21,T
5608.810379027544,244,22,T
6126.316389634902,244,23,T
6.060188956385147,245,18,NT
0,245,19,T
0,245,20,T
0,245,21,T
5361.0877761735765,245,22,T
0,245,23,T
6.060188956385147,246,18,NT
0,246,19,T
0,246,20,T
0,246,21,T
5361.0877761735765,246,22,T
0,246,23,T
531.9426789906528,247,18,NT
187.61122736477787,247,19,T
5795.709128547004,247,20,T
5885.820675808273,247,21,T
11936.163725211738,247,22,T
6126.316389624469,247,23,T
3385.567804593951,248,18,NT
178.63459019202367,248,19,T
3180.746601722849,248,20,T
3180.746601722849,248,21,T
2245.963328228651,248,22,T
6500.0084846180525,248,23,T
19.899074405544173,249,18,NT
0,249,19,T
0,249,20,T
0,249,21,T
600.3008416316791,249,22,T
0,249,23,T
252.56551127088602,25,18,NT
70.39301430189278,25,19,T
1039.5332944763852,25,20,T
1039.5332944763852,25,21,T
658.2155355011722,25,22,T
810.7568498423061,25,23,T
3.954811680033849,250,18,NT
0,250,19,T
0,250,20,T
0,250,21,T
0,250,22,T
0,250,23,T
3.610906978108805,251,18,NT
0,251,19,T
0,251,20,T
0,251,21,T
3550.3264651075465,251,22,T
0,251,23,T
3.610906978108805,252,18,NT
0,252,19,T
0,252,20,T
0,252,21,T
3550.3264651075465,252,22,T
0,252,23,T
130.26163601478683,253,18,NT
113.32252848126554,253,19,T
715.017919847216,253,20,T
715.017919847216,253,21,T
5575.470648651888,253,22,T
0,253,23,T
130.26163601478683,254,18,NT
113.32252848126554,254,19,T
715.017919847216,254,20,T
715.017919847216,254,21,T
5575.470648651888,254,22,T
0,254,23,T
82.30540153123223,255,18,NT
88.22422753570066,255,19,T
0,255,20,T
0,255,21,T
684.6820667717211,255,22,T
810.7568498280364,255,23,T
5.114866631951536,256,18,NT
0,256,19,T
0,256,20,T
0,256,21,T
0,256,22,T
0,256,23,T
57.724342850844835,26,18,NT
88.22422753613704,26,19,T
3637.9984287115262,26,20,T
3637.9984287115262,26,21,T
5559.146718313266,26,22,T
0,26,23,T
57.72434284670595,27,18,NT
88.22422753613704,27,19,T
3179.74679783707,27,20,T
3179.74679783707,27,21,T
5559.146718344169,27,22,T
0,27,23,T
4.685216648872988,28,18,NT
0,28,19,T
0,28,20,T
0,28,21,T
5097.761673776443,28,22,T
0,28,23,T
6.361128651572955,29,18,NT
0,29,19,T
0,29,20,T
0,29,21,T
199.09692000142942,29,22,T
0,29,23,T
13.926016085661589,3,18,NT
0,3,19,T
0,3,20,T
0,3,21,T
3822.5416110154447,3,22,T
0,3,23,T
6.361128651572955,30,18,NT
0,30,19,T
0,30,20,T
0,30,21,T
199.09692000142942,30,22,T
0,30,23,T
2019.8901338037078,31,18,NT
187.61122736530768,31,19,T
5091.774863346475,31,20,T
5091.774863346475,31,21,T
736.4603389469441,31,22,T
5897.486278093166,31,23,T
910.504285613579,32,18,NT
186.32587900988327,32,19,T
2563.7674977013776,32,20,T
2675.317286300145,32,21,T
4227.680378139552,32,22,T
6572.680768700552,32,23,T
3.309690203056061,33,18,NT
0,33,19,T
0,33,20,T
0,33,21,T
4495.572108711453,33,22,T
0,33,23,T
3.309690203056061,34,18,NT
0,34,19,T
0,34,20,T
0,34,21,T
4495.572108710629,34,22,T
0,34,23,T
9.713599142544519,35,18,NT
0,35,19,T
1514.6379213702796,35,20,T
1514.6379213702796,35,21,T
5504.842100566944,35,22,T
0,35,23,T
30.944865578415406,36,18,NT
0,36,19,T
0,36,20,T
0,36,21,T
600.3008416317444,36,22,T
0,36,23,T
3.309690203056061,37,18,NT
0,37,19,T
0,37,20,T
0,37,21,T
4495.572108711453,37,22,T
0,37,23,T
9.713599142817822,38,18,NT
0,38,19,T
1906.9746100335585,38,20,T
1906.9746100335585,38,21,T
5504.842100566944,38,22,T
0,38,23,T
30.944865578415406,39,18,NT
0,39,19,T
0,39,20,T
0,39,21,T
578.0006223759494,39,22,T
0,39,23,T
3.610906978108805,4,18,NT
0,4,19,T
0,4,20,T
0,4,21,T
3550.3264651075465,4,22,T
0,4,23,T
30.944865578415406,40,18,NT
0,40,19,T
0,40,20,T
0,40,21,T
600.3008416317444,40,22,T
0,40,23,T
19.899074405544173,41,18,NT
0,41,19,T
0,41,20,T
0,41,21,T
600.3008416316791,41,22,T
0,41,23,T
3.954811680033849,42,18,NT
0,42,19,T
0,42,20,T
0,42,21,T
0,42,22,T
0,42,23,T
3.954811680033849,43,18,NT
0,43,19,T
0,43,20,T
0,43,21,T
0,43,22,T
0,43,23,T
3.610906978108805,44,18,NT
0,44,19,T
0,44,20,T
0,44,21,T
3550.3264651075465,44,22,T
0,44,23,T
57.72434284670595,45,18,NT
88.22422753613704,45,19,T
3179.74679783707,45,20,T
3179.74679783707,45,21,T
5559.146718344169,45,22,T
0,45,23,T
57.724342850844835,46,18,NT
88.22422753613704,46,19,T
3637.9984287115262,46,20,T
3637.9984287115262,46,21,T
5559.146718313266,46,22,T
0,46,23,T
4.685216648872988,47,18,NT
0,47,19,T
0,47,20,T
0,47,21,T
5097.761673776443,47,22,T
0,47,23,T
5.630538970704997,48,18,NT
0,48,19,T
0,48,20,T
0,48,21,T
0,48,22,T
0,48,23,T
2019.8901338037078,49,18,NT
187.61122736530768,49,19,T
5091.774863346475,49,20,T
5091.774863346475,49,21,T
736.4603389469441,49,22,T
5897.486278093166,49,23,T
6.361128651572955,5,18,NT
0,5,19,T
0,5,20,T
0,5,21,T
199.09692000142942,5,22,T
0,5,23,T
6.361128651572955,50,18,NT
0,50,19,T
0,50,20,T
0,50,21,T
199.09692000142942,50,22,T
0,50,23,T
6.361128651572955,51,18,NT
0,51,19,T
0,51,20,T
0,51,21,T
199.09692000142942,51,22,T
0,51,23,T
6.189268660092395,52,18,NT
0,52,19,T
0,52,20,T
0,52,21,T
3787.2720577153896,52,22,T
0,52,23,T
6.189268660092395,53,18,NT
0,53,19,T
0,53,20,T
0,53,21,T
3787.2720577153896,53,22,T
0,53,23,T
6.189268660092395,54,18,NT
0,54,19,T
0,54,20,T
0,54,21,T
3787.2720577153896,54,22,T
0,54,23,T
6.361128651572955,55,18,NT
0,55,19,T
0,55,20,T
0,55,21,T
199.09692000142942,55,22,T
0,55,23,T
2019.8901338037078,56,18,NT
187.61122736530768,56,19,T
5091.774863346475,56,20,T
5091.774863346475,56,21,T
736.4603389469441,56,22,T
5897.486278093166,56,23,T
6.361128651518328,57,18,NT
0,57,19,T
0,57,20,T
0,57,21,T
5437.734745614332,57,22,T
0,57,23,T
6.361128651518328,58,18,NT
0,58,19,T
0,58,20,T
0,58,21,T
5437.734745614332,58,22,T
0,58,23,T
6.060188955276971,59,18,NT
0,59,19,T
0,59,20,T
0,59,21,T
436.35980010170425,59,22,T
0,59,23,T
2019.8901338037078,6,18,NT
187.61122736530768,6,19,T
5091.774863346475,6,20,T
5091.774863346475,6,21,T
736.4603389469441,6,22,T
5897.486278093166,6,23,T
531.9426789879421,60,18,NT
187.61122736530768,60,19,T
2875.279218020993,60,20,T
2986.829006619761,60,21,T
2156.6185222563636,60,22,T
6303.759798473862,60,23,T
9.713599142544519,61,18,NT
0,61,19,T
1514.6379213702796,61,20,T
1514.6379213702796,61,21,T
5504.842100566944,61,22,T
0,61,23,T
30.944865578415406,62,18,NT
0,62,19,T
0,62,20,T
0,62,21,T
600.3008416317444,62,22,T
0,62,23,T
30.944865578415406,63,18,NT
0,63,19,T
0,63,20,T
0,63,21,T
600.3008416316209,63,22,T
0,63,23,T
4.21269402694201,64,18,NT
0,64,19,T
0,64,20,T
0,64,21,T
0,64,22,T
0,64,23,T
4.685216648872988,65,18,NT
0,65,19,T
0,65,20,T
0,65,21,T
5097.761673776443,65,22,T
0,65,23,T
5.630538970704997,66,18,NT
0,66,19,T
0,66,20,T
0,66,21,T
0,66,22,T
0,66,23,T
252.56551127072714,67,18,NT
70.39301430181982,67,19,T
1039.5332944763852,67,20,T
1039.5332944763852,67,21,T
658.2155355012912,67,22,T
810.7568498422613,67,23,T
252.56551126915326,68,18,NT
70.39301430261965,68,19,T
1039.5332944744405,68,20,T
1039.5332944744405,68,21,T
672.0937841103427,68,22,T
0,68,23,T
30.944865578415406,69,18,NT
0,69,19,T
0,69,20,T
0,69,21,T
578.0006223759494,69,22,T
0,69,23,T
2019.8901338037078,7,18,NT
187.61122736530768,7,19,T
5091.774863346475,7,20,T
5091.774863346475,7,21,T
736.4603389469441,7,22,T
5897.486278093166,7,23,T
30.944865578415406,70,18,NT
0,70,19,T
0,70,20,T
0,70,21,T
600.3008416317444,70,22,T
0,70,23,T
9.713599142817822,71,18,NT
0,71,19,T
1906.9746100335585,71,20,T
1906.9746100335585,71,21,T
5504.842100566944,71,22,T
0,71,23,T
3.309690203056061,72,18,NT
0,72,19,T
0,72,20,T
0,72,21,T
4495.572108711453,72,22,T
0,72,23,T
57.72434285043124,73,18,NT
88.22422753613704,73,19,T
3637.9984287073603,73,20,T
3637.9984287073603,73,21,T
5559.146718343069,73,22,T
0,73,23,T
57.724342850844835,74,18,NT
88.22422753613704,74,19,T
3637.9984287115262,74,20,T
3637.9984287115262,74,21,T
5559.146718313266,74,22,T
0,74,23,T
252.56551127072714,75,18,NT
70.39301430181982,75,19,T
1039.5332944763852,75,20,T
1039.5332944763852,75,21,T
658.2155355012912,75,22,T
810.7568498422613,75,23,T
5.630538970704997,76,18,NT
0,76,19,T
0,76,20,T
0,76,21,T
0,76,22,T
0,76,23,T
252.56551127088602,77,18,NT
70.39301430189278,77,19,T
1039.5332944763852,77,20,T
1039.5332944763852,77,21,T
658.2155355011722,77,22,T
810.7568498423061,77,23,T
252.56551126915326,78,18,NT
70.39301430261965,78,19,T
1039.5332944744405,78,20,T
1039.5332944744405,78,21,T
672.0937841103427,78,22,T
0,78,23,T
57.72434284670595,79,18,NT
88.22422753613704,79,19,T
3179.74679783707,79,20,T
3179.74679783707,79,21,T
5559.146718344169,79,22,T
0,79,23,T
910.5042856166812,8,18,NT
186.32587901156728,8,19,T
2563.7674976974477,8,20,T
2675.317286296215,8,21,T
4227.680378141842,8,22,T
6572.680768700276,8,23,T
4.685216648872988,80,18,NT
0,80,19,T
0,80,20,T
0,80,21,T
5097.761673776443,80,22,T
0,80,23,T
6.189268660092395,81,18,NT
0,81,19,T
0,81,20,T
0,81,21,T
3787.2720577153896,81,22,T
0,81,23,T
6.189268660092395,82,18,NT
0,82,19,T
0,82,20,T
0,82,21,T
3787.2720577153896,82,22,T
0,82,23,T
6.361128651572955,83,18,NT
0,83,19,T
0,83,20,T
0,83,21,T
199.09692000142942,83,22,T
0,83,23,T
2019.8901338037078,84,18,NT
187.61122736530768,84,19,T
5091.774863346475,84,20,T
5091.774863346475,84,21,T
736.4603389469441,84,22,T
5897.486278093166,84,23,T
82.30540153504151,85,18,NT
81.78003194711394,85,19,T
0,85,20,T
0,85,21,T
3850.641275178133,85,22,T
3595.7997818353815,85,23,T
130.26163601423968,86,18,NT
88.22422753613704,86,19,T
2863.4492847547226,86,20,T
2863.4492847547226,86,21,T
672.0937841096811,86,22,T
0,86,23,T
130.26163601423968,87,18,NT
88.22422753613704,87,19,T
2863.4492847547226,87,20,T
2863.4492847547226,87,21,T
672.0937841096811,87,22,T
0,87,23,T
5.286541913526939,88,18,NT
0,88,19,T
0,88,20,T
0,88,21,T
0,88,22,T
0,88,23,T
57.72434284670595,89,18,NT
88.22422753613704,89,19,T
3179.74679783707,89,20,T
3179.74679783707,89,21,T
5559.146718344169,89,22,T
0,89,23,T
130.26163601478683,9,18,NT
113.32252848126554,9,19,T
715.017919847216,9,20,T
715.017919847216,9,21,T
5575.470648651888,9,22,T
0,9,23,T
4.685216648872988,90,18,NT
0,90,19,T
0,90,20,T
0,90,21,T
5097.761673776443,90,22,T
0,90,23,T
4.685216648872988,91,18,NT
0,91,19,T
0,91,20,T
0,91,21,T
5097.761673776443,91,22,T
0,91,23,T
5.630538970704997,92,18,NT
0,92,19,T
0,92,20,T
0,92,21,T
0,92,22,T
0,92,23,T
6.060188956385147,93,18,NT
0,93,19,T
0,93,20,T
0,93,21,T
436.3598001025456,93,22,T
0,93,23,T
531.9426789882344,94,18,NT
187.61122736467058,94,19,T
2875.279218020661,94,20,T
2986.829006619429,94,21,T
2156.618522257089,94,22,T
6303.759798473862,94,23,T
531.9426789879421,95,18,NT
187.61122736530768,95,19,T
2875.279218020993,95,20,T
2986.829006619761,95,21,T
2156.6185222563636,95,22,T
6303.759798473862,95,23,T
2019.8901338399417,96,18,NT
197.7957788118559,96,19,T
4543.888771268399,96,20,T
4543.888771268399,96,21,T
5608.810379027544,96,22,T
6126.316389634902,96,23,T
9.713599142817822,97,18,NT
0,97,19,T
1906.9746100335585,97,20,T
1906.9746100335585,97,21,T
5504.842100566944,97,22,T
0,97,23,T
9.713599142544519,98,18,NT
0,98,19,T
1514.6379213702796,98,20,T
1514.6379213702796,98,21,T
5504.842100566944,98,22,T
0,98,23,T
3.309690203056061,99,18,NT
0,99,19,T
0,99,20,T
0,99,21,T
4495.572108710629,99,22,T
0,99,23,T
0,1,1,NT
32.32066968863414,1,2,NT
4.02555054883794,1,3,NT
39.8208462528185,1,4,T
23.420767850245483,1,5,NT
0,1,6,T
11.904609676322107,1,7,NT
0,1,8,NT
2.483613464208835,1,9,NT
2195.52989319624,1,10,T
0,1,11,NT
90.50337730717183,1,12,NT
335.2284732595506,1,24,T
0,10,1,NT
22.646348981143724,10,2,NT
0,10,3,NT
15.886988739158465,10,4,T
0,10,5,NT
0,10,6,T
0,10,7,NT
0,10,8,NT
0,10,9,NT
14.300039963479348,10,10,T
0,10,11,NT
30.828896789924745,10,12,NT
90.72530740942986,10,24,T
0,100,1,NT
18.922538927655012,100,2,NT
0,100,3,NT
0,100,4,T
0,100,5,NT
0,100,6,T
0,100,7,NT
0,100,8,NT
0,100,9,NT
0,100,10,T
0,100,11,NT
21.367581316574586,100,12,NT
73.30033798861143,100,24,T
0,101,1,NT
29.709197843871863,101,2,NT
0,101,3,NT
39.82084625468114,101,4,T
2.098474221673355,101,5,NT
0,101,6,T
5.737689426865861,101,7,NT
0,101,8,NT
2.697906848402395,101,9,NT
282.4519947658181,101,10,T
0,101,11,NT
76.03561974430713,101,12,NT
278.4662847018965,101,24,T
0,102,1,NT
18.922538927655012,102,2,NT
0,102,3,NT
0,102,4,T
0,102,5,NT
0,102,6,T
0,102,7,NT
0,102,8,NT
0,102,9,NT
0,102,10,T
0,102,11,NT
21.367581316574586,102,12,NT
73.30033798861143,102,24,T
0,103,1,NT
18.922538927406322,103,2,NT
0,103,3,NT
0,103,4,T
0,103,5,NT
0,103,6,T
0,103,7,NT
0,103,8,NT
0,103,9,NT
0,103,10,T
0,103,11,NT
21.367581316574586,103,12,NT
73.30033798791753,103,24,T
0,104,1,NT
22.646348981127865,104,2,NT
0,104,3,NT
0,104,4,T
0,104,5,NT
0,104,6,T
0,104,7,NT
0,104,8,NT
0,104,9,NT
253.6413018263553,104,10,T
0,104,11,NT
23.16551115619777,104,12,NT
74.62706161920347,104,24,T
0,105,1,NT
28.938643334275895,105,2,NT
0,105,3,NT
29.71738668264842,105,4,T
17.170448851021764,105,5,NT
0,105,6,T
3.982471050719047,105,7,NT
0,105,8,NT
0,105,9,NT
414.99923928364507,105,10,T
0,105,11,NT
50.94947287048869,105,12,NT
147.6282353023387,105,24,T
91.83856585090683,106,1,NT
95.72365274716714,106,2,NT
1840.4123425434193,106,3,NT
85.4120643736296,106,4,T
138.2032827954547,106,5,NT
98.12653587693191,106,6,T
615.0719603498778,106,7,NT
25.947828916884824,106,8,NT
7.793268182189118,106,9,NT
8065.911566738647,106,10,T
121.02427695173557,106,11,NT
1292.1937019243167,106,12,NT
837.633802074992,106,24,T
91.83856585061281,107,1,NT
54.58197145137866,107,2,NT
7.96439005718911,107,3,NT
104.89509686524893,107,4,T
35.836166983935144,107,5,NT
98.12653587693191,107,6,T
267.1298247547815,107,7,NT
25.947828916884824,107,8,NT
15.113489973084551,107,9,NT
1639.0563452211316,107,10,T
121.02427695173557,107,11,NT
1085.7612044352556,107,12,NT
768.6771329352066,107,24,T
91.8385658505837,108,1,NT
54.58197145137866,108,2,NT
7.96439005718911,108,3,NT
104.89509686524893,108,4,T
35.836166983935144,108,5,NT
98.12653587693191,108,6,T
267.1298247544344,108,7,NT
25.947828913159533,108,8,NT
15.113489973084551,108,9,NT
1639.0563452210777,108,10,T
121.02427695173557,108,11,NT
1085.7612044347231,108,12,NT
768.6771329351787,108,24,T
91.83856585090683,109,1,NT
95.72365274716714,109,2,NT
1840.4123425434193,109,3,NT
85.4120643736296,109,4,T
138.2032827954547,109,5,NT
98.12653587693191,109,6,T
615.0719603498778,109,7,NT
25.947828916884824,109,8,NT
7.793268182189118,109,9,NT
8065.911566738647,109,10,T
121.02427695173557,109,11,NT
1292.1937019243167,109,12,NT
837.633802074992,109,24,T
0,11,1,NT
22.646348981143724,11,2,NT
0,11,3,NT
15.886988739158465,11,4,T
0,11,5,NT
0,11,6,T
0,11,7,NT
0,11,8,NT
0,11,9,NT
14.300039963479348,11,10,T
0,11,11,NT
33.52496345084097,11,12,NT
90.72530741036118,11,24,T
91.8385658505837,110,1,NT
54.58197145137866,110,2,NT
7.96439005718911,110,3,NT
104.89509686524893,110,4,T
35.836166983935144,110,5,NT
98.12653587693191,110,6,T
267.1298247544344,110,7,NT
25.947828913159533,110,8,NT
15.113489973084551,110,9,NT
1639.0563452210777,110,10,T
121.02427695173557,110,11,NT
1085.7612044347231,110,12,NT
768.6771329351787,110,24,T
91.83856585061281,111,1,NT
54.58197145137866,111,2,NT
7.96439005718911,111,3,NT
104.89509686524893,111,4,T
35.836166983935144,111,5,NT
98.12653587693191,111,6,T
267.1298247547815,111,7,NT
25.947828916884824,111,8,NT
15.113489973084551,111,9,NT
1639.0563452211316,111,10,T
121.02427695173557,111,11,NT
1085.7612044352556,111,12,NT
768.6771329352066,111,24,T
0,112,1,NT
27.4831412849046,112,2,NT
0,112,3,NT
31.557935970411446,112,4,T
11.304625017575418,112,5,NT
0,112,6,T
3.982471050719047,112,7,NT
0,112,8,NT
2.012775272639052,112,9,NT
186.64779589293184,112,10,T
0,112,11,NT
45.897743087850735,112,12,NT
129.04517983884637,112,24,T
91.83856585061281,113,1,NT
46.063252450470394,113,2,NT
1087.2397087314214,113,3,NT
85.4120643736296,113,4,T
22.264614070125624,113,5,NT
137.97758039509893,113,6,T
275.8656894130669,113,7,NT
39.1776901563381,113,8,NT
13.572196946087937,113,9,NT
1636.016194595279,113,10,T
81.68549414723674,113,11,NT
818.221563474624,113,12,NT
768.6771329351787,113,24,T
91.83856585061281,114,1,NT
46.063252450470394,114,2,NT
1087.2397087314214,114,3,NT
85.4120643736296,114,4,T
22.264614070125624,114,5,NT
98.12653587693191,114,6,T
275.8656894121113,114,7,NT
39.1776901563381,114,8,NT
13.572196946087937,114,9,NT
1636.016194596354,114,10,T
81.68549414744658,114,11,NT
1083.3211305503376,114,12,NT
768.6771329351426,114,24,T
0,115,1,NT
27.01193506387417,115,2,NT
0,115,3,NT
29.71738668264069,115,4,T
0,115,5,NT
0,115,6,T
3.982471050719047,115,7,NT
0,115,8,NT
0,115,9,NT
186.64779589279172,115,10,T
0,115,11,NT
45.897743091576025,115,12,NT
129.04517983884637,115,24,T
0,116,1,NT
27.4831412849046,116,2,NT
0,116,3,NT
29.71738668264069,116,4,T
2.098474221673355,116,5,NT
0,116,6,T
2.997623159792182,116,7,NT
0,116,8,NT
0,116,9,NT
350.2178043362191,116,10,T
0,116,11,NT
45.897743091576025,116,12,NT
111.19125558943172,116,24,T
91.83856585090683,117,1,NT
95.72365274716714,117,2,NT
1840.4123425434193,117,3,NT
85.4120643736296,117,4,T
138.2032827954547,117,5,NT
98.12653587693191,117,6,T
615.0719603498778,117,7,NT
25.947828916884824,117,8,NT
7.793268182189118,117,9,NT
8065.911566738647,117,10,T
121.02427695173557,117,11,NT
1292.1937019243167,117,12,NT
837.633802074992,117,24,T
91.83856585061281,118,1,NT
54.58197145137866,118,2,NT
7.96439005718911,118,3,NT
104.89509686524893,118,4,T
35.836166983935144,118,5,NT
98.12653587693191,118,6,T
267.1298247547815,118,7,NT
25.947828916884824,118,8,NT
15.113489973084551,118,9,NT
1639.0563452211316,118,10,T
121.02427695173557,118,11,NT
1085.7612044352556,118,12,NT
768.6771329352066,118,24,T
0,119,1,NT
27.4831412849046,119,2,NT
0,119,3,NT
31.557935970411446,119,4,T
11.304625017575418,119,5,NT
0,119,6,T
3.982471050719047,119,7,NT
0,119,8,NT
2.012775272639052,119,9,NT
186.64779589293184,119,10,T
0,119,11,NT
45.897743087850735,119,12,NT
129.04517983884637,119,24,T
0,12,1,NT
23.28821704457691,12,2,NT
0,12,3,NT
15.886988739158465,12,4,T
0,12,5,NT
0,12,6,T
0,12,7,NT
0,12,8,NT
0,12,9,NT
302.52967521024163,12,10,T
0,12,11,NT
33.52496345084097,12,12,NT
86.05834884239005,12,24,T
0,120,1,NT
27.4831412849046,120,2,NT
0,120,3,NT
31.557935970411446,120,4,T
11.304625017575418,120,5,NT
0,120,6,T
3.982471050719047,120,7,NT
0,120,8,NT
2.012775272639052,120,9,NT
186.64779589293184,120,10,T
0,120,11,NT
45.897743087850735,120,12,NT
129.04517983884637,120,24,T
0,121,1,NT
21.875978493699847,121,2,NT
0,121,3,NT
15.886988739158465,121,4,T
0,121,5,NT
0,121,6,T
0,121,7,NT
0,121,8,NT
0,121,9,NT
14.300039965341993,121,10,T
0,121,11,NT
30.828896789924745,121,12,NT
90.72530740942986,121,24,T
2.269872129441358,122,1,NT
32.91973428019048,122,2,NT
4.796013046557503,122,3,NT
61.18263101760958,122,4,T
15.114870096389087,122,5,NT
6.59477096852609,122,6,T
29.07487450437062,122,7,NT
3.040886681663435,122,8,NT
3.853784611109345,122,9,NT
337.76254562997326,122,10,T
14.300408023289602,122,11,NT
120.72520481088654,122,12,NT
492.83177794969777,122,24,T
0,123,1,NT
32.91973428019048,123,2,NT
4.796013046557503,123,3,NT
61.18263101760958,123,4,T
15.114870094526442,123,5,NT
6.594770966663445,123,6,T
29.074874503857814,123,7,NT
3.040886681663435,123,8,NT
3.853784611109345,123,9,NT
337.7625456281106,123,10,T
14.300408023570004,123,11,NT
120.72520481088654,123,12,NT
492.83177794888127,123,24,T
2.269872129441358,124,1,NT
39.2990157402008,124,2,NT
4.796013046557503,124,3,NT
44.23190409515364,124,4,T
11.304625015712773,124,5,NT
2.226700621392459,124,6,T
36.738536180985115,124,7,NT
9.5941423302816,124,8,NT
5.952166837766468,124,9,NT
1223.319049135483,124,10,T
19.48054819773863,124,11,NT
140.4588935308742,124,12,NT
538.1216234222001,124,24,T
0,125,1,NT
27.4831412849046,125,2,NT
0,125,3,NT
29.71738668264069,125,4,T
2.098474221673355,125,5,NT
0,125,6,T
2.997623159792182,125,7,NT
0,125,8,NT
0,125,9,NT
350.2178043362191,125,10,T
0,125,11,NT
45.897743091576025,125,12,NT
111.19125558943172,125,24,T
139.86939800486942,126,1,NT
54.58197145137866,126,2,NT
7.96439005718911,126,3,NT
85.4120643736296,126,4,T
29.757613924995077,126,5,NT
98.12653587693191,126,6,T
154.55144872916725,126,7,NT
25.947828916884824,126,8,NT
13.572196946087937,126,9,NT
1912.3440973467573,126,10,T
46.15263180897247,126,11,NT
1083.3211305499856,126,12,NT
710.8028821938041,126,24,T
91.83856585061281,127,1,NT
46.063252450470394,127,2,NT
1087.2397087314214,127,3,NT
85.4120643736296,127,4,T
22.264614070125624,127,5,NT
137.97758039509893,127,6,T
275.8656894130669,127,7,NT
39.1776901563381,127,8,NT
13.572196946087937,127,9,NT
1636.016194595279,127,10,T
81.68549414723674,127,11,NT
818.221563474624,127,12,NT
768.6771329351787,127,24,T
91.83856585061281,128,1,NT
46.063252450470394,128,2,NT
1087.2397087314214,128,3,NT
85.4120643736296,128,4,T
22.264614070125624,128,5,NT
98.12653587693191,128,6,T
275.8656894121113,128,7,NT
39.1776901563381,128,8,NT
13.572196946087937,128,9,NT
1636.016194596354,128,10,T
81.68549414744658,128,11,NT
1083.3211305503376,128,12,NT
768.6771329351426,128,24,T
0,129,1,NT
29.709197843871863,129,2,NT
0,129,3,NT
39.82084625468114,129,4,T
2.098474221673355,129,5,NT
0,129,6,T
5.737689426865861,129,7,NT
0,129,8,NT
2.697906848402395,129,9,NT
282.4519947658181,129,10,T
0,129,11,NT
76.03561974430713,129,12,NT
278.46628470554236,129,24,T
0,13,1,NT
27.01193506387417,13,2,NT
0,13,3,NT
29.71738668264069,13,4,T
0,13,5,NT
0,13,6,T
3.982471050719047,13,7,NT
0,13,8,NT
0,13,9,NT
186.64779589279172,13,10,T
0,13,11,NT
45.897743091576025,13,12,NT
129.04517983884637,13,24,T
0,130,1,NT
18.922538927406322,130,2,NT
0,130,3,NT
0,130,4,T
0,130,5,NT
0,130,6,T
0,130,7,NT
0,130,8,NT
0,130,9,NT
0,130,10,T
0,130,11,NT
21.367581316574586,130,12,NT
73.30033798791753,130,24,T
0,131,1,NT
21.875978493683988,131,2,NT
0,131,3,NT
0,131,4,T
0,131,5,NT
0,131,6,T
0,131,7,NT
0,131,8,NT
0,131,9,NT
253.64130182542397,131,10,T
0,131,11,NT
23.16551115247248,131,12,NT
74.6270616201348,131,24,T
0,132,1,NT
22.646348981127865,132,2,NT
0,132,3,NT
0,132,4,T
0,132,5,NT
0,132,6,T
0,132,7,NT
0,132,8,NT
0,132,9,NT
253.6413018263553,132,10,T
0,132,11,NT
23.16551115619777,132,12,NT
74.62706161920347,132,24,T
2.269872129441358,133,1,NT
37.157738052019226,133,2,NT
9.933717806474878,133,3,NT
61.18263101760958,133,4,T
31.81227258173665,133,5,NT
6.594770966663445,133,6,T
44.70117806951413,133,7,NT
6.93922294589945,133,8,NT
3.468645370458885,133,9,NT
7042.102874162071,133,10,T
19.480548195875986,133,11,NT
182.886151167318,133,12,NT
538.1216234222001,133,24,T
2.269872129441358,134,1,NT
37.157738052019226,134,2,NT
9.933717806474878,134,3,NT
61.18263101760958,134,4,T
31.81227258173665,134,5,NT
6.594770966663445,134,6,T
44.70117806951413,134,7,NT
6.93922294589945,134,8,NT
3.468645370458885,134,9,NT
7042.102874162071,134,10,T
19.480548195875986,134,11,NT
182.886151167318,134,12,NT
538.1216234222001,134,24,T
2.269872129441358,135,1,NT
35.10289536537864,135,2,NT
2.612207899037047,135,3,NT
65.29305241730012,135,4,T
25.646824407789566,135,5,NT
6.59477096852609,135,6,T
44.70117806955652,135,7,NT
6.939222945894146,135,8,NT
6.594310923140197,135,9,NT
340.28831852989924,135,10,T
19.480548195875986,135,11,NT
140.4588935305736,135,12,NT
492.83177794969777,135,24,T
0,136,1,NT
23.28821704457691,136,2,NT
0,136,3,NT
18.412853629183736,136,4,T
0,136,5,NT
0,136,6,T
0,136,7,NT
0,136,8,NT
0,136,9,NT
14.300039963945009,136,10,T
0,136,11,NT
33.52496345084097,136,12,NT
90.72530740849854,136,24,T
0,137,1,NT
32.32066968863414,137,2,NT
4.02555054883794,137,3,NT
39.8208462528185,137,4,T
23.420767850245483,137,5,NT
0,137,6,T
11.904609676322107,137,7,NT
0,137,8,NT
2.483613464208835,137,9,NT
2195.52989319624,137,10,T
0,137,11,NT
90.50337730717183,137,12,NT
335.2284732595506,137,24,T
0,138,1,NT
32.32066968863414,138,2,NT
4.02555054883794,138,3,NT
39.8208462528185,138,4,T
23.420767850245483,138,5,NT
0,138,6,T
11.904609676322107,138,7,NT
0,138,8,NT
2.483613464208835,138,9,NT
2195.52989319624,138,10,T
0,138,11,NT
90.50337730717183,138,12,NT
335.2284732595506,138,24,T
0,139,1,NT
21.105423990739553,139,2,NT
0,139,3,NT
0,139,4,T
0,139,5,NT
0,139,6,T
0,139,7,NT
0,139,8,NT
0,139,9,NT
228.29796639161947,139,10,T
0,139,11,NT
24.83466253761782,139,12,NT
74.62706161902535,139,24,T
0,14,1,NT
27.4831412849046,14,2,NT
0,14,3,NT
29.71738668264069,14,4,T
2.098474221673355,14,5,NT
0,14,6,T
2.997623159792182,14,7,NT
0,14,8,NT
0,14,9,NT
350.2178043362191,14,10,T
0,14,11,NT
45.897743091576025,14,12,NT
111.19125558943172,14,24,T
0,140,1,NT
19.735620873878986,140,2,NT
0,140,3,NT
3.127137684569524,140,4,T
0,140,5,NT
0,140,6,T
0,140,7,NT
0,140,8,NT
0,140,9,NT
0,140,10,T
0,140,11,NT
23.16551115619777,140,12,NT
73.30033798768011,140,24,T
0,141,1,NT
29.709197843871863,141,2,NT
0,141,3,NT
39.82084625468114,141,4,T
2.098474221673355,141,5,NT
0,141,6,T
5.737689426865861,141,7,NT
0,141,8,NT
2.697906848402395,141,9,NT
282.4519947658181,141,10,T
0,141,11,NT
76.03561974430713,141,12,NT
278.46628470554236,141,24,T
0,142,1,NT
18.922538927406322,142,2,NT
0,142,3,NT
0,142,4,T
0,142,5,NT
0,142,6,T
0,142,7,NT
0,142,8,NT
0,142,9,NT
0,142,10,T
0,142,11,NT
21.367581316574586,142,12,NT
73.30033798791753,142,24,T
0,143,1,NT
18.922538927406322,143,2,NT
0,143,3,NT
0,143,4,T
0,143,5,NT
0,143,6,T
0,143,7,NT
0,143,8,NT
0,143,9,NT
0,143,10,T
0,143,11,NT
21.367581316574586,143,12,NT
73.30033798757653,143,24,T
0,144,1,NT
22.646348981127865,144,2,NT
0,144,3,NT
0,144,4,T
0,144,5,NT
0,144,6,T
0,144,7,NT
0,144,8,NT
0,144,9,NT
253.6413018263553,144,10,T
0,144,11,NT
23.16551115619777,144,12,NT
74.62706161920347,144,24,T
3.68266273245853,145,1,NT
46.06325245078377,145,2,NT
4.796013046557503,145,3,NT
44.23190409492081,145,4,T
11.304625015712773,145,5,NT
2.226700621392459,145,6,T
36.73853618191644,145,7,NT
9.5941423302816,145,8,NT
5.952166837766468,145,9,NT
1223.3190491359721,145,10,T
19.480548195875986,145,11,NT
140.4588935308742,145,12,NT
538.1216234214235,145,24,T
2.269872129441358,146,1,NT
32.91973428019048,146,2,NT
4.02555054883794,146,3,NT
61.18263101760958,146,4,T
15.114870094526442,146,5,NT
6.594770966663445,146,6,T
29.07487450437062,146,7,NT
3.040886681663435,146,8,NT
3.853784611109345,146,9,NT
337.7625456281106,146,10,T
14.300408023570004,146,11,NT
120.72520481088654,146,12,NT
492.83177794883613,146,24,T
0,147,1,NT
21.875978493683988,147,2,NT
0,147,3,NT
15.886988738692803,147,4,T
0,147,5,NT
0,147,6,T
0,147,7,NT
0,147,8,NT
0,147,9,NT
14.300039963479348,147,10,T
0,147,11,NT
30.828896789924745,147,12,NT
90.72530741036118,147,24,T
0,148,1,NT
21.875978493699847,148,2,NT
0,148,3,NT
15.886988739158465,148,4,T
0,148,5,NT
0,148,6,T
0,148,7,NT
0,148,8,NT
0,148,9,NT
14.300039965341993,148,10,T
0,148,11,NT
30.828896789924745,148,12,NT
90.72530740942986,148,24,T
0,149,1,NT
23.28821704457691,149,2,NT
0,149,3,NT
18.412853629183736,149,4,T
0,149,5,NT
0,149,6,T
0,149,7,NT
0,149,8,NT
0,149,9,NT
14.300039963479348,149,10,T
0,149,11,NT
33.52496345084097,149,12,NT
90.72530740849854,149,24,T
139.86939800486942,15,1,NT
54.58197145137866,15,2,NT
7.96439005718911,15,3,NT
85.4120643736296,15,4,T
29.75761392487866,15,5,NT
98.1265358762602,15,6,T
154.55144872916725,15,7,NT
25.947828916884824,15,8,NT
13.572196946087937,15,9,NT
1912.3440972864503,15,10,T
46.15263180152189,15,11,NT
1083.3211305502284,15,12,NT
710.8028822260518,15,24,T
0,150,1,NT
25.000999992108476,150,2,NT
0,150,3,NT
15.886988738692803,150,4,T
5.52367205988428,150,5,NT
0,150,6,T
0,150,7,NT
0,150,8,NT
0,150,9,NT
304.5423584705652,150,10,T
0,150,11,NT
35.10841587957251,150,12,NT
94.57835597191493,150,24,T
2.269872129441358,151,1,NT
37.157738052019226,151,2,NT
9.933717806474878,151,3,NT
61.18263101760958,151,4,T
31.81227258173665,151,5,NT
6.594770966663445,151,6,T
44.70117806951413,151,7,NT
6.93922294589945,151,8,NT
3.468645370458885,151,9,NT
7042.102874162071,151,10,T
19.480548195875986,151,11,NT
182.886151167318,151,12,NT
538.1216234222001,151,24,T
2.269872129441358,152,1,NT
37.157738052019226,152,2,NT
9.933717806474878,152,3,NT
61.18263101760958,152,4,T
31.81227258173665,152,5,NT
6.594770966663445,152,6,T
44.70117806951413,152,7,NT
6.93922294589945,152,8,NT
3.468645370458885,152,9,NT
7042.102874162071,152,10,T
19.480548195875986,152,11,NT
182.886151167318,152,12,NT
538.1216234222001,152,24,T
0,153,1,NT
25.000999992108476,153,2,NT
0,153,3,NT
15.886988738692803,153,4,T
5.52367205988428,153,5,NT
0,153,6,T
0,153,7,NT
0,153,8,NT
0,153,9,NT
304.5423584705652,153,10,T
0,153,11,NT
35.10841587957251,153,12,NT
94.57835597191493,153,24,T
0,154,1,NT
25.000999992108476,154,2,NT
0,154,3,NT
15.886988738692803,154,4,T
5.52367205988428,154,5,NT
0,154,6,T
0,154,7,NT
0,154,8,NT
0,154,9,NT
304.5423584705652,154,10,T
0,154,11,NT
35.10841587957251,154,12,NT
94.57835597191493,154,24,T
2.269872129441358,155,1,NT
37.157738052019226,155,2,NT
9.933717806474878,155,3,NT
61.18263101760958,155,4,T
31.81227258173665,155,5,NT
6.594770966663445,155,6,T
44.70117806951413,155,7,NT
6.93922294589945,155,8,NT
3.468645370458885,155,9,NT
7042.102874162071,155,10,T
19.480548195875986,155,11,NT
182.886151167318,155,12,NT
538.1216234222001,155,24,T
2.269872129441358,156,1,NT
35.10289536537864,156,2,NT
2.612207899037047,156,3,NT
65.2930524163688,156,4,T
25.646824407789566,156,5,NT
6.59477096852609,156,6,T
44.70117806955652,156,7,NT
6.939222945941824,156,8,NT
6.594310923140197,156,9,NT
340.28831852989924,156,10,T
19.48054819773863,156,11,NT
140.4588935308742,156,12,NT
492.83177794888127,156,24,T
0,157,1,NT
30.822272139826563,157,2,NT
0,157,3,NT
39.82084625468114,157,4,T
13.444706610244802,157,5,NT
0,157,6,T
5.737689426865861,157,7,NT
0,157,8,NT
2.997623160374983,157,9,NT
884.0439176355362,157,10,T
0,157,11,NT
83.82640369583177,157,12,NT
212.18792444143085,157,24,T
0,158,1,NT
30.822272139826563,158,2,NT
0,158,3,NT
39.82084625468114,158,4,T
15.114870096389087,158,5,NT
0,158,6,T
5.737689426865861,158,7,NT
0,158,8,NT
2.997623160374983,158,9,NT
884.0439176355362,158,10,T
0,158,11,NT
83.82640369583177,158,12,NT
212.18792444138222,158,24,T
0,159,1,NT
19.735620873630296,159,2,NT
0,159,3,NT
0,159,4,T
0,159,5,NT
0,159,6,T
0,159,7,NT
0,159,8,NT
0,159,9,NT
228.29796639164675,159,10,T
0,159,11,NT
23.16551115247248,159,12,NT
71.67399003513138,159,24,T
139.86939800486942,16,1,NT
54.58197145137866,16,2,NT
7.96439005718911,16,3,NT
85.4120643736296,16,4,T
29.757613924995077,16,5,NT
98.12653587693191,16,6,T
154.55144872916725,16,7,NT
25.947828916884824,16,8,NT
13.572196946087937,16,9,NT
1912.3440973467573,16,10,T
46.15263180897247,16,11,NT
1083.3211305499856,16,12,NT
710.8028821938041,16,24,T
0,160,1,NT
19.39300907833899,160,2,NT
0,160,3,NT
0,160,4,T
0,160,5,NT
0,160,6,T
0,160,7,NT
0,160,8,NT
0,160,9,NT
0,160,10,T
0,160,11,NT
21.367581316574586,160,12,NT
73.30033798876033,160,24,T
0,161,1,NT
19.735620873878986,161,2,NT
0,161,3,NT
3.127137684569524,161,4,T
0,161,5,NT
0,161,6,T
0,161,7,NT
0,161,8,NT
0,161,9,NT
0,161,10,T
0,161,11,NT
23.16551115619777,161,12,NT
73.30033798850785,161,24,T
0,162,1,NT
21.105423990739553,162,2,NT
0,162,3,NT
0,162,4,T
0,162,5,NT
0,162,6,T
0,162,7,NT
0,162,8,NT
0,162,9,NT
228.29796639161947,162,10,T
0,162,11,NT
24.83466253761782,162,12,NT
74.62706161902535,162,24,T
0,163,1,NT
21.105423990739553,163,2,NT
0,163,3,NT
0,163,4,T
0,163,5,NT
0,163,6,T
0,163,7,NT
0,163,8,NT
0,163,9,NT
228.29796639161947,163,10,T
0,163,11,NT
24.83466253761782,163,12,NT
74.62706161902535,163,24,T
0,164,1,NT
32.32066968863414,164,2,NT
4.02555054883794,164,3,NT
39.8208462528185,164,4,T
23.420767850245483,164,5,NT
0,164,6,T
11.904609676322107,164,7,NT
0,164,8,NT
2.483613464208835,164,9,NT
2195.52989319624,164,10,T
0,164,11,NT
90.50337730717183,164,12,NT
335.2284732595506,164,24,T
0,165,1,NT
33.861962712078984,165,2,NT
0,165,3,NT
31.557935970411446,165,4,T
0,165,5,NT
0,165,6,T
8.435688282411249,165,7,NT
0,165,8,NT
2.997623160374983,165,9,NT
920.1274284607903,165,10,T
0,165,11,NT
83.82640369583177,165,12,NT
335.22847325853905,165,24,T
0,166,1,NT
29.709197843871863,166,2,NT
0,166,3,NT
39.82084625468114,166,4,T
2.098474221673355,166,5,NT
0,166,6,T
5.737689426865861,166,7,NT
0,166,8,NT
2.697906848402395,166,9,NT
282.4519947658181,166,10,T
0,166,11,NT
76.03561974430713,166,12,NT
278.46628470554236,166,24,T
0,167,1,NT
18.922538927406322,167,2,NT
0,167,3,NT
0,167,4,T
0,167,5,NT
0,167,6,T
0,167,7,NT
0,167,8,NT
0,167,9,NT
0,167,10,T
0,167,11,NT
21.367581316574586,167,12,NT
73.30033798757653,167,24,T
0,168,1,NT
18.922538927406322,168,2,NT
0,168,3,NT
0,168,4,T
0,168,5,NT
0,168,6,T
0,168,7,NT
0,168,8,NT
0,168,9,NT
0,168,10,T
0,168,11,NT
21.367581316574586,168,12,NT
73.30033798791753,168,24,T
2.269872129441358,169,1,NT
37.157738052019226,169,2,NT
9.933717806474878,169,3,NT
61.18263101760958,169,4,T
31.81227258173665,169,5,NT
6.594770966663445,169,6,T
44.70117806951413,169,7,NT
6.93922294589945,169,8,NT
3.468645370458885,169,9,NT
7042.102874162071,169,10,T
19.480548195875986,169,11,NT
182.886151167318,169,12,NT
538.1216234222001,169,24,T
0,17,1,NT
29.709197843871863,17,2,NT
0,17,3,NT
18.412853629183736,17,4,T
0,17,5,NT
0,17,6,T
3.340050937292615,17,7,NT
0,17,8,NT
0,17,9,NT
363.1043175585522,17,10,T
0,17,11,NT
45.897743087850735,17,12,NT
147.6282353023163,17,24,T
2.269872129441358,170,1,NT
35.10289536537864,170,2,NT
2.612207899037047,170,3,NT
65.2930524163688,170,4,T
25.646824407789566,170,5,NT
6.59477096852609,170,6,T
44.70117806955652,170,7,NT
6.939222945941824,170,8,NT
6.594310923140197,170,9,NT
340.28831852989924,170,10,T
19.48054819773863,170,11,NT
140.4588935308742,170,12,NT
492.83177794888127,170,24,T
0,171,1,NT
23.28821704457691,171,2,NT
0,171,3,NT
18.412853629183736,171,4,T
0,171,5,NT
0,171,6,T
0,171,7,NT
0,171,8,NT
0,171,9,NT
14.300039963479348,171,10,T
0,171,11,NT
33.52496345084097,171,12,NT
90.72530740849854,171,24,T
0,172,1,NT
23.28821704457691,172,2,NT
0,172,3,NT
18.412853629183736,172,4,T
0,172,5,NT
0,172,6,T
0,172,7,NT
0,172,8,NT
0,172,9,NT
14.300039963945009,172,10,T
0,172,11,NT
33.52496345084097,172,12,NT
90.72530740849854,172,24,T
0,173,1,NT
32.91973428019048,173,2,NT
0,173,3,NT
31.557935970411446,173,4,T
0,173,5,NT
0,173,6,T
8.435688282411249,173,7,NT
0,173,8,NT
2.997623160374983,173,9,NT
920.1274284607903,173,10,T
0,173,11,NT
83.82640369583177,173,12,NT
335.22847325853905,173,24,T
0,174,1,NT
33.861962712078984,174,2,NT
0,174,3,NT
31.557935970411446,174,4,T
0,174,5,NT
0,174,6,T
8.435688282411249,174,7,NT
0,174,8,NT
2.997623160374983,174,9,NT
920.1274284607903,174,10,T
0,174,11,NT
83.82640369583177,174,12,NT
335.22847325853905,174,24,T
0,175,1,NT
29.709197843871863,175,2,NT
0,175,3,NT
39.82084625468114,175,4,T
2.098474221673355,175,5,NT
0,175,6,T
5.737689426865861,175,7,NT
0,175,8,NT
2.697906848402395,175,9,NT
282.4519947658181,175,10,T
0,175,11,NT
76.03561974430713,175,12,NT
278.46628470554236,175,24,T
0,176,1,NT
18.922538927406322,176,2,NT
0,176,3,NT
0,176,4,T
0,176,5,NT
0,176,6,T
0,176,7,NT
0,176,8,NT
0,176,9,NT
0,176,10,T
0,176,11,NT
21.367581316574586,176,12,NT
73.30033798757653,176,24,T
2.269872129441358,177,1,NT
35.10289536537864,177,2,NT
2.612207899037047,177,3,NT
65.2930524163688,177,4,T
25.646824407789566,177,5,NT
6.59477096852609,177,6,T
44.70117806955652,177,7,NT
6.939222945941824,177,8,NT
6.594310923140197,177,9,NT
340.28831852989924,177,10,T
19.48054819773863,177,11,NT
140.4588935308742,177,12,NT
492.83177794888127,177,24,T
2.269872129441358,178,1,NT
35.10289536537864,178,2,NT
2.612207899037047,178,3,NT
65.29305241730012,178,4,T
25.646824407789566,178,5,NT
6.59477096852609,178,6,T
44.70117806955652,178,7,NT
6.939222945894146,178,8,NT
6.594310923140197,178,9,NT
340.28831852989924,178,10,T
19.480548195875986,178,11,NT
140.4588935305736,178,12,NT
492.83177794969777,178,24,T
0,179,1,NT
23.28821704457691,179,2,NT
0,179,3,NT
18.412853629183736,179,4,T
0,179,5,NT
0,179,6,T
0,179,7,NT
0,179,8,NT
0,179,9,NT
14.300039963945009,179,10,T
0,179,11,NT
33.52496345084097,179,12,NT
90.72530740849854,179,24,T
91.8385658505837,18,1,NT
121.62242152066867,18,2,NT
0,18,3,NT
65.29305241727317,18,4,T
19.78210469840568,18,5,NT
62.67817631763703,18,6,T
214.35636399841178,18,7,NT
39.17769015630235,18,8,NT
13.572196946422688,18,9,NT
2303.9428283990546,18,10,T
121.02427695173557,18,11,NT
1083.321130550715,18,12,NT
837.6338020749589,18,24,T
0,180,1,NT
25.000999992108476,180,2,NT
0,180,3,NT
15.886988738692803,180,4,T
5.52367205988428,180,5,NT
0,180,6,T
0,180,7,NT
0,180,8,NT
0,180,9,NT
304.5423584705652,180,10,T
0,180,11,NT
35.10841587957251,180,12,NT
94.57835597191493,180,24,T
0,181,1,NT
30.222655486666397,181,2,NT
0,181,3,NT
18.412853629183736,181,4,T
0,181,5,NT
0,181,6,T
3.340050937292615,181,7,NT
0,181,8,NT
0,181,9,NT
363.1043175585522,181,10,T
0,181,11,NT
45.897743087850735,181,12,NT
147.6282353023163,181,24,T
114.22671367604309,182,1,NT
168.07044529452492,182,2,NT
0,182,3,NT
65.29305241727317,182,4,T
19.78210469840568,182,5,NT
62.67817631746695,182,6,T
214.35636399641436,182,7,NT
39.17769015630235,182,8,NT
13.572196946087937,182,9,NT
2303.9428283832062,182,10,T
121.02427695173557,182,11,NT
1083.3211305514033,182,12,NT
837.6338020747362,182,24,T
91.8385658505837,183,1,NT
121.62242152066867,183,2,NT
0,183,3,NT
65.29305241727317,183,4,T
19.78210469840568,183,5,NT
62.67817631763703,183,6,T
214.35636399841178,183,7,NT
39.17769015630235,183,8,NT
13.572196946422688,183,9,NT
2303.9428283990546,183,10,T
121.02427695173557,183,11,NT
1083.321130550715,183,12,NT
837.6338020749589,183,24,T
24.74997575419057,184,1,NT
39.2990157402008,184,2,NT
0,184,3,NT
85.4120643736296,184,4,T
22.264614070125624,184,5,NT
98.12653587693191,184,6,T
154.55144872916725,184,7,NT
19.440136966755013,184,8,NT
9.078016414542704,184,9,NT
1636.0161945934933,184,10,T
81.68549414723674,184,11,NT
818.2215634748161,184,12,NT
768.6771329351486,184,24,T
0,185,1,NT
26.19958921217458,185,2,NT
0,185,3,NT
29.71738668264069,185,4,T
0,185,5,NT
0,185,6,T
2.997623159792182,185,7,NT
0,185,8,NT
0,185,9,NT
186.64779589665713,185,10,T
0,185,11,NT
43.243191763416156,185,12,NT
129.0451798391813,185,24,T
0,186,1,NT
30.222655486666397,186,2,NT
0,186,3,NT
18.412853629183736,186,4,T
0,186,5,NT
0,186,6,T
3.340050937292615,186,7,NT
0,186,8,NT
0,186,9,NT
363.10431755863954,186,10,T
0,186,11,NT
45.897743087850735,186,12,NT
147.6282353023387,186,24,T
0,187,1,NT
29.709197843871863,187,2,NT
0,187,3,NT
18.412853629183736,187,4,T
0,187,5,NT
0,187,6,T
3.340050937292615,187,7,NT
0,187,8,NT
0,187,9,NT
363.1043175585522,187,10,T
0,187,11,NT
45.897743087850735,187,12,NT
147.6282353023163,187,24,T
91.8385658505837,188,1,NT
121.62242152066867,188,2,NT
0,188,3,NT
65.29305241727317,188,4,T
19.78210469840568,188,5,NT
62.67817631763703,188,6,T
214.35636399841178,188,7,NT
39.17769015630235,188,8,NT
13.572196946422688,188,9,NT
2303.9428283990546,188,10,T
121.02427695173557,188,11,NT
1083.321130550715,188,12,NT
837.6338020749589,188,24,T
0,189,1,NT
30.822272139826563,189,2,NT
0,189,3,NT
44.2319040951846,189,4,T
19.782104700268324,189,5,NT
0,189,6,T
11.904609677253429,189,7,NT
0,189,8,NT
3.168837047075554,189,9,NT
282.4519947658181,189,10,T
0,189,11,NT
83.82640369583177,189,12,NT
278.46628470554236,189,24,T
114.22671367604309,19,1,NT
168.07044529452492,19,2,NT
0,19,3,NT
65.29305241727317,19,4,T
19.78210469840568,19,5,NT
62.67817631746695,19,6,T
214.35636399641436,19,7,NT
39.17769015630235,19,8,NT
13.572196946087937,19,9,NT
2303.9428283832062,19,10,T
121.02427695173557,19,11,NT
1083.3211305514033,19,12,NT
837.6338020747362,19,24,T
0,190,1,NT
32.32066968863414,190,2,NT
4.02555054883794,190,3,NT
39.82084625468114,190,4,T
23.420767850245483,190,5,NT
0,190,6,T
11.904609677253429,190,7,NT
0,190,8,NT
2.483613464208835,190,9,NT
2195.5298932279975,190,10,T
0,190,11,NT
90.50337730717183,190,12,NT
335.22847325869276,190,24,T
0,191,1,NT
21.105423990739553,191,2,NT
0,191,3,NT
0,191,4,T
0,191,5,NT
0,191,6,T
0,191,7,NT
0,191,8,NT
0,191,9,NT
228.29796639161947,191,10,T
0,191,11,NT
24.83466253761782,191,12,NT
74.62706161902535,191,24,T
0,192,1,NT
21.105423990739553,192,2,NT
0,192,3,NT
0,192,4,T
0,192,5,NT
0,192,6,T
0,192,7,NT
0,192,8,NT
0,192,9,NT
228.29796639161947,192,10,T
0,192,11,NT
24.83466253761782,192,12,NT
74.62706161902535,192,24,T
0,193,1,NT
32.32066968863414,193,2,NT
4.02555054883794,193,3,NT
39.8208462528185,193,4,T
23.420767850245483,193,5,NT
0,193,6,T
11.904609676322107,193,7,NT
0,193,8,NT
2.483613464208835,193,9,NT
2195.52989319624,193,10,T
0,193,11,NT
90.50337730717183,193,12,NT
335.2284732595506,193,24,T
0,194,1,NT
30.822272139826563,194,2,NT
0,194,3,NT
44.2319040951846,194,4,T
19.782104700268324,194,5,NT
0,194,6,T
11.904609677253429,194,7,NT
0,194,8,NT
3.168837047075554,194,9,NT
282.4519947658181,194,10,T
0,194,11,NT
83.82640369583177,194,12,NT
278.4662847018965,194,24,T
0,195,1,NT
30.822272139826563,195,2,NT
0,195,3,NT
44.2319040951846,195,4,T
19.782104700268324,195,5,NT
0,195,6,T
11.904609677253429,195,7,NT
0,195,8,NT
3.168837047075554,195,9,NT
282.4519947658181,195,10,T
0,195,11,NT
83.82640369583177,195,12,NT
278.46628470554236,195,24,T
0,196,1,NT
19.735620873878986,196,2,NT
0,196,3,NT
3.127137684569524,196,4,T
0,196,5,NT
0,196,6,T
0,196,7,NT
0,196,8,NT
0,196,9,NT
0,196,10,T
0,196,11,NT
23.16551115619777,196,12,NT
73.30033798850785,196,24,T
2.269872129441358,197,1,NT
32.91973428019048,197,2,NT
4.796013046557503,197,3,NT
61.182631017637014,197,4,T
15.114870094526442,197,5,NT
6.59477096852609,197,6,T
29.074874503439297,197,7,NT
3.040886681663435,197,8,NT
3.853784611109345,197,9,NT
337.7625456281106,197,10,T
14.300408023289602,197,11,NT
120.72520481108582,197,12,NT
492.83177794888127,197,24,T
2.269872129441358,198,1,NT
32.91973428019048,198,2,NT
4.02555054883794,198,3,NT
61.18263101760958,198,4,T
15.114870094526442,198,5,NT
6.594770966663445,198,6,T
29.07487450437062,198,7,NT
3.040886681663435,198,8,NT
3.853784611109345,198,9,NT
337.7625456281106,198,10,T
14.300408023570004,198,11,NT
120.72520481088654,198,12,NT
492.83177794883613,198,24,T
0,199,1,NT
21.875978493683988,199,2,NT
0,199,3,NT
15.886988738692803,199,4,T
0,199,5,NT
0,199,6,T
0,199,7,NT
0,199,8,NT
0,199,9,NT
14.300039963479348,199,10,T
0,199,11,NT
30.828896789924745,199,12,NT
90.72530741036118,199,24,T
0,2,1,NT
30.822272139826563,2,2,NT
0,2,3,NT
44.2319040951846,2,4,T
19.782104700268324,2,5,NT
0,2,6,T
11.904609677253429,2,7,NT
0,2,8,NT
3.168837047075554,2,9,NT
282.4519947658181,2,10,T
0,2,11,NT
83.82640369583177,2,12,NT
278.4662847018965,2,24,T
91.83856585097533,20,1,NT
39.2990157402008,20,2,NT
0,20,3,NT
85.4120643736296,20,4,T
22.264614070125624,20,5,NT
98.12653587693191,20,6,T
154.55144872916725,20,7,NT
19.440136966755013,20,8,NT
9.078016414542704,20,9,NT
1636.0161945928414,20,10,T
81.68549414758627,20,11,NT
818.2215634749102,20,12,NT
768.6771329354513,20,24,T
0,200,1,NT
27.01193506387417,200,2,NT
0,200,3,NT
3.127137684569524,200,4,T
0,200,5,NT
0,200,6,T
0,200,7,NT
0,200,8,NT
0,200,9,NT
311.0483023673822,200,10,T
0,200,11,NT
33.52496345084097,200,12,NT
94.57835597191493,200,24,T
0,201,1,NT
29.709197843871863,201,2,NT
0,201,3,NT
39.82084625468114,201,4,T
2.098474221673355,201,5,NT
0,201,6,T
5.737689426865861,201,7,NT
0,201,8,NT
2.697906848402395,201,9,NT
282.4519947658181,201,10,T
0,201,11,NT
76.03561974430713,201,12,NT
278.46628470554236,201,24,T
0,202,1,NT
29.709197843871863,202,2,NT
0,202,3,NT
39.82084625468114,202,4,T
2.098474221673355,202,5,NT
0,202,6,T
5.737689426865861,202,7,NT
0,202,8,NT
2.697906848402395,202,9,NT
282.4519947658181,202,10,T
0,202,11,NT
76.03561974430713,202,12,NT
278.4662847018965,202,24,T
0,203,1,NT
18.922538927655012,203,2,NT
0,203,3,NT
0,203,4,T
0,203,5,NT
0,203,6,T
0,203,7,NT
0,203,8,NT
0,203,9,NT
0,203,10,T
0,203,11,NT
21.367581316574586,203,12,NT
73.30033798861143,203,24,T
0,204,1,NT
21.875978493683988,204,2,NT
0,204,3,NT
0,204,4,T
0,204,5,NT
0,204,6,T
0,204,7,NT
0,204,8,NT
0,204,9,NT
253.64130182542397,204,10,T
0,204,11,NT
23.16551115247248,204,12,NT
74.6270616201348,204,24,T
0,205,1,NT
21.105423990739553,205,2,NT
0,205,3,NT
0,205,4,T
0,205,5,NT
0,205,6,T
0,205,7,NT
0,205,8,NT
0,205,9,NT
228.29796639161947,205,10,T
0,205,11,NT
24.83466253761782,205,12,NT
74.62706161902535,205,24,T
0,206,1,NT
21.105423990739553,206,2,NT
0,206,3,NT
0,206,4,T
0,206,5,NT
0,206,6,T
0,206,7,NT
0,206,8,NT
0,206,9,NT
228.29796639161947,206,10,T
0,206,11,NT
24.83466253761782,206,12,NT
74.62706161902535,206,24,T
0,207,1,NT
32.32066968863414,207,2,NT
4.02555054883794,207,3,NT
39.8208462528185,207,4,T
23.420767850245483,207,5,NT
0,207,6,T
11.904609676322107,207,7,NT
0,207,8,NT
2.483613464208835,207,9,NT
2195.52989319624,207,10,T
0,207,11,NT
90.50337730717183,207,12,NT
335.2284732595506,207,24,T
0,208,1,NT
30.822272139826563,208,2,NT
0,208,3,NT
44.2319040951846,208,4,T
19.782104700268324,208,5,NT
0,208,6,T
11.904609677253429,208,7,NT
0,208,8,NT
3.168837047075554,208,9,NT
282.4519947658181,208,10,T
0,208,11,NT
83.82640369583177,208,12,NT
278.4662847018965,208,24,T
0,209,1,NT
22.646348981143724,209,2,NT
0,209,3,NT
15.886988739158465,209,4,T
0,209,5,NT
0,209,6,T
0,209,7,NT
0,209,8,NT
0,209,9,NT
14.300039963479348,209,10,T
0,209,11,NT
33.52496345084097,209,12,NT
90.72530741036118,209,24,T
2.269872129441358,21,1,NT
37.157738052019226,21,2,NT
9.933717806474878,21,3,NT
61.18263101760958,21,4,T
31.81227258173665,21,5,NT
6.594770966663445,21,6,T
44.70117806951413,21,7,NT
6.93922294589945,21,8,NT
3.468645370458885,21,9,NT
7042.102874162071,21,10,T
19.480548195875986,21,11,NT
182.886151167318,21,12,NT
538.1216234222001,21,24,T
0,210,1,NT
23.28821704457691,210,2,NT
0,210,3,NT
15.886988739158465,210,4,T
0,210,5,NT
0,210,6,T
0,210,7,NT
0,210,8,NT
0,210,9,NT
302.52967521024163,210,10,T
0,210,11,NT
33.52496345084097,210,12,NT
86.05834884239005,210,24,T
0,211,1,NT
23.28821704457691,211,2,NT
0,211,3,NT
15.886988739158465,211,4,T
0,211,5,NT
0,211,6,T
0,211,7,NT
0,211,8,NT
0,211,9,NT
302.52967521024163,211,10,T
0,211,11,NT
33.52496345084097,211,12,NT
86.05834884239005,211,24,T
8.050181010816075,212,1,NT
35.10289536537864,212,2,NT
2.612207899037047,212,3,NT
61.18263101670569,212,4,T
22.264614070125624,212,5,NT
6.59477096852609,212,6,T
29.074874503904958,212,7,NT
6.939222945894146,212,8,NT
5.952166837766468,212,9,NT
1152.4716661673917,212,10,T
5.610383141142625,212,11,NT
140.4588935308742,212,12,NT
453.7973108174152,212,24,T
0,213,1,NT
19.735620873878986,213,2,NT
0,213,3,NT
3.127137684569524,213,4,T
0,213,5,NT
0,213,6,T
0,213,7,NT
0,213,8,NT
0,213,9,NT
0,213,10,T
0,213,11,NT
23.16551115619777,213,12,NT
73.30033798850785,213,24,T
0,214,1,NT
19.735620873878986,214,2,NT
0,214,3,NT
3.127137684569524,214,4,T
0,214,5,NT
0,214,6,T
0,214,7,NT
0,214,8,NT
0,214,9,NT
0,214,10,T
0,214,11,NT
23.16551115619777,214,12,NT
73.30033798768011,214,24,T
0,215,1,NT
30.822272139826563,215,2,NT
0,215,3,NT
44.2319040951846,215,4,T
19.782104700268324,215,5,NT
0,215,6,T
11.904609677253429,215,7,NT
0,215,8,NT
3.168837047075554,215,9,NT
282.4519947658181,215,10,T
0,215,11,NT
83.82640369583177,215,12,NT
278.4662847018965,215,24,T
0,216,1,NT
32.32066968863414,216,2,NT
4.02555054883794,216,3,NT
39.8208462528185,216,4,T
23.420767850245483,216,5,NT
0,216,6,T
11.904609676322107,216,7,NT
0,216,8,NT
2.483613464208835,216,9,NT
2195.52989319624,216,10,T
0,216,11,NT
90.50337730717183,216,12,NT
335.2284732595506,216,24,T
0,217,1,NT
27.01193506387417,217,2,NT
0,217,3,NT
3.127137684569524,217,4,T
0,217,5,NT
0,217,6,T
0,217,7,NT
0,217,8,NT
0,217,9,NT
311.0483023673822,217,10,T
0,217,11,NT
33.52496345084097,217,12,NT
94.57835597191493,217,24,T
3.68266273245853,218,1,NT
46.06325245078377,218,2,NT
4.796013046557503,218,3,NT
44.23190409492081,218,4,T
11.304625015712773,218,5,NT
2.226700621392459,218,6,T
36.73853618191644,218,7,NT
9.5941423302816,218,8,NT
5.952166837766468,218,9,NT
1223.3190491359721,218,10,T
19.480548195875986,218,11,NT
140.4588935308742,218,12,NT
538.1216234214235,218,24,T
2.269872129441358,219,1,NT
39.2990157402008,219,2,NT
4.796013046557503,219,3,NT
44.23190409515364,219,4,T
11.304625015712773,219,5,NT
2.226700621392459,219,6,T
36.738536180985115,219,7,NT
9.5941423302816,219,8,NT
5.952166837766468,219,9,NT
1223.319049135483,219,10,T
19.48054819773863,219,11,NT
140.4588935308742,219,12,NT
538.1216234222001,219,24,T
2.269872129441358,22,1,NT
37.157738052019226,22,2,NT
9.933717806474878,22,3,NT
61.18263101760958,22,4,T
31.81227258173665,22,5,NT
6.594770966663445,22,6,T
44.70117806951413,22,7,NT
6.93922294589945,22,8,NT
3.468645370458885,22,9,NT
7042.102874162071,22,10,T
19.480548195875986,22,11,NT
182.886151167318,22,12,NT
538.1216234222001,22,24,T
2.269872129441358,220,1,NT
32.91973428019048,220,2,NT
4.796013046557503,220,3,NT
61.182631017637014,220,4,T
15.114870094526442,220,5,NT
6.59477096852609,220,6,T
29.074874503439297,220,7,NT
3.040886681663435,220,8,NT
3.853784611109345,220,9,NT
337.7625456281106,220,10,T
14.300408023289602,220,11,NT
120.72520481108582,220,12,NT
492.83177794888127,220,24,T
91.83856585090683,221,1,NT
95.72365274716714,221,2,NT
1840.4123425434193,221,3,NT
85.4120643736296,221,4,T
138.2032827954547,221,5,NT
98.12653587693191,221,6,T
615.0719603498778,221,7,NT
25.947828916884824,221,8,NT
7.793268182189118,221,9,NT
8065.911566738647,221,10,T
121.02427695173557,221,11,NT
1292.1937019243167,221,12,NT
837.633802074992,221,24,T
0,222,1,NT
28.938643334275895,222,2,NT
0,222,3,NT
29.71738668264842,222,4,T
17.170448851021764,222,5,NT
0,222,6,T
3.982471050719047,222,7,NT
0,222,8,NT
0,222,9,NT
414.99923928364507,222,10,T
0,222,11,NT
50.94947287048869,222,12,NT
147.6282353023387,222,24,T
0,223,1,NT
28.938643334275895,223,2,NT
0,223,3,NT
29.71738668264842,223,4,T
17.170448851021764,223,5,NT
0,223,6,T
3.982471050719047,223,7,NT
0,223,8,NT
0,223,9,NT
414.99923928364507,223,10,T
0,223,11,NT
50.94947287048869,223,12,NT
147.6282353023387,223,24,T
0,224,1,NT
27.4831412849046,224,2,NT
0,224,3,NT
31.557935970411446,224,4,T
11.304625017575418,224,5,NT
0,224,6,T
3.982471050719047,224,7,NT
0,224,8,NT
2.012775272639052,224,9,NT
186.64779589293184,224,10,T
0,224,11,NT
45.897743087850735,224,12,NT
129.04517983884637,224,24,T
0,225,1,NT
27.4831412849046,225,2,NT
0,225,3,NT
29.71738668264069,225,4,T
2.098474221673355,225,5,NT
0,225,6,T
2.997623159792182,225,7,NT
0,225,8,NT
0,225,9,NT
350.2178043362191,225,10,T
0,225,11,NT
45.897743091576025,225,12,NT
111.19125558943172,225,24,T
139.86939800486942,226,1,NT
54.58197145137866,226,2,NT
7.96439005718911,226,3,NT
85.4120643736296,226,4,T
29.757613924995077,226,5,NT
98.12653587693191,226,6,T
154.55144872916725,226,7,NT
25.947828916884824,226,8,NT
13.572196946087937,226,9,NT
1912.3440973467573,226,10,T
46.15263180897247,226,11,NT
1083.3211305499856,226,12,NT
710.8028821938041,226,24,T
139.86939800486942,227,1,NT
54.58197145137866,227,2,NT
7.96439005718911,227,3,NT
85.4120643736296,227,4,T
29.75761392487866,227,5,NT
98.1265358762602,227,6,T
154.55144872916725,227,7,NT
25.947828916884824,227,8,NT
13.572196946087937,227,9,NT
1912.3440972864503,227,10,T
46.15263180152189,227,11,NT
1083.3211305502284,227,12,NT
710.8028822260518,227,24,T
91.83856585061281,228,1,NT
46.063252450470394,228,2,NT
1087.2397087314214,228,3,NT
85.4120643736296,228,4,T
22.264614070125624,228,5,NT
98.12653587693191,228,6,T
275.8656894121113,228,7,NT
39.1776901563381,228,8,NT
13.572196946087937,228,9,NT
1636.016194596354,228,10,T
81.68549414744658,228,11,NT
1083.3211305503376,228,12,NT
768.6771329351426,228,24,T
91.83856585061281,229,1,NT
46.063252450470394,229,2,NT
1087.2397087314214,229,3,NT
85.4120643736296,229,4,T
22.264614070125624,229,5,NT
98.12653587693191,229,6,T
275.8656894121113,229,7,NT
39.1776901563381,229,8,NT
13.572196946087937,229,9,NT
1636.016194596354,229,10,T
81.68549414744658,229,11,NT
1083.3211305503376,229,12,NT
768.6771329351426,229,24,T
2.269872129441358,23,1,NT
35.10289536537864,23,2,NT
2.612207899037047,23,3,NT
65.2930524163688,23,4,T
25.646824407789566,23,5,NT
6.59477096852609,23,6,T
44.70117806955652,23,7,NT
6.939222945941824,23,8,NT
6.594310923140197,23,9,NT
340.28831852989924,23,10,T
19.48054819773863,23,11,NT
140.4588935308742,23,12,NT
492.83177794888127,23,24,T
139.86939800486942,230,1,NT
54.58197145137866,230,2,NT
7.96439005718911,230,3,NT
85.4120643736296,230,4,T
29.75761392487866,230,5,NT
98.1265358762602,230,6,T
154.55144872916725,230,7,NT
25.947828916884824,230,8,NT
13.572196946087937,230,9,NT
1912.3440972864503,230,10,T
46.15263180152189,230,11,NT
1083.3211305502284,230,12,NT
710.8028822260518,230,24,T
0,231,1,NT
27.4831412849046,231,2,NT
0,231,3,NT
29.71738668264069,231,4,T
2.098474221673355,231,5,NT
0,231,6,T
2.997623159792182,231,7,NT
0,231,8,NT
0,231,9,NT
350.2178043362191,231,10,T
0,231,11,NT
45.897743091576025,231,12,NT
111.19125558943172,231,24,T
0,232,1,NT
27.4831412849046,232,2,NT
0,232,3,NT
29.71738668264069,232,4,T
2.098474221673355,232,5,NT
0,232,6,T
2.997623159792182,232,7,NT
0,232,8,NT
0,232,9,NT
350.2178043362191,232,10,T
0,232,11,NT
45.897743091576025,232,12,NT
111.19125558943172,232,24,T
0,233,1,NT
26.199589208565136,233,2,NT
0,233,3,NT
29.71738668264842,233,4,T
0,233,5,NT
0,233,6,T
2.997623159792182,233,7,NT
0,233,8,NT
0,233,9,NT
186.64779589293184,233,10,T
0,233,11,NT
43.243191763416156,233,12,NT
129.04517983878458,233,24,T
0,234,1,NT
26.19958921217458,234,2,NT
0,234,3,NT
29.71738668264069,234,4,T
0,234,5,NT
0,234,6,T
2.997623159792182,234,7,NT
0,234,8,NT
0,234,9,NT
186.64779589665713,234,10,T
0,234,11,NT
43.243191763416156,234,12,NT
129.0451798391813,234,24,T
91.83856585090683,235,1,NT
39.2990157402008,235,2,NT
9.933717806474878,235,3,NT
85.4120643736296,235,4,T
22.264614070125624,235,5,NT
98.12653587693191,235,6,T
154.55144872916725,235,7,NT
19.440136966755013,235,8,NT
9.078016415515144,235,9,NT
1636.0161945947982,235,10,T
81.68549414710861,235,11,NT
818.2215634745389,235,12,NT
768.6771329347583,235,24,T
114.22671367604309,236,1,NT
168.07044529191543,236,2,NT
0,236,3,NT
65.2930524182045,236,4,T
19.78210469840568,236,5,NT
62.67817631746695,236,6,T
214.35636399894196,236,7,NT
39.17769015619993,236,8,NT
13.572196946087937,236,9,NT
2303.942828382257,236,10,T
121.02427695199518,236,11,NT
1083.3211305503926,236,12,NT
837.6338020749589,236,24,T
2.269872129441358,237,1,NT
35.10289536537864,237,2,NT
2.612207899037047,237,3,NT
65.29305241730012,237,4,T
25.646824407789566,237,5,NT
6.59477096852609,237,6,T
44.70117806955652,237,7,NT
6.939222945894146,237,8,NT
6.594310923140197,237,9,NT
340.28831852989924,237,10,T
19.480548195875986,237,11,NT
140.4588935305736,237,12,NT
492.83177794969777,237,24,T
2.269872129441358,238,1,NT
37.157738052019226,238,2,NT
9.933717806474878,238,3,NT
61.18263101760958,238,4,T
31.81227258173665,238,5,NT
6.594770966663445,238,6,T
44.70117806951413,238,7,NT
6.93922294589945,238,8,NT
3.468645370458885,238,9,NT
7042.102874162071,238,10,T
19.480548195875986,238,11,NT
182.886151167318,238,12,NT
538.1216234222001,238,24,T
0,239,1,NT
25.000999992108476,239,2,NT
0,239,3,NT
15.886988738692803,239,4,T
5.52367205988428,239,5,NT
0,239,6,T
0,239,7,NT
0,239,8,NT
0,239,9,NT
304.5423584705652,239,10,T
0,239,11,NT
35.10841587957251,239,12,NT
94.57835597191493,239,24,T
0,24,1,NT
23.28821704457691,24,2,NT
0,24,3,NT
18.412853629183736,24,4,T
0,24,5,NT
0,24,6,T
0,24,7,NT
0,24,8,NT
0,24,9,NT
14.300039963479348,24,10,T
0,24,11,NT
33.52496345084097,24,12,NT
90.72530740849854,24,24,T
0,240,1,NT
25.000999992108476,240,2,NT
0,240,3,NT
15.886988738692803,240,4,T
5.52367205988428,240,5,NT
0,240,6,T
0,240,7,NT
0,240,8,NT
0,240,9,NT
304.5423584705652,240,10,T
0,240,11,NT
35.10841587957251,240,12,NT
94.57835597191493,240,24,T
0,241,1,NT
27.4831412849046,241,2,NT
0,241,3,NT
29.71738668264069,241,4,T
2.098474221673355,241,5,NT
0,241,6,T
2.997623159792182,241,7,NT
0,241,8,NT
0,241,9,NT
350.2178043362191,241,10,T
0,241,11,NT
45.897743091576025,241,12,NT
111.19125558943172,241,24,T
0,242,1,NT
27.01193506387417,242,2,NT
0,242,3,NT
29.71738668264069,242,4,T
0,242,5,NT
0,242,6,T
3.982471050719047,242,7,NT
0,242,8,NT
0,242,9,NT
186.64779589279172,242,10,T
0,242,11,NT
45.897743091576025,242,12,NT
129.04517983884637,242,24,T
0,243,1,NT
27.01193506387417,243,2,NT
0,243,3,NT
29.71738668264842,243,4,T
0,243,5,NT
0,243,6,T
3.982471050719047,243,7,NT
0,243,8,NT
0,243,9,NT
186.64779589279172,243,10,T
0,243,11,NT
43.243191763416156,243,12,NT
129.04517983884637,243,24,T
91.83856585061281,244,1,NT
46.063252450470394,244,2,NT
1087.2397087314214,244,3,NT
85.4120643736296,244,4,T
22.264614070125624,244,5,NT
137.97758039509893,244,6,T
275.8656894130669,244,7,NT
39.1776901563381,244,8,NT
13.572196946087937,244,9,NT
1636.016194595279,244,10,T
81.68549414723674,244,11,NT
818.221563474624,244,12,NT
768.6771329351787,244,24,T
0,245,1,NT
29.709197843871863,245,2,NT
0,245,3,NT
18.412853629183736,245,4,T
0,245,5,NT
0,245,6,T
3.340050937292615,245,7,NT
0,245,8,NT
0,245,9,NT
363.1043175585522,245,10,T
0,245,11,NT
45.897743087850735,245,12,NT
147.6282353023163,245,24,T
0,246,1,NT
30.222655486666397,246,2,NT
0,246,3,NT
18.412853629183736,246,4,T
0,246,5,NT
0,246,6,T
3.340050937292615,246,7,NT
0,246,8,NT
0,246,9,NT
363.10431755863954,246,10,T
0,246,11,NT
45.897743087850735,246,12,NT
147.6282353023387,246,24,T
114.22671367604309,247,1,NT
168.07044529191543,247,2,NT
0,247,3,NT
65.2930524182045,247,4,T
19.78210469840568,247,5,NT
62.67817631746695,247,6,T
214.35636399894196,247,7,NT
39.17769015619993,247,8,NT
13.572196946087937,247,9,NT
2303.942828382257,247,10,T
121.02427695199518,247,11,NT
1083.3211305503926,247,12,NT
837.6338020749589,247,24,T
91.83856585090683,248,1,NT
39.2990157402008,248,2,NT
9.933717806474878,248,3,NT
85.4120643736296,248,4,T
22.264614070125624,248,5,NT
98.12653587693191,248,6,T
154.55144872916725,248,7,NT
19.440136966755013,248,8,NT
9.078016415515144,248,9,NT
1636.0161945947982,248,10,T
81.68549414710861,248,11,NT
818.2215634745389,248,12,NT
768.6771329347583,248,24,T
0,249,1,NT
32.32066968863414,249,2,NT
4.02555054883794,249,3,NT
39.82084625468114,249,4,T
23.420767850245483,249,5,NT
0,249,6,T
11.904609677253429,249,7,NT
0,249,8,NT
2.483613464208835,249,9,NT
2195.5298932279975,249,10,T
0,249,11,NT
90.50337730717183,249,12,NT
335.22847325869276,249,24,T
2.269872129441358,25,1,NT
32.91973428019048,25,2,NT
4.02555054883794,25,3,NT
61.18263101760958,25,4,T
15.114870094526442,25,5,NT
6.594770966663445,25,6,T
29.07487450437062,25,7,NT
3.040886681663435,25,8,NT
3.853784611109345,25,9,NT
337.7625456281106,25,10,T
14.300408023570004,25,11,NT
120.72520481088654,25,12,NT
492.83177794883613,25,24,T
0,250,1,NT
21.105423990739553,250,2,NT
0,250,3,NT
0,250,4,T
0,250,5,NT
0,250,6,T
0,250,7,NT
0,250,8,NT
0,250,9,NT
228.29796639161947,250,10,T
0,250,11,NT
24.83466253761782,250,12,NT
74.62706161902535,250,24,T
0,251,1,NT
19.735620873878986,251,2,NT
0,251,3,NT
3.127137684569524,251,4,T
0,251,5,NT
0,251,6,T
0,251,7,NT
0,251,8,NT
0,251,9,NT
0,251,10,T
0,251,11,NT
23.16551115619777,251,12,NT
73.30033798850785,251,24,T
0,252,1,NT
19.735620873878986,252,2,NT
0,252,3,NT
3.127137684569524,252,4,T
0,252,5,NT
0,252,6,T
0,252,7,NT
0,252,8,NT
0,252,9,NT
0,252,10,T
0,252,11,NT
23.16551115619777,252,12,NT
73.30033798768011,252,24,T
2.269872129441358,253,1,NT
33.861962712078984,253,2,NT
9.933717806474878,253,3,NT
61.18263101760958,253,4,T
15.114870094526442,253,5,NT
6.594770966663445,253,6,T
44.70117806951413,253,7,NT
9.5941423302816,253,8,NT
5.952166837766468,253,9,NT
337.7625456281106,253,10,T
14.300408023289602,253,11,NT
120.72520481108582,253,12,NT
492.83177794888127,253,24,T
0,254,1,NT
33.861962712078984,254,2,NT
9.933717806474878,254,3,NT
61.18263101760958,254,4,T
15.114870094526442,254,5,NT
6.594770966663445,254,6,T
44.701178069402374,254,7,NT
6.939222945894146,254,8,NT
5.952166837766468,254,9,NT
337.7625456281106,254,10,T
14.300408023289602,254,11,NT
140.4588935308742,254,12,NT
492.83177794888127,254,24,T
8.050181010816075,255,1,NT
35.10289536537864,255,2,NT
2.612207899037047,255,3,NT
61.18263101760958,255,4,T
21.109288355797823,255,5,NT
6.594770966663445,255,6,T
29.074874503857814,255,7,NT
6.939222945941824,255,8,NT
5.952166837766468,255,9,NT
1152.47166616751,255,10,T
5.610383140068938,255,11,NT
140.4588935308742,255,12,NT
453.79731081759064,255,24,T
0,256,1,NT
23.28821704457691,256,2,NT
0,256,3,NT
15.886988739158465,256,4,T
0,256,5,NT
0,256,6,T
0,256,7,NT
0,256,8,NT
0,256,9,NT
302.52967521024163,256,10,T
0,256,11,NT
33.52496345084097,256,12,NT
86.05834884239005,256,24,T
3.68266273245853,26,1,NT
46.06325245078377,26,2,NT
4.796013046557503,26,3,NT
44.23190409492081,26,4,T
11.304625015712773,26,5,NT
2.226700621392459,26,6,T
36.73853618191644,26,7,NT
9.5941423302816,26,8,NT
5.952166837766468,26,9,NT
1223.3190491359721,26,10,T
19.480548195875986,26,11,NT
140.4588935308742,26,12,NT
538.1216234214235,26,24,T
2.269872129441358,27,1,NT
39.2990157402008,27,2,NT
4.796013046557503,27,3,NT
44.23190409515364,27,4,T
11.304625015712773,27,5,NT
2.226700621392459,27,6,T
36.738536180985115,27,7,NT
9.5941423302816,27,8,NT
5.952166837766468,27,9,NT
1223.319049135483,27,10,T
19.48054819773863,27,11,NT
140.4588935308742,27,12,NT
538.1216234222001,27,24,T
0,28,1,NT
26.19958921217458,28,2,NT
0,28,3,NT
3.127137684569524,28,4,T
0,28,5,NT
0,28,6,T
0,28,7,NT
0,28,8,NT
0,28,9,NT
311.0483023673822,28,10,T
0,28,11,NT
33.52496345084097,28,12,NT
94.57835597191493,28,24,T
0,29,1,NT
28.938643334275895,29,2,NT
0,29,3,NT
29.71738668264842,29,4,T
17.170448851021764,29,5,NT
0,29,6,T
3.982471050719047,29,7,NT
0,29,8,NT
0,29,9,NT
414.99923928364507,29,10,T
0,29,11,NT
50.94947287048869,29,12,NT
147.6282353023387,29,24,T
0,3,1,NT
30.822272139826563,3,2,NT
0,3,3,NT
44.2319040951846,3,4,T
19.782104700268324,3,5,NT
0,3,6,T
11.904609677253429,3,7,NT
0,3,8,NT
3.168837047075554,3,9,NT
282.4519947658181,3,10,T
0,3,11,NT
83.82640369583177,3,12,NT
278.46628470554236,3,24,T
0,30,1,NT
28.938643334275895,30,2,NT
0,30,3,NT
29.71738668264842,30,4,T
17.170448851021764,30,5,NT
0,30,6,T
3.982471050719047,30,7,NT
0,30,8,NT
0,30,9,NT
414.99923928364507,30,10,T
0,30,11,NT
50.94947287048869,30,12,NT
147.6282353023387,30,24,T
91.83856585090683,31,1,NT
95.72365274716714,31,2,NT
1840.4123425434193,31,3,NT
85.4120643736296,31,4,T
138.2032827954547,31,5,NT
98.12653587693191,31,6,T
615.0719603498778,31,7,NT
25.947828916884824,31,8,NT
7.793268182189118,31,9,NT
8065.911566738647,31,10,T
121.02427695173557,31,11,NT
1292.1937019243167,31,12,NT
837.633802074992,31,24,T
91.83856585061281,32,1,NT
54.58197145137866,32,2,NT
7.96439005718911,32,3,NT
104.89509686524893,32,4,T
35.836166983935144,32,5,NT
98.12653587693191,32,6,T
267.1298247547815,32,7,NT
25.947828916884824,32,8,NT
15.113489973084551,32,9,NT
1639.0563452211316,32,10,T
121.02427695173557,32,11,NT
1085.7612044352556,32,12,NT
768.6771329352066,32,24,T
0,33,1,NT
22.646348981127865,33,2,NT
0,33,3,NT
0,33,4,T
0,33,5,NT
0,33,6,T
0,33,7,NT
0,33,8,NT
0,33,9,NT
253.6413018263553,33,10,T
0,33,11,NT
23.16551115619777,33,12,NT
74.62706161920347,33,24,T
0,34,1,NT
21.875978493683988,34,2,NT
0,34,3,NT
0,34,4,T
0,34,5,NT
0,34,6,T
0,34,7,NT
0,34,8,NT
0,34,9,NT
253.64130182542397,34,10,T
0,34,11,NT
23.16551115247248,34,12,NT
74.6270616201348,34,24,T
0,35,1,NT
32.91973428019048,35,2,NT
0,35,3,NT
31.557935970411446,35,4,T
0,35,5,NT
0,35,6,T
8.435688282411249,35,7,NT
0,35,8,NT
2.997623160374983,35,9,NT
920.1274284607903,35,10,T
0,35,11,NT
83.82640369583177,35,12,NT
335.22847325853905,35,24,T
0,36,1,NT
29.709197843871863,36,2,NT
0,36,3,NT
39.82084625468114,36,4,T
2.098474221673355,36,5,NT
0,36,6,T
5.737689426865861,36,7,NT
0,36,8,NT
2.697906848402395,36,9,NT
282.4519947658181,36,10,T
0,36,11,NT
76.03561974430713,36,12,NT
278.46628470554236,36,24,T
0,37,1,NT
22.646348981127865,37,2,NT
0,37,3,NT
0,37,4,T
0,37,5,NT
0,37,6,T
0,37,7,NT
0,37,8,NT
0,37,9,NT
253.6413018263553,37,10,T
0,37,11,NT
23.16551115619777,37,12,NT
74.62706161920347,37,24,T
0,38,1,NT
33.861962712078984,38,2,NT
0,38,3,NT
31.557935970411446,38,4,T
0,38,5,NT
0,38,6,T
8.435688282411249,38,7,NT
0,38,8,NT
2.997623160374983,38,9,NT
920.1274284607903,38,10,T
0,38,11,NT
83.82640369583177,38,12,NT
335.22847325853905,38,24,T
0,39,1,NT
29.709197843871863,39,2,NT
0,39,3,NT
39.82084625468114,39,4,T
2.098474221673355,39,5,NT
0,39,6,T
5.737689426865861,39,7,NT
0,39,8,NT
2.697906848402395,39,9,NT
282.4519947658181,39,10,T
0,39,11,NT
76.03561974430713,39,12,NT
278.46628470554236,39,24,T
0,4,1,NT
19.735620873878986,4,2,NT
0,4,3,NT
3.127137684569524,4,4,T
0,4,5,NT
0,4,6,T
0,4,7,NT
0,4,8,NT
0,4,9,NT
0,4,10,T
0,4,11,NT
23.16551115619777,4,12,NT
73.30033798850785,4,24,T
0,40,1,NT
29.709197843871863,40,2,NT
0,40,3,NT
39.82084625468114,40,4,T
2.098474221673355,40,5,NT
0,40,6,T
5.737689426865861,40,7,NT
0,40,8,NT
2.697906848402395,40,9,NT
282.4519947658181,40,10,T
0,40,11,NT
76.03561974430713,40,12,NT
278.46628470554236,40,24,T
0,41,1,NT
32.32066968863414,41,2,NT
4.02555054883794,41,3,NT
39.82084625468114,41,4,T
23.420767850245483,41,5,NT
0,41,6,T
11.904609677253429,41,7,NT
0,41,8,NT
2.483613464208835,41,9,NT
2195.5298932279975,41,10,T
0,41,11,NT
90.50337730717183,41,12,NT
335.22847325869276,41,24,T
0,42,1,NT
21.105423990739553,42,2,NT
0,42,3,NT
0,42,4,T
0,42,5,NT
0,42,6,T
0,42,7,NT
0,42,8,NT
0,42,9,NT
228.29796639161947,42,10,T
0,42,11,NT
24.83466253761782,42,12,NT
74.62706161902535,42,24,T
0,43,1,NT
21.105423990739553,43,2,NT
0,43,3,NT
0,43,4,T
0,43,5,NT
0,43,6,T
0,43,7,NT
0,43,8,NT
0,43,9,NT
228.29796639161947,43,10,T
0,43,11,NT
24.83466253761782,43,12,NT
74.62706161902535,43,24,T
0,44,1,NT
19.735620873878986,44,2,NT
0,44,3,NT
3.127137684569524,44,4,T
0,44,5,NT
0,44,6,T
0,44,7,NT
0,44,8,NT
0,44,9,NT
0,44,10,T
0,44,11,NT
23.16551115619777,44,12,NT
73.30033798768011,44,24,T
2.269872129441358,45,1,NT
39.2990157402008,45,2,NT
4.796013046557503,45,3,NT
44.23190409515364,45,4,T
11.304625015712773,45,5,NT
2.226700621392459,45,6,T
36.738536180985115,45,7,NT
9.5941423302816,45,8,NT
5.952166837766468,45,9,NT
1223.319049135483,45,10,T
19.48054819773863,45,11,NT
140.4588935308742,45,12,NT
538.1216234222001,45,24,T
3.68266273245853,46,1,NT
46.06325245078377,46,2,NT
4.796013046557503,46,3,NT
44.23190409492081,46,4,T
11.304625015712773,46,5,NT
2.226700621392459,46,6,T
36.73853618191644,46,7,NT
9.5941423302816,46,8,NT
5.952166837766468,46,9,NT
1223.3190491359721,46,10,T
19.480548195875986,46,11,NT
140.4588935308742,46,12,NT
538.1216234214235,46,24,T
0,47,1,NT
27.01193506387417,47,2,NT
0,47,3,NT
3.127137684569524,47,4,T
0,47,5,NT
0,47,6,T
0,47,7,NT
0,47,8,NT
0,47,9,NT
311.0483023673822,47,10,T
0,47,11,NT
33.52496345084097,47,12,NT
94.57835597191493,47,24,T
0,48,1,NT
21.875978493683988,48,2,NT
0,48,3,NT
15.886988738692803,48,4,T
0,48,5,NT
0,48,6,T
0,48,7,NT
0,48,8,NT
0,48,9,NT
14.300039963479348,48,10,T
0,48,11,NT
30.828896789924745,48,12,NT
90.72530741036118,48,24,T
91.83856585090683,49,1,NT
95.72365274716714,49,2,NT
1840.4123425434193,49,3,NT
85.4120643736296,49,4,T
138.2032827954547,49,5,NT
98.12653587693191,49,6,T
615.0719603498778,49,7,NT
25.947828916884824,49,8,NT
7.793268182189118,49,9,NT
8065.911566738647,49,10,T
121.02427695173557,49,11,NT
1292.1937019243167,49,12,NT
837.633802074992,49,24,T
0,5,1,NT
28.938643334275895,5,2,NT
0,5,3,NT
29.717386680778045,5,4,T
17.170448851021764,5,5,NT
0,5,6,T
3.982471050719047,5,7,NT
0,5,8,NT
0,5,9,NT
414.99923928364507,5,10,T
0,5,11,NT
50.94947287048869,5,12,NT
147.6282353025699,5,24,T
0,50,1,NT
28.938643334275895,50,2,NT
0,50,3,NT
29.71738668264842,50,4,T
17.170448851021764,50,5,NT
0,50,6,T
3.982471050719047,50,7,NT
0,50,8,NT
0,50,9,NT
414.99923928364507,50,10,T
0,50,11,NT
50.94947287048869,50,12,NT
147.6282353023387,50,24,T
0,51,1,NT
28.938643334275895,51,2,NT
0,51,3,NT
29.71738668264842,51,4,T
17.170448851021764,51,5,NT
0,51,6,T
3.982471050719047,51,7,NT
0,51,8,NT
0,51,9,NT
414.99923928364507,51,10,T
0,51,11,NT
50.94947287048869,51,12,NT
147.6282353023387,51,24,T
0,52,1,NT
27.4831412849046,52,2,NT
0,52,3,NT
31.557935970411446,52,4,T
11.304625017575418,52,5,NT
0,52,6,T
3.982471050719047,52,7,NT
0,52,8,NT
2.012775272639052,52,9,NT
186.64779589293184,52,10,T
0,52,11,NT
45.897743087850735,52,12,NT
129.04517983884637,52,24,T
0,53,1,NT
27.4831412849046,53,2,NT
0,53,3,NT
31.557935970411446,53,4,T
11.304625017575418,53,5,NT
0,53,6,T
3.982471050719047,53,7,NT
0,53,8,NT
2.012775272639052,53,9,NT
186.64779589293184,53,10,T
0,53,11,NT
45.897743087850735,53,12,NT
129.04517983884637,53,24,T
0,54,1,NT
27.4831412849046,54,2,NT
0,54,3,NT
31.557935970411446,54,4,T
11.304625017575418,54,5,NT
0,54,6,T
3.982471050719047,54,7,NT
0,54,8,NT
2.012775272639052,54,9,NT
186.64779589293184,54,10,T
0,54,11,NT
45.897743087850735,54,12,NT
129.04517983884637,54,24,T
0,55,1,NT
28.938643334275895,55,2,NT
0,55,3,NT
29.717386680778045,55,4,T
17.170448851021764,55,5,NT
0,55,6,T
3.982471050719047,55,7,NT
0,55,8,NT
0,55,9,NT
414.99923928364507,55,10,T
0,55,11,NT
50.94947287048869,55,12,NT
147.6282353025699,55,24,T
24.74997575419057,56,1,NT
95.72365274716968,56,2,NT
1840.4123425445473,56,3,NT
85.4120643736296,56,4,T
138.20328279548437,56,5,NT
98.1265358762602,56,6,T
615.0719603502637,56,7,NT
25.947828916884824,56,8,NT
7.793268182189118,56,9,NT
8065.911566740597,56,10,T
121.02427695173557,56,11,NT
1292.1937018947922,56,12,NT
837.6338020747362,56,24,T
0,57,1,NT
27.01193506387417,57,2,NT
0,57,3,NT
29.71738668264842,57,4,T
0,57,5,NT
0,57,6,T
3.982471050719047,57,7,NT
0,57,8,NT
0,57,9,NT
186.64779589279172,57,10,T
0,57,11,NT
43.243191763416156,57,12,NT
129.04517983884637,57,24,T
0,58,1,NT
27.01193506387417,58,2,NT
0,58,3,NT
29.71738668264842,58,4,T
0,58,5,NT
0,58,6,T
3.982471050719047,58,7,NT
0,58,8,NT
0,58,9,NT
186.64779589293184,58,10,T
0,58,11,NT
45.897743091576025,58,12,NT
129.04517983924308,58,24,T
0,59,1,NT
27.4831412849046,59,2,NT
0,59,3,NT
29.71738668264842,59,4,T
0,59,5,NT
0,59,6,T
2.997623159792182,59,7,NT
0,59,8,NT
0,59,9,NT
350.21780433662246,59,10,T
0,59,11,NT
45.897743087850735,59,12,NT
111.19125558937711,59,24,T
24.74997575419057,6,1,NT
95.72365274716968,6,2,NT
1840.4123425445473,6,3,NT
85.4120643736296,6,4,T
138.20328279548437,6,5,NT
98.1265358762602,6,6,T
615.0719603502637,6,7,NT
25.947828916884824,6,8,NT
7.793268182189118,6,9,NT
8065.911566740597,6,10,T
121.02427695173557,6,11,NT
1292.1937018947922,6,12,NT
837.6338020747362,6,24,T
139.86939800486942,60,1,NT
54.58197145137866,60,2,NT
7.96439005718911,60,3,NT
85.4120643736296,60,4,T
27.87389313099005,60,5,NT
98.12653587693191,60,6,T
154.55144872914136,60,7,NT
25.947828916884824,60,8,NT
13.572196946087937,60,9,NT
1912.3440972858918,60,10,T
46.15263180152189,60,11,NT
1083.3211305506895,60,12,NT
710.8028821938041,60,24,T
0,61,1,NT
32.91973428019048,61,2,NT
0,61,3,NT
31.557935970411446,61,4,T
0,61,5,NT
0,61,6,T
8.435688282411249,61,7,NT
0,61,8,NT
2.997623160374983,61,9,NT
920.1274284607903,61,10,T
0,61,11,NT
83.82640369583177,61,12,NT
335.22847325853905,61,24,T
0,62,1,NT
29.709197843871863,62,2,NT
0,62,3,NT
39.82084625468114,62,4,T
2.098474221673355,62,5,NT
0,62,6,T
5.737689426865861,62,7,NT
0,62,8,NT
2.697906848402395,62,9,NT
282.4519947658181,62,10,T
0,62,11,NT
76.03561974430713,62,12,NT
278.4662847018965,62,24,T
0,63,1,NT
29.709197843871863,63,2,NT
0,63,3,NT
39.82084625468114,63,4,T
2.098474221673355,63,5,NT
0,63,6,T
5.737689426865861,63,7,NT
0,63,8,NT
2.697906848402395,63,9,NT
282.4519947658181,63,10,T
0,63,11,NT
76.03561974430713,63,12,NT
278.46628470554236,63,24,T
0,64,1,NT
18.922538927406322,64,2,NT
0,64,3,NT
0,64,4,T
0,64,5,NT
0,64,6,T
0,64,7,NT
0,64,8,NT
0,64,9,NT
0,64,10,T
0,64,11,NT
21.367581316574586,64,12,NT
73.30033798791753,64,24,T
0,65,1,NT
27.01193506387417,65,2,NT
0,65,3,NT
3.127137684569524,65,4,T
0,65,5,NT
0,65,6,T
0,65,7,NT
0,65,8,NT
0,65,9,NT
311.0483023673822,65,10,T
0,65,11,NT
33.52496345084097,65,12,NT
94.57835597191493,65,24,T
0,66,1,NT
21.875978493683988,66,2,NT
0,66,3,NT
15.886988738692803,66,4,T
0,66,5,NT
0,66,6,T
0,66,7,NT
0,66,8,NT
0,66,9,NT
14.300039963479348,66,10,T
0,66,11,NT
30.828896789924745,66,12,NT
90.72530741036118,66,24,T
2.269872129441358,67,1,NT
32.91973428019048,67,2,NT
4.02555054883794,67,3,NT
61.18263101760958,67,4,T
15.114870094526442,67,5,NT
6.594770966663445,67,6,T
29.07487450437062,67,7,NT
3.040886681663435,67,8,NT
3.853784611109345,67,9,NT
337.7625456281106,67,10,T
14.300408023570004,67,11,NT
120.72520481088654,67,12,NT
492.83177794883613,67,24,T
2.269872129441358,68,1,NT
32.91973428019048,68,2,NT
4.796013046557503,68,3,NT
61.182631017637014,68,4,T
15.114870094526442,68,5,NT
6.59477096852609,68,6,T
29.074874503439297,68,7,NT
3.040886681663435,68,8,NT
3.853784611109345,68,9,NT
337.7625456281106,68,10,T
14.300408023289602,68,11,NT
120.72520481108582,68,12,NT
492.83177794888127,68,24,T
0,69,1,NT
29.709197843871863,69,2,NT
0,69,3,NT
39.82084625468114,69,4,T
2.098474221673355,69,5,NT
0,69,6,T
5.737689426865861,69,7,NT
0,69,8,NT
2.697906848402395,69,9,NT
282.4519947658181,69,10,T
0,69,11,NT
76.03561974430713,69,12,NT
278.46628470554236,69,24,T
91.83856585090683,7,1,NT
95.72365274716714,7,2,NT
1840.4123425434193,7,3,NT
85.4120643736296,7,4,T
138.2032827954547,7,5,NT
98.12653587693191,7,6,T
615.0719603498778,7,7,NT
25.947828916884824,7,8,NT
7.793268182189118,7,9,NT
8065.911566738647,7,10,T
121.02427695173557,7,11,NT
1292.1937019243167,7,12,NT
837.633802074992,7,24,T
0,70,1,NT
29.709197843871863,70,2,NT
0,70,3,NT
39.82084625468114,70,4,T
2.098474221673355,70,5,NT
0,70,6,T
5.737689426865861,70,7,NT
0,70,8,NT
2.697906848402395,70,9,NT
282.4519947658181,70,10,T
0,70,11,NT
76.03561974430713,70,12,NT
278.46628470554236,70,24,T
0,71,1,NT
32.91973428019048,71,2,NT
0,71,3,NT
31.557935970411446,71,4,T
0,71,5,NT
0,71,6,T
8.435688282411249,71,7,NT
0,71,8,NT
2.997623160374983,71,9,NT
920.1274284607903,71,10,T
0,71,11,NT
83.82640369583177,71,12,NT
335.22847325853905,71,24,T
0,72,1,NT
21.875978493683988,72,2,NT
0,72,3,NT
0,72,4,T
0,72,5,NT
0,72,6,T
0,72,7,NT
0,72,8,NT
0,72,9,NT
253.64130182542397,72,10,T
0,72,11,NT
23.16551115247248,72,12,NT
74.6270616201348,72,24,T
2.269872129441358,73,1,NT
39.2990157402008,73,2,NT
4.796013046557503,73,3,NT
44.23190409515364,73,4,T
11.304625015712773,73,5,NT
2.226700621392459,73,6,T
36.738536180985115,73,7,NT
9.5941423302816,73,8,NT
5.952166837766468,73,9,NT
1223.319049135483,73,10,T
19.48054819773863,73,11,NT
140.4588935308742,73,12,NT
538.1216234222001,73,24,T
3.68266273245853,74,1,NT
46.06325245078377,74,2,NT
4.796013046557503,74,3,NT
44.23190409492081,74,4,T
11.304625015712773,74,5,NT
2.226700621392459,74,6,T
36.73853618191644,74,7,NT
9.5941423302816,74,8,NT
5.952166837766468,74,9,NT
1223.3190491359721,74,10,T
19.480548195875986,74,11,NT
140.4588935308742,74,12,NT
538.1216234214235,74,24,T
2.269872129441358,75,1,NT
32.91973428019048,75,2,NT
4.02555054883794,75,3,NT
61.18263101760958,75,4,T
15.114870094526442,75,5,NT
6.594770966663445,75,6,T
29.07487450437062,75,7,NT
3.040886681663435,75,8,NT
3.853784611109345,75,9,NT
337.7625456281106,75,10,T
14.300408023570004,75,11,NT
120.72520481088654,75,12,NT
492.83177794883613,75,24,T
0,76,1,NT
21.875978493683988,76,2,NT
0,76,3,NT
15.886988738692803,76,4,T
0,76,5,NT
0,76,6,T
0,76,7,NT
0,76,8,NT
0,76,9,NT
14.300039963479348,76,10,T
0,76,11,NT
30.828896789924745,76,12,NT
90.72530741036118,76,24,T
2.269872129441358,77,1,NT
32.91973428019048,77,2,NT
4.02555054883794,77,3,NT
61.18263101760958,77,4,T
15.114870094526442,77,5,NT
6.594770966663445,77,6,T
29.07487450437062,77,7,NT
3.040886681663435,77,8,NT
3.853784611109345,77,9,NT
337.7625456281106,77,10,T
14.300408023570004,77,11,NT
120.72520481088654,77,12,NT
492.83177794883613,77,24,T
2.269872129441358,78,1,NT
32.91973428019048,78,2,NT
4.796013046557503,78,3,NT
61.182631017637014,78,4,T
15.114870094526442,78,5,NT
6.59477096852609,78,6,T
29.074874503439297,78,7,NT
3.040886681663435,78,8,NT
3.853784611109345,78,9,NT
337.7625456281106,78,10,T
14.300408023289602,78,11,NT
120.72520481108582,78,12,NT
492.83177794888127,78,24,T
2.269872129441358,79,1,NT
39.2990157402008,79,2,NT
4.796013046557503,79,3,NT
44.23190409515364,79,4,T
11.304625015712773,79,5,NT
2.226700621392459,79,6,T
36.738536180985115,79,7,NT
9.5941423302816,79,8,NT
5.952166837766468,79,9,NT
1223.319049135483,79,10,T
19.48054819773863,79,11,NT
140.4588935308742,79,12,NT
538.1216234222001,79,24,T
91.83856585061281,8,1,NT
54.58197145137866,8,2,NT
7.96439005718911,8,3,NT
104.89509686524893,8,4,T
35.836166983935144,8,5,NT
98.12653587693191,8,6,T
267.1298247547815,8,7,NT
25.947828916884824,8,8,NT
15.113489973084551,8,9,NT
1639.0563452211316,8,10,T
121.02427695173557,8,11,NT
1085.7612044352556,8,12,NT
768.6771329352066,8,24,T
0,80,1,NT
26.19958921217458,80,2,NT
0,80,3,NT
3.127137684569524,80,4,T
0,80,5,NT
0,80,6,T
0,80,7,NT
0,80,8,NT
0,80,9,NT
311.0483023673822,80,10,T
0,80,11,NT
33.52496345084097,80,12,NT
94.57835597191493,80,24,T
0,81,1,NT
27.4831412849046,81,2,NT
0,81,3,NT
31.557935970411446,81,4,T
11.304625017575418,81,5,NT
0,81,6,T
3.982471050719047,81,7,NT
0,81,8,NT
2.012775272639052,81,9,NT
186.64779589293184,81,10,T
0,81,11,NT
45.897743087850735,81,12,NT
129.04517983884637,81,24,T
0,82,1,NT
27.4831412849046,82,2,NT
0,82,3,NT
31.557935970411446,82,4,T
11.304625017575418,82,5,NT
0,82,6,T
3.982471050719047,82,7,NT
0,82,8,NT
2.012775272639052,82,9,NT
186.64779589293184,82,10,T
0,82,11,NT
45.897743087850735,82,12,NT
129.04517983884637,82,24,T
0,83,1,NT
28.938643334275895,83,2,NT
0,83,3,NT
29.71738668264842,83,4,T
17.170448851021764,83,5,NT
0,83,6,T
3.982471050719047,83,7,NT
0,83,8,NT
0,83,9,NT
414.99923928364507,83,10,T
0,83,11,NT
50.94947287048869,83,12,NT
147.6282353023387,83,24,T
91.83856585090683,84,1,NT
95.72365274716714,84,2,NT
1840.4123425434193,84,3,NT
85.4120643736296,84,4,T
138.2032827954547,84,5,NT
98.12653587693191,84,6,T
615.0719603498778,84,7,NT
25.947828916884824,84,8,NT
7.793268182189118,84,9,NT
8065.911566738647,84,10,T
121.02427695173557,84,11,NT
1292.1937019243167,84,12,NT
837.633802074992,84,24,T
2.269872129441358,85,1,NT
35.10289536537864,85,2,NT
2.612207899037047,85,3,NT
65.2930524163688,85,4,T
25.646824407789566,85,5,NT
6.59477096852609,85,6,T
44.70117806955652,85,7,NT
6.939222945941824,85,8,NT
6.594310923140197,85,9,NT
340.28831852989924,85,10,T
19.48054819773863,85,11,NT
140.4588935308742,85,12,NT
492.83177794888127,85,24,T
2.269872129441358,86,1,NT
37.157738052019226,86,2,NT
9.933717806474878,86,3,NT
61.18263101760958,86,4,T
31.81227258173665,86,5,NT
6.594770966663445,86,6,T
44.70117806951413,86,7,NT
6.93922294589945,86,8,NT
3.468645370458885,86,9,NT
7042.102874162071,86,10,T
19.480548195875986,86,11,NT
182.886151167318,86,12,NT
538.1216234222001,86,24,T
0,87,1,NT
37.157738052019226,87,2,NT
9.933717806474878,87,3,NT
61.18263101760958,87,4,T
31.81227258173665,87,5,NT
6.594770966663445,87,6,T
44.70117806951413,87,7,NT
6.939222945894146,87,8,NT
3.468645370458885,87,9,NT
7042.102874162186,87,10,T
19.48054819773863,87,11,NT
182.8861511673328,87,12,NT
538.1216234222001,87,24,T
0,88,1,NT
25.000999992108476,88,2,NT
0,88,3,NT
15.886988738692803,88,4,T
5.52367205988428,88,5,NT
0,88,6,T
0,88,7,NT
0,88,8,NT
0,88,9,NT
304.5423584705652,88,10,T
0,88,11,NT
35.10841587957251,88,12,NT
94.57835597191493,88,24,T
2.269872129441358,89,1,NT
39.2990157402008,89,2,NT
4.796013046557503,89,3,NT
44.23190409515364,89,4,T
11.304625015712773,89,5,NT
2.226700621392459,89,6,T
36.738536180985115,89,7,NT
9.5941423302816,89,8,NT
5.952166837766468,89,9,NT
1223.319049135483,89,10,T
19.48054819773863,89,11,NT
140.4588935308742,89,12,NT
538.1216234222001,89,24,T
2.269872129441358,9,1,NT
33.861962712078984,9,2,NT
9.933717806474878,9,3,NT
61.18263101760958,9,4,T
15.114870094526442,9,5,NT
17.983990872489336,9,6,T
44.70117806951413,9,7,NT
9.5941423302816,9,8,NT
5.952166837766468,9,9,NT
337.7625456281106,9,10,T
14.300408023289602,9,11,NT
120.72520481075775,9,12,NT
492.83177794969777,9,24,T
0,90,1,NT
26.19958921217458,90,2,NT
0,90,3,NT
3.127137684569524,90,4,T
0,90,5,NT
0,90,6,T
0,90,7,NT
0,90,8,NT
0,90,9,NT
311.0483023673822,90,10,T
0,90,11,NT
33.52496345084097,90,12,NT
94.57835597191493,90,24,T
0,91,1,NT
27.01193506387417,91,2,NT
0,91,3,NT
3.127137684569524,91,4,T
0,91,5,NT
0,91,6,T
0,91,7,NT
0,91,8,NT
0,91,9,NT
311.0483023673822,91,10,T
0,91,11,NT
33.52496345084097,91,12,NT
94.57835597191493,91,24,T
0,92,1,NT
21.875978493699847,92,2,NT
0,92,3,NT
15.886988739158465,92,4,T
0,92,5,NT
0,92,6,T
0,92,7,NT
0,92,8,NT
0,92,9,NT
14.300039965341993,92,10,T
0,92,11,NT
30.828896789924745,92,12,NT
90.72530740942986,92,24,T
0,93,1,NT
27.4831412849046,93,2,NT
0,93,3,NT
29.71738668264069,93,4,T
2.098474221673355,93,5,NT
0,93,6,T
2.997623159792182,93,7,NT
0,93,8,NT
0,93,9,NT
350.2178043362191,93,10,T
0,93,11,NT
45.897743091576025,93,12,NT
111.19125558943172,93,24,T
139.8693980046338,94,1,NT
54.58197145137866,94,2,NT
7.96439005718911,94,3,NT
85.4120643736296,94,4,T
29.75761392487866,94,5,NT
98.12653587693191,94,6,T
154.55144872916725,94,7,NT
25.947828916884824,94,8,NT
13.572196946087937,94,9,NT
1912.3440973465163,94,10,T
46.15263180897247,94,11,NT
1083.3211305499133,94,12,NT
710.802882224302,94,24,T
139.86939800486942,95,1,NT
54.58197145137866,95,2,NT
7.96439005718911,95,3,NT
85.4120643736296,95,4,T
27.87389313099005,95,5,NT
98.12653587693191,95,6,T
154.55144872914136,95,7,NT
25.947828916884824,95,8,NT
13.572196946087937,95,9,NT
1912.3440972858918,95,10,T
46.15263180152189,95,11,NT
1083.3211305506895,95,12,NT
710.8028821938041,95,24,T
24.74997575419057,96,1,NT
46.063252450470394,96,2,NT
1087.2397087314214,96,3,NT
85.4120643736296,96,4,T
22.264614070125624,96,5,NT
98.12653587693191,96,6,T
275.8656894124996,96,7,NT
25.947828916884824,96,8,NT
13.572196946087937,96,9,NT
1636.0161945952625,96,10,T
81.68549414710861,96,11,NT
1083.3211305499333,96,12,NT
768.6771329351787,96,24,T
0,97,1,NT
33.861962712078984,97,2,NT
0,97,3,NT
31.557935970411446,97,4,T
0,97,5,NT
0,97,6,T
8.435688282411249,97,7,NT
0,97,8,NT
2.997623160374983,97,9,NT
920.1274284607903,97,10,T
0,97,11,NT
83.82640369583177,97,12,NT
335.22847325853905,97,24,T
0,98,1,NT
32.91973428019048,98,2,NT
0,98,3,NT
31.557935970411446,98,4,T
0,98,5,NT
0,98,6,T
8.435688282411249,98,7,NT
0,98,8,NT
2.997623160374983,98,9,NT
920.1274284607903,98,10,T
0,98,11,NT
83.82640369583177,98,12,NT
335.22847325853905,98,24,T
0,99,1,NT
21.875978493683988,99,2,NT
0,99,3,NT
0,99,4,T
0,99,5,NT
0,99,6,T
0,99,7,NT
0,99,8,NT
0,99,9,NT
253.64130182542397,99,10,T
0,99,11,NT
23.16551115247248,99,12,NT
74.6270616201348,99,24,T
