total_area,total_averaged_temperature,morris_row_index,identifier,Class
130.26163601478683,18.77805419725853,1,18,NT
113.32252848126554,20.606662530871063,1,19,T
714.6741998283524,19.555543537644052,1,20,T
714.6741998283524,19.555543537644052,1,21,T
5575.470648651888,19.647262573242188,1,22,T
252.56551127072714,18.980340153180435,10,18,NT
70.39301430181982,20.543453653593247,10,19,T
1039.5332944763852,20.76896368607997,10,20,T
1039.5332944763852,20.76896368607997,10,21,T
658.2155355012912,17.749969482421875,10,22,T
810.7568498422613,19.585285186767578,10,23,T
252.56551126915326,18.98034015318042,100,18,NT
70.39301430181763,20.54345365359298,100,19,T
1039.5332944744405,20.768963686078727,100,20,T
1039.5332944744405,20.768963686078727,100,21,T
672.0937841096811,17.76752281188965,100,22,T
252.56551126903364,18.980340153180418,101,18,NT
70.39301430181763,20.54345365359298,101,19,T
1039.5332944741267,20.768963686078532,101,20,T
1039.5332944741267,20.768963686078532,101,21,T
672.0937841103427,17.76752281188965,101,22,T
57.724342850844835,18.453610468956125,102,18,NT
88.22422753613704,20.55235240274087,102,19,T
3637.9984287115262,20.48251724243164,102,20,T
3637.9984287115262,20.48251724243164,102,21,T
5559.146718313266,19.639619827270508,102,22,T
57.724342846716496,18.45361046894693,103,18,NT
88.22422753570066,20.552352402740414,103,19,T
684.6820667717211,17.784666061401367,103,22,T
810.7568498349652,19.585285186767578,103,23,T
57.72434285070716,18.453610468957173,104,18,NT
88.22422753570066,20.552352402740414,104,19,T
684.6820667712211,17.784666061401367,104,22,T
810.7568498193596,19.585285186767578,104,23,T
130.26163601478683,18.77805419725853,105,18,NT
113.32252848126554,20.606662530871063,105,19,T
715.017919847216,19.5556801819595,105,20,T
715.017919847216,19.5556801819595,105,21,T
5575.470648651888,19.647262573242188,105,22,T
130.26163601478683,18.77805419725853,106,18,NT
113.32252848126554,20.606662530871063,106,19,T
715.017919847216,19.5556801819595,106,20,T
715.017919847216,19.5556801819595,106,21,T
5575.470648651888,19.647262573242188,106,22,T
130.26163601478683,18.77805419725853,107,18,NT
113.32252848126554,20.606662530871063,107,19,T
715.017919847216,19.5556801819595,107,20,T
715.017919847216,19.5556801819595,107,21,T
5575.470648651888,19.647262573242188,107,22,T
57.72434285070716,18.453610468957173,108,18,NT
88.22422753570066,20.552352402740414,108,19,T
684.6820667712211,17.784666061401367,108,22,T
810.7568498193596,19.585285186767578,108,23,T
57.72434285070716,18.453610468957173,109,18,NT
88.22422753570066,20.552352402740414,109,19,T
684.6820667712211,17.784666061401367,109,22,T
810.7568498193596,19.585285186767578,109,23,T
57.724342850844835,18.453610468956125,11,18,NT
88.22422753613704,20.55235240274087,11,19,T
3637.9984287115262,20.48251724243164,11,20,T
3637.9984287115262,20.48251724243164,11,21,T
5559.146718313266,19.639619827270508,11,22,T
57.724342846716496,18.45361046894693,110,18,NT
88.22422753570066,20.552352402740414,110,19,T
684.6820667717211,17.784666061401367,110,22,T
810.7568498349652,19.585285186767578,110,23,T
130.26163601478683,18.77805419725853,111,18,NT
113.32252848126554,20.606662530871063,111,19,T
715.017919847216,19.5556801819595,111,20,T
715.017919847216,19.5556801819595,111,21,T
5575.470648651888,19.647262573242188,111,22,T
130.26163601478683,18.77805419725853,112,18,NT
113.32252848126554,20.606662530871063,112,19,T
715.017919847216,19.5556801819595,112,20,T
715.017919847216,19.5556801819595,112,21,T
5575.470648651888,19.647262573242188,112,22,T
130.26163601478683,18.77805419725853,113,18,NT
113.32252848126554,20.606662530871063,113,19,T
715.017919847216,19.5556801819595,113,20,T
715.017919847216,19.5556801819595,113,21,T
5575.470648651888,19.647262573242188,113,22,T
82.30540153123223,18.592465077596284,114,18,NT
88.22422753570066,20.552352402740414,114,19,T
684.6820667717211,17.784666061401367,114,22,T
810.7568498280364,19.585285186767578,114,23,T
57.72434285070716,18.453610468957173,115,18,NT
88.22422753570066,20.552352402740414,115,19,T
684.6820667712211,17.784666061401367,115,22,T
810.7568498193596,19.585285186767578,115,23,T
130.26163601478683,18.77805419725853,116,18,NT
113.32252848126554,20.606662530871063,116,19,T
715.017919847216,19.5556801819595,116,20,T
715.017919847216,19.5556801819595,116,21,T
5575.470648651888,19.647262573242188,116,22,T
130.26163601478683,18.77805419725853,117,18,NT
113.32252848126554,20.606662530871063,117,19,T
715.017919847216,19.5556801819595,117,20,T
715.017919847216,19.5556801819595,117,21,T
5575.470648651888,19.647262573242188,117,22,T
82.30540153504151,18.59246507760089,118,18,NT
81.78003194711394,20.550640106591246,118,19,T
3850.6412751191524,19.678470611572266,118,22,T
3595.7997818361932,19.68468817325307,118,23,T
82.30540153504151,18.59246507760089,119,18,NT
81.78003194711394,20.550640106591246,119,19,T
3850.641275178133,19.678470611572266,119,22,T
3595.7997818353815,19.68468817325307,119,23,T
57.72434285043124,18.453610468956466,12,18,NT
88.22422753613704,20.55235240274087,12,19,T
3637.9984287073603,20.48251724243164,12,20,T
3637.9984287073603,20.48251724243164,12,21,T
5559.146718343069,19.639619827270508,12,22,T
130.26163601423968,18.77805419725851,120,18,NT
88.22422753613704,20.55235240274087,120,19,T
2863.4492847547226,20.24560176548851,120,20,T
2863.4492847547226,20.24560176548851,120,21,T
672.0937841096811,17.76752281188965,120,22,T
130.26163601423968,18.77805419725851,121,18,NT
88.22422753613704,20.55235240274087,121,19,T
2863.4492847547226,20.24560176548851,121,20,T
2863.4492847547226,20.24560176548851,121,21,T
672.0937841096811,17.76752281188965,121,22,T
130.26163601423968,18.77805419725851,122,18,NT
88.22422753613704,20.55235240274087,122,19,T
2863.4492847547226,20.24560176548851,122,20,T
2863.4492847547226,20.24560176548851,122,21,T
672.0937841096811,17.76752281188965,122,22,T
82.30540153504151,18.59246507760089,123,18,NT
81.78003194711394,20.550640106591246,123,19,T
3850.6412751191524,19.678470611572266,123,22,T
3595.7997818361932,19.68468817325307,123,23,T
82.30540153123223,18.592465077596284,124,18,NT
88.22422753570066,20.552352402740414,124,19,T
684.6820667717211,17.784666061401367,124,22,T
810.7568498280364,19.585285186767578,124,23,T
57.72434285070716,18.453610468957173,125,18,NT
88.22422753570066,20.552352402740414,125,19,T
684.6820667712211,17.784666061401367,125,22,T
810.7568498193596,19.585285186767578,125,23,T
130.26163601478683,18.77805419725853,126,18,NT
113.32252848126554,20.606662530871063,126,19,T
715.017919847216,19.5556801819595,126,20,T
715.017919847216,19.5556801819595,126,21,T
5575.470648651888,19.647262573242188,126,22,T
130.26163601478683,18.77805419725853,127,18,NT
113.32252848126554,20.606662530871063,127,19,T
715.017919847216,19.5556801819595,127,20,T
715.017919847216,19.5556801819595,127,21,T
5575.470648651888,19.647262573242188,127,22,T
57.72434285070716,18.453610468957173,128,18,NT
88.22422753570066,20.552352402740414,128,19,T
684.6820667712211,17.784666061401367,128,22,T
810.7568498193596,19.585285186767578,128,23,T
82.30540153123223,18.592465077596284,129,18,NT
88.22422753570066,20.552352402740414,129,19,T
684.6820667717211,17.784666061401367,129,22,T
810.7568498280364,19.585285186767578,129,23,T
252.56551126915326,18.98034015318042,13,18,NT
70.39301430261965,20.543453653594433,13,19,T
1039.5332944744405,20.768963686078727,13,20,T
1039.5332944744405,20.768963686078727,13,21,T
672.0937841103427,17.76752281188965,13,22,T
57.72434284670595,18.453610468936972,130,18,NT
88.22422753613704,20.55235240274087,130,19,T
3179.74679783707,20.423189163208008,130,20,T
3179.74679783707,20.423189163208008,130,21,T
5559.146718344169,19.639619827270508,130,22,T
57.724342850844835,18.453610468956125,131,18,NT
88.22422753613704,20.55235240274087,131,19,T
3637.9984287115262,20.48251724243164,131,20,T
3637.9984287115262,20.48251724243164,131,21,T
5559.146718313266,19.639619827270508,131,22,T
252.56551126903364,18.980340153180418,132,18,NT
70.39301430181763,20.54345365359298,132,19,T
1039.5332944741267,20.768963686078532,132,20,T
1039.5332944741267,20.768963686078532,132,21,T
672.0937841103427,17.76752281188965,132,22,T
57.72434285043124,18.453610468956466,14,18,NT
88.22422753613704,20.55235240274087,14,19,T
3637.9984287073603,20.48251724243164,14,20,T
3637.9984287073603,20.48251724243164,14,21,T
5559.146718343069,19.639619827270508,14,22,T
57.724342850844835,18.453610468956125,15,18,NT
88.22422753613704,20.55235240274087,15,19,T
3637.9984287115262,20.48251724243164,15,20,T
3637.9984287115262,20.48251724243164,15,21,T
5559.146718313266,19.639619827270508,15,22,T
57.72434285043124,18.453610468956466,16,18,NT
88.22422753613704,20.55235240274087,16,19,T
3637.9984287073603,20.48251724243164,16,20,T
3637.9984287073603,20.48251724243164,16,21,T
5559.146718343069,19.639619827270508,16,22,T
57.724342850844835,18.453610468956125,17,18,NT
88.22422753613704,20.55235240274087,17,19,T
3637.9984287115262,20.48251724243164,17,20,T
3637.9984287115262,20.48251724243164,17,21,T
5559.146718313266,19.639619827270508,17,22,T
252.56551127072714,18.980340153180435,18,18,NT
70.39301430181982,20.543453653593247,18,19,T
1039.5332944763852,20.76896368607997,18,20,T
1039.5332944763852,20.76896368607997,18,21,T
658.2155355012912,17.749969482421875,18,22,T
810.7568498422613,19.585285186767578,18,23,T
82.30540153504151,18.59246507760089,19,18,NT
81.78003194711394,20.550640106591246,19,19,T
3850.641275178133,19.678470611572266,19,22,T
3595.7997818353815,19.68468817325307,19,23,T
130.26163601478683,18.77805419725853,2,18,NT
113.32252848126554,20.606662530871063,2,19,T
715.017919847216,19.5556801819595,2,20,T
715.017919847216,19.5556801819595,2,21,T
5575.470648651888,19.647262573242188,2,22,T
82.30540153504151,18.59246507760089,20,18,NT
81.78003194711394,20.550640106591246,20,19,T
3850.641275178133,19.678470611572266,20,22,T
3595.7997818353815,19.68468817325307,20,23,T
130.26163601423968,18.77805419725851,21,18,NT
88.22422753613704,20.55235240274087,21,19,T
2863.4492847547226,20.24560176548851,21,20,T
2863.4492847547226,20.24560176548851,21,21,T
672.0937841096811,17.76752281188965,21,22,T
130.26163601423968,18.77805419725851,22,18,NT
88.22422753613704,20.55235240274087,22,19,T
2863.4492847547226,20.24560176548851,22,20,T
2863.4492847547226,20.24560176548851,22,21,T
672.0937841096811,17.76752281188965,22,22,T
82.30540153504151,18.59246507760089,23,18,NT
81.78003194711394,20.550640106591246,23,19,T
3850.641275178133,19.678470611572266,23,22,T
3595.7997818353815,19.68468817325307,23,23,T
82.30540153504151,18.59246507760089,24,18,NT
81.78003194711394,20.550640106591246,24,19,T
3850.641275178133,19.678470611572266,24,22,T
3595.7997818353815,19.68468817325307,24,23,T
130.26163601423968,18.77805419725851,25,18,NT
88.22422753613704,20.55235240274087,25,19,T
2863.4492847547226,20.24560176548851,25,20,T
2863.4492847547226,20.24560176548851,25,21,T
672.0937841096811,17.76752281188965,25,22,T
82.30540153504151,18.59246507760089,26,18,NT
81.78003194711394,20.550640106591246,26,19,T
3850.641275178133,19.678470611572266,26,22,T
3595.7997818353815,19.68468817325307,26,23,T
82.30540153504151,18.59246507760089,27,18,NT
81.78003194711394,20.550640106591246,27,19,T
3850.641275178133,19.678470611572266,27,22,T
3595.7997818353815,19.68468817325307,27,23,T
130.26163601478683,18.77805419725853,28,18,NT
113.32252848126554,20.606662530871063,28,19,T
715.017919847216,19.5556801819595,28,20,T
715.017919847216,19.5556801819595,28,21,T
5575.470648651888,19.647262573242188,28,22,T
130.26163601478683,18.77805419725853,29,18,NT
113.32252848126554,20.606662530871063,29,19,T
715.017919847216,19.5556801819595,29,20,T
715.017919847216,19.5556801819595,29,21,T
5575.470648651888,19.647262573242188,29,22,T
57.72434285070716,18.453610468957173,3,18,NT
88.22422753570066,20.552352402740414,3,19,T
684.6820667712211,17.784666061401367,3,22,T
810.7568498193596,19.585285186767578,3,23,T
57.724342846716496,18.45361046894693,30,18,NT
88.22422753570066,20.552352402740414,30,19,T
684.6820667717211,17.784666061401367,30,22,T
810.7568498349652,19.585285186767578,30,23,T
130.26163601478683,18.77805419725853,31,18,NT
113.32252848126554,20.606662530871063,31,19,T
715.017919847216,19.5556801819595,31,20,T
715.017919847216,19.5556801819595,31,21,T
5575.470648651888,19.647262573242188,31,22,T
130.26163601478683,18.77805419725853,32,18,NT
113.32252848126554,20.606662530871063,32,19,T
715.017919847216,19.5556801819595,32,20,T
715.017919847216,19.5556801819595,32,21,T
5575.470648651888,19.647262573242188,32,22,T
57.72434285070716,18.453610468957173,33,18,NT
88.22422753570066,20.552352402740414,33,19,T
684.6820667712211,17.784666061401367,33,22,T
810.7568498193596,19.585285186767578,33,23,T
130.26163601423968,18.77805419725851,34,18,NT
88.22422753613704,20.55235240274087,34,19,T
2863.4492847547226,20.24560176548851,34,20,T
2863.4492847547226,20.24560176548851,34,21,T
672.0937841096811,17.76752281188965,34,22,T
130.26163601423968,18.77805419725851,35,18,NT
88.22422753613704,20.55235240274087,35,19,T
2863.4492847547226,20.24560176548851,35,20,T
2863.4492847547226,20.24560176548851,35,21,T
672.0937841096811,17.76752281188965,35,22,T
82.30540153504151,18.59246507760089,36,18,NT
81.78003194711394,20.550640106591246,36,19,T
3850.6412751191524,19.678470611572266,36,22,T
3595.7997818361932,19.68468817325307,36,23,T
252.56551126915326,18.98034015318042,37,18,NT
70.39301430261965,20.543453653594433,37,19,T
1039.5332944744405,20.768963686078727,37,20,T
1039.5332944744405,20.768963686078727,37,21,T
672.0937841103427,17.76752281188965,37,22,T
252.56551127088602,18.980340153180443,38,18,NT
70.39301430189278,20.54345365359312,38,19,T
1039.5332944763852,20.76896368607997,38,20,T
1039.5332944763852,20.76896368607997,38,21,T
658.2155355011722,17.749969482421875,38,22,T
810.7568498423061,19.585285186767578,38,23,T
57.724342850844835,18.453610468956125,39,18,NT
88.22422753613704,20.55235240274087,39,19,T
3637.9984287115262,20.48251724243164,39,20,T
3637.9984287115262,20.48251724243164,39,21,T
5559.146718313266,19.639619827270508,39,22,T
252.56551127088602,18.980340153180443,4,18,NT
70.39301430189278,20.54345365359312,4,19,T
1039.5332944763852,20.76896368607997,4,20,T
1039.5332944763852,20.76896368607997,4,21,T
658.2155355011722,17.749969482421875,4,22,T
810.7568498423061,19.585285186767578,4,23,T
82.30540153504151,18.59246507760089,40,18,NT
81.78003194711394,20.550640106591246,40,19,T
3850.641275178133,19.678470611572266,40,22,T
3595.7997818353815,19.68468817325307,40,23,T
130.26163601423968,18.77805419725851,41,18,NT
88.22422753613704,20.55235240274087,41,19,T
2863.4492847547226,20.24560176548851,41,20,T
2863.4492847547226,20.24560176548851,41,21,T
672.0937841096811,17.76752281188965,41,22,T
130.26163601423968,18.77805419725851,42,18,NT
88.22422753613704,20.55235240274087,42,19,T
2863.4492847547226,20.24560176548851,42,20,T
2863.4492847547226,20.24560176548851,42,21,T
672.0937841096811,17.76752281188965,42,22,T
130.26163601423968,18.77805419725851,43,18,NT
88.22422753613704,20.55235240274087,43,19,T
2863.4492847547226,20.24560176548851,43,20,T
2863.4492847547226,20.24560176548851,43,21,T
672.0937841096811,17.76752281188965,43,22,T
130.26163601423968,18.77805419725851,44,18,NT
88.22422753613704,20.55235240274087,44,19,T
2863.4492847547226,20.24560176548851,44,20,T
2863.4492847547226,20.24560176548851,44,21,T
672.0937841096811,17.76752281188965,44,22,T
82.30540153504151,18.59246507760089,45,18,NT
81.78003194711394,20.550640106591246,45,19,T
3850.641275178133,19.678470611572266,45,22,T
3595.7997818353815,19.68468817325307,45,23,T
130.26163601478683,18.77805419725853,46,18,NT
113.32252848126554,20.606662530871063,46,19,T
715.017919847216,19.5556801819595,46,20,T
715.017919847216,19.5556801819595,46,21,T
5575.470648651888,19.647262573242188,46,22,T
57.72434285070716,18.453610468957173,47,18,NT
88.22422753570066,20.552352402740414,47,19,T
684.6820667712211,17.784666061401367,47,22,T
810.7568498193596,19.585285186767578,47,23,T
57.72434285070716,18.453610468957173,48,18,NT
88.22422753570066,20.552352402740414,48,19,T
684.6820667712211,17.784666061401367,48,22,T
810.7568498193596,19.585285186767578,48,23,T
130.26163601423968,18.77805419725851,49,18,NT
88.22422753613704,20.55235240274087,49,19,T
2863.4492847547226,20.24560176548851,49,20,T
2863.4492847547226,20.24560176548851,49,21,T
672.0937841096811,17.76752281188965,49,22,T
57.724342850844835,18.453610468956125,5,18,NT
88.22422753613704,20.55235240274087,5,19,T
3637.9984287115262,20.48251724243164,5,20,T
3637.9984287115262,20.48251724243164,5,21,T
5559.146718313266,19.639619827270508,5,22,T
130.26163601423968,18.77805419725851,50,18,NT
88.22422753613704,20.55235240274087,50,19,T
2863.4492847547226,20.24560176548851,50,20,T
2863.4492847547226,20.24560176548851,50,21,T
672.0937841096811,17.76752281188965,50,22,T
82.30540153504151,18.59246507760089,51,18,NT
81.78003194711394,20.550640106591246,51,19,T
3850.641275178133,19.678470611572266,51,22,T
3595.7997818353815,19.68468817325307,51,23,T
57.724342850844835,18.453610468956125,52,18,NT
88.22422753613704,20.55235240274087,52,19,T
3637.9984287115262,20.48251724243164,52,20,T
3637.9984287115262,20.48251724243164,52,21,T
5559.146718313266,19.639619827270508,52,22,T
252.56551127072714,18.980340153180435,53,18,NT
70.39301430181982,20.543453653593247,53,19,T
1039.5332944763852,20.76896368607997,53,20,T
1039.5332944763852,20.76896368607997,53,21,T
658.2155355012912,17.749969482421875,53,22,T
810.7568498422613,19.585285186767578,53,23,T
252.56551126915326,18.98034015318042,54,18,NT
70.39301430261965,20.543453653594433,54,19,T
1039.5332944744405,20.768963686078727,54,20,T
1039.5332944744405,20.768963686078727,54,21,T
672.0937841103427,17.76752281188965,54,22,T
252.56551126915326,18.98034015318042,55,18,NT
70.39301430261965,20.543453653594433,55,19,T
1039.5332944744405,20.768963686078727,55,20,T
1039.5332944744405,20.768963686078727,55,21,T
672.0937841103427,17.76752281188965,55,22,T
252.56551127072714,18.980340153180435,56,18,NT
70.39301430181982,20.543453653593247,56,19,T
1039.5332944763852,20.76896368607997,56,20,T
1039.5332944763852,20.76896368607997,56,21,T
658.2155355012912,17.749969482421875,56,22,T
810.7568498422613,19.585285186767578,56,23,T
57.724342850844835,18.453610468956125,57,18,NT
88.22422753613704,20.55235240274087,57,19,T
3637.9984287115262,20.48251724243164,57,20,T
3637.9984287115262,20.48251724243164,57,21,T
5559.146718313266,19.639619827270508,57,22,T
130.26163601423968,18.77805419725851,58,18,NT
88.22422753613704,20.55235240274087,58,19,T
2863.4492847547226,20.24560176548851,58,20,T
2863.4492847547226,20.24560176548851,58,21,T
672.0937841096811,17.76752281188965,58,22,T
130.26163601423968,18.77805419725851,59,18,NT
88.22422753613704,20.55235240274087,59,19,T
2863.4492847547226,20.24560176548851,59,20,T
2863.4492847547226,20.24560176548851,59,21,T
672.0937841096811,17.76752281188965,59,22,T
57.72434284670595,18.453610468936972,6,18,NT
88.22422753613704,20.55235240274087,6,19,T
3179.74679783707,20.423189163208008,6,20,T
3179.74679783707,20.423189163208008,6,21,T
5559.146718344169,19.639619827270508,6,22,T
82.30540153504151,18.59246507760089,60,18,NT
81.78003194711394,20.550640106591246,60,19,T
3850.641275178133,19.678470611572266,60,22,T
3595.7997818353815,19.68468817325307,60,23,T
57.72434284670595,18.453610468936972,61,18,NT
88.22422753613704,20.55235240274087,61,19,T
3179.74679783707,20.423189163208008,61,20,T
3179.74679783707,20.423189163208008,61,21,T
5559.146718344169,19.639619827270508,61,22,T
252.56551126915326,18.98034015318042,62,18,NT
70.39301430181763,20.54345365359298,62,19,T
1039.5332944744405,20.768963686078727,62,20,T
1039.5332944744405,20.768963686078727,62,21,T
672.0937841096811,17.76752281188965,62,22,T
252.56551126903364,18.980340153180418,63,18,NT
70.39301430181763,20.54345365359298,63,19,T
1039.5332944741267,20.768963686078532,63,20,T
1039.5332944741267,20.768963686078532,63,21,T
672.0937841103427,17.76752281188965,63,22,T
82.30540153504151,18.59246507760089,64,18,NT
81.78003194711394,20.550640106591246,64,19,T
3850.641275178133,19.678470611572266,64,22,T
3595.7997818353815,19.68468817325307,64,23,T
130.26163601423968,18.77805419725851,65,18,NT
88.22422753613704,20.55235240274087,65,19,T
2863.4492847547226,20.24560176548851,65,20,T
2863.4492847547226,20.24560176548851,65,21,T
672.0937841096811,17.76752281188965,65,22,T
130.26163601423968,18.77805419725851,66,18,NT
88.22422753613704,20.55235240274087,66,19,T
2863.4492847547226,20.24560176548851,66,20,T
2863.4492847547226,20.24560176548851,66,21,T
672.0937841096811,17.76752281188965,66,22,T
82.30540153504151,18.59246507760089,67,18,NT
81.78003194711394,20.550640106591246,67,19,T
3850.641275178133,19.678470611572266,67,22,T
3595.7997818353815,19.68468817325307,67,23,T
82.30540153504151,18.59246507760089,68,18,NT
81.78003194711394,20.550640106591246,68,19,T
3850.6412751191524,19.678470611572266,68,22,T
3595.7997818361932,19.68468817325307,68,23,T
130.26163601423968,18.77805419725851,69,18,NT
88.22422753613704,20.55235240274087,69,19,T
2863.4492847547226,20.24560176548851,69,20,T
2863.4492847547226,20.24560176548851,69,21,T
672.0937841096811,17.76752281188965,69,22,T
57.72434285043124,18.453610468956466,7,18,NT
88.22422753613704,20.55235240274087,7,19,T
3637.9984287073603,20.48251724243164,7,20,T
3637.9984287073603,20.48251724243164,7,21,T
5559.146718343069,19.639619827270508,7,22,T
82.30540153504151,18.59246507760089,70,18,NT
81.78003194711394,20.550640106591246,70,19,T
3850.641275178133,19.678470611572266,70,22,T
3595.7997818353815,19.68468817325307,70,23,T
130.26163601423968,18.77805419725851,71,18,NT
88.22422753613704,20.55235240274087,71,19,T
2863.4492847547226,20.24560176548851,71,20,T
2863.4492847547226,20.24560176548851,71,21,T
672.0937841096811,17.76752281188965,71,22,T
130.26163601423968,18.77805419725851,72,18,NT
88.22422753613704,20.55235240274087,72,19,T
2863.4492847547226,20.24560176548851,72,20,T
2863.4492847547226,20.24560176548851,72,21,T
672.0937841096811,17.76752281188965,72,22,T
57.72434285070716,18.453610468957173,73,18,NT
88.22422753570066,20.552352402740414,73,19,T
684.6820667712211,17.784666061401367,73,22,T
810.7568498193596,19.585285186767578,73,23,T
82.30540153123223,18.592465077596284,74,18,NT
88.22422753570066,20.552352402740414,74,19,T
684.6820667717211,17.784666061401367,74,22,T
810.7568498280364,19.585285186767578,74,23,T
130.26163601478683,18.77805419725853,75,18,NT
113.32252848126554,20.606662530871063,75,19,T
715.017919847216,19.5556801819595,75,20,T
715.017919847216,19.5556801819595,75,21,T
5575.470648651888,19.647262573242188,75,22,T
57.72434284670595,18.453610468936972,76,18,NT
88.22422753613704,20.55235240274087,76,19,T
3179.74679783707,20.423189163208008,76,20,T
3179.74679783707,20.423189163208008,76,21,T
5559.146718344169,19.639619827270508,76,22,T
252.56551126915326,18.98034015318042,77,18,NT
70.39301430261965,20.543453653594433,77,19,T
1039.5332944744405,20.768963686078727,77,20,T
1039.5332944744405,20.768963686078727,77,21,T
672.0937841103427,17.76752281188965,77,22,T
252.56551127088602,18.980340153180443,78,18,NT
70.39301430189278,20.54345365359312,78,19,T
1039.5332944763852,20.76896368607997,78,20,T
1039.5332944763852,20.76896368607997,78,21,T
658.2155355011722,17.749969482421875,78,22,T
810.7568498423061,19.585285186767578,78,23,T
57.724342850844835,18.453610468956125,79,18,NT
88.22422753613704,20.55235240274087,79,19,T
3637.9984287115262,20.48251724243164,79,20,T
3637.9984287115262,20.48251724243164,79,21,T
5559.146718313266,19.639619827270508,79,22,T
252.56551126915326,18.98034015318042,8,18,NT
70.39301430261965,20.543453653594433,8,19,T
1039.5332944744405,20.768963686078727,8,20,T
1039.5332944744405,20.768963686078727,8,21,T
672.0937841103427,17.76752281188965,8,22,T
57.72434284670595,18.453610468936972,80,18,NT
88.22422753613704,20.55235240274087,80,19,T
3179.74679783707,20.423189163208008,80,20,T
3179.74679783707,20.423189163208008,80,21,T
5559.146718344169,19.639619827270508,80,22,T
252.56551126915326,18.98034015318042,81,18,NT
70.39301430181763,20.54345365359298,81,19,T
1039.5332944744405,20.768963686078727,81,20,T
1039.5332944744405,20.768963686078727,81,21,T
672.0937841096811,17.76752281188965,81,22,T
130.26163601478683,18.77805419725853,82,18,NT
113.32252848126554,20.606662530871063,82,19,T
715.017919847216,19.5556801819595,82,20,T
715.017919847216,19.5556801819595,82,21,T
5575.470648651888,19.647262573242188,82,22,T
57.724342846716496,18.45361046894693,83,18,NT
88.22422753570066,20.552352402740414,83,19,T
684.6820667717211,17.784666061401367,83,22,T
810.7568498349652,19.585285186767578,83,23,T
57.72434285070716,18.453610468957173,84,18,NT
88.22422753570066,20.552352402740414,84,19,T
684.6820667712211,17.784666061401367,84,22,T
810.7568498193596,19.585285186767578,84,23,T
252.56551126915326,18.98034015318042,85,18,NT
70.39301430181763,20.54345365359298,85,19,T
1039.5332944744405,20.768963686078727,85,20,T
1039.5332944744405,20.768963686078727,85,21,T
672.0937841096811,17.76752281188965,85,22,T
57.72434284670595,18.453610468936972,86,18,NT
88.22422753613704,20.55235240274087,86,19,T
3179.74679783707,20.423189163208008,86,20,T
3179.74679783707,20.423189163208008,86,21,T
5559.146718344169,19.639619827270508,86,22,T
57.724342850844835,18.453610468956125,87,18,NT
88.22422753613704,20.55235240274087,87,19,T
3637.9984287115262,20.48251724243164,87,20,T
3637.9984287115262,20.48251724243164,87,21,T
5559.146718313266,19.639619827270508,87,22,T
130.26163601478683,18.77805419725853,88,18,NT
113.32252848126554,20.606662530871063,88,19,T
715.017919847216,19.5556801819595,88,20,T
715.017919847216,19.5556801819595,88,21,T
5575.470648651888,19.647262573242188,88,22,T
82.30540153123223,18.592465077596284,89,18,NT
88.22422753570066,20.552352402740414,89,19,T
684.6820667717211,17.784666061401367,89,22,T
810.7568498280364,19.585285186767578,89,23,T
252.56551127072714,18.980340153180435,9,18,NT
70.39301430181982,20.543453653593247,9,19,T
1039.5332944763852,20.76896368607997,9,20,T
1039.5332944763852,20.76896368607997,9,21,T
658.2155355012912,17.749969482421875,9,22,T
810.7568498422613,19.585285186767578,9,23,T
57.72434285070716,18.453610468957173,90,18,NT
88.22422753570066,20.552352402740414,90,19,T
684.6820667712211,17.784666061401367,90,22,T
810.7568498193596,19.585285186767578,90,23,T
57.72434285070716,18.453610468957173,91,18,NT
88.22422753570066,20.552352402740414,91,19,T
684.6820667712211,17.784666061401367,91,22,T
810.7568498193596,19.585285186767578,91,23,T
57.72434285070716,18.453610468957173,92,18,NT
88.22422753570066,20.552352402740414,92,19,T
684.6820667712211,17.784666061401367,92,22,T
810.7568498193596,19.585285186767578,92,23,T
130.26163601478683,18.77805419725853,93,18,NT
113.32252848126554,20.606662530871063,93,19,T
715.017919847216,19.5556801819595,93,20,T
715.017919847216,19.5556801819595,93,21,T
5575.470648651888,19.647262573242188,93,22,T
130.26163601423968,18.77805419725851,94,18,NT
88.22422753613704,20.55235240274087,94,19,T
2863.4492847547226,20.24560176548851,94,20,T
2863.4492847547226,20.24560176548851,94,21,T
672.0937841096811,17.76752281188965,94,22,T
130.26163601423968,18.77805419725851,95,18,NT
88.22422753613704,20.55235240274087,95,19,T
2863.4492847547226,20.24560176548851,95,20,T
2863.4492847547226,20.24560176548851,95,21,T
672.0937841096811,17.76752281188965,95,22,T
82.30540153504151,18.59246507760089,96,18,NT
81.78003194711394,20.550640106591246,96,19,T
3850.641275178133,19.678470611572266,96,22,T
3595.7997818353815,19.68468817325307,96,23,T
252.56551127072714,18.980340153180435,97,18,NT
70.39301430181982,20.543453653593247,97,19,T
1039.5332944763852,20.76896368607997,97,20,T
1039.5332944763852,20.76896368607997,97,21,T
658.2155355012912,17.749969482421875,97,22,T
810.7568498422613,19.585285186767578,97,23,T
252.56551126915326,18.98034015318042,98,18,NT
70.39301430261965,20.543453653594433,98,19,T
1039.5332944744405,20.768963686078727,98,20,T
1039.5332944744405,20.768963686078727,98,21,T
672.0937841103427,17.76752281188965,98,22,T
57.72434285043124,18.453610468956466,99,18,NT
88.22422753613704,20.55235240274087,99,19,T
3637.9984287073603,20.48251724243164,99,20,T
3637.9984287073603,20.48251724243164,99,21,T
5559.146718343069,19.639619827270508,99,22,T
870.7370658947165,16.610644540507266,1,14,T
1125.395470096906,15.876734124962844,1,15,NT
702.2003640385803,17.015666948092658,1,16,NT
125.73648420699985,16.803453874769982,1,17,NT
1156.5360583163738,17.127915897971516,10,14,T
1032.5414980759817,15.7761756483282,10,15,NT
357.22823781839384,16.940084188304354,10,16,NT
132.45200603525174,16.808924924320714,10,17,NT
1156.5360583163738,17.127915897971516,100,14,T
1032.5414980759817,15.7761756483282,100,15,NT
357.22823781839384,16.940084188304354,100,16,NT
132.45200603525174,16.808924924320714,100,17,NT
1156.5360583163738,17.127915897971516,101,14,T
1032.5414980759817,15.7761756483282,101,15,NT
357.22823781839384,16.940084188304354,101,16,NT
132.45200603525174,16.808924924320714,101,17,NT
1061.2794753733288,17.062027771614794,102,14,T
1125.3954700948843,15.876734124962121,102,15,NT
357.22823781721735,16.94008418830418,102,16,NT
153.96397894785852,16.967936577356465,102,17,NT
1260.7362472977632,17.32867862335291,103,14,T
898.3177916618577,15.605588900145973,103,15,NT
357.2282378022695,16.940084188302592,103,16,NT
132.45200603525174,16.808924924320714,103,17,NT
1260.7362472977632,17.32867862335291,104,14,T
898.3177916595293,15.60558890014468,104,15,NT
357.22823781699606,16.940084188304194,104,16,NT
132.45200603528613,16.80892492432074,104,17,NT
870.7370658947165,16.610644540507266,105,14,T
1125.395470096906,15.876734124962844,105,15,NT
702.2003640385803,17.015666948092658,105,16,NT
125.73648420699985,16.803453874769982,105,17,NT
870.7370658968679,16.610644540503298,106,14,T
1125.3954700953134,15.876734124961875,106,15,NT
702.200364036977,17.015666948092658,106,16,NT
125.73648420699985,16.803453874769982,106,17,NT
870.7370658947165,16.610644540507266,107,14,T
1125.395470096906,15.876734124962844,107,15,NT
702.2003640385803,17.015666948092658,107,16,NT
125.73648420699985,16.803453874769982,107,17,NT
1260.7362472977632,17.32867862335291,108,14,T
898.3177916595293,15.60558890014468,108,15,NT
357.22823781699606,16.940084188304194,108,16,NT
132.45200603528613,16.80892492432074,108,17,NT
1260.7362472977632,17.32867862335291,109,14,T
898.3177916595293,15.60558890014468,109,15,NT
357.22823781699606,16.940084188304194,109,16,NT
132.45200603528613,16.80892492432074,109,17,NT
1061.2794753733288,17.062027771614794,11,14,T
1125.3954700948843,15.876734124962121,11,15,NT
357.22823781721735,16.94008418830418,11,16,NT
153.96397894785852,16.967936577356465,11,17,NT
1260.7362472977632,17.32867862335291,110,14,T
898.3177916618577,15.605588900145973,110,15,NT
357.2282378022695,16.940084188302592,110,16,NT
132.45200603525174,16.808924924320714,110,17,NT
870.7370658968679,16.610644540503298,111,14,T
1125.3954700953134,15.876734124961875,111,15,NT
702.200364036977,17.015666948092658,111,16,NT
125.73648420699985,16.803453874769982,111,17,NT
870.7370658968679,16.610644540503298,112,14,T
1125.3954700953134,15.876734124961875,112,15,NT
702.200364036977,17.015666948092658,112,16,NT
125.73648420699985,16.803453874769982,112,17,NT
870.7370658968679,16.610644540503298,113,14,T
1125.3954700953134,15.876734124961875,113,15,NT
702.200364036977,17.015666948092658,113,16,NT
125.73648420699985,16.803453874769982,113,17,NT
1260.7362472977632,17.32867862335291,114,14,T
898.3177916618577,15.605588900145973,114,15,NT
357.2282378022695,16.940084188302592,114,16,NT
132.45200603525174,16.808924924320714,114,17,NT
1260.7362472977632,17.32867862335291,115,14,T
898.3177916595293,15.60558890014468,115,15,NT
357.22823781699606,16.940084188304194,115,16,NT
132.45200603528613,16.80892492432074,115,17,NT
870.7370658947165,16.610644540507266,116,14,T
1125.395470096906,15.876734124962844,116,15,NT
702.2003640385803,17.015666948092658,116,16,NT
125.73648420699985,16.803453874769982,116,17,NT
870.7370658968679,16.610644540503298,117,14,T
1125.3954700953134,15.876734124961875,117,15,NT
702.200364036977,17.015666948092658,117,16,NT
125.73648420699985,16.803453874769982,117,17,NT
2840.634507866666,17.51288926695915,118,14,T
1002.2426280097906,15.739161767852112,118,15,NT
690.4788104167667,17.03988746979005,118,16,NT
132.45200603525174,16.808924924320714,118,17,NT
3138.760658690854,17.587628358193882,119,14,T
1002.2426280097474,15.739161767852073,119,15,NT
690.4788104178061,17.03988746979005,119,16,NT
132.45200603525174,16.808924924320714,119,17,NT
1061.2794753733288,17.062027771614794,12,14,T
1125.3954700948843,15.876734124962121,12,15,NT
357.22823781721735,16.94008418830418,12,16,NT
153.96397894785852,16.967936577356465,12,17,NT
4148.838015946894,17.687328216603536,120,14,T
1125.3954700938823,15.87673412496212,120,15,NT
357.22823781511266,16.940084188304297,120,16,NT
132.45200603525174,16.808924924320714,120,17,NT
4148.838015931922,17.687328216604374,121,14,T
1125.3954700947615,15.876734124962042,121,15,NT
357.2282378187167,16.940084188304393,121,16,NT
143.5605752644543,16.89331211367405,121,17,NT
4148.83801593196,17.687328216604367,122,14,T
1125.395470094721,15.876734124961866,122,15,NT
357.22823781511266,16.940084188304297,122,16,NT
143.5605752644543,16.89331211367405,122,17,NT
2840.634507866666,17.51288926695915,123,14,T
1002.2426280097906,15.739161767852112,123,15,NT
690.4788104167667,17.03988746979005,123,16,NT
132.45200603525174,16.808924924320714,123,17,NT
1260.7362472977632,17.32867862335291,124,14,T
898.3177916618577,15.605588900145973,124,15,NT
357.2282378022695,16.940084188302592,124,16,NT
132.45200603525174,16.808924924320714,124,17,NT
1260.7362472977632,17.32867862335291,125,14,T
898.3177916595293,15.60558890014468,125,15,NT
357.22823781699606,16.940084188304194,125,16,NT
132.45200603528613,16.80892492432074,125,17,NT
870.7370658968679,16.610644540503298,126,14,T
1125.3954700953134,15.876734124961875,126,15,NT
702.200364036977,17.015666948092658,126,16,NT
125.73648420699985,16.803453874769982,126,17,NT
870.7370658968679,16.610644540503298,127,14,T
1125.3954700953134,15.876734124961875,127,15,NT
702.200364036977,17.015666948092658,127,16,NT
125.73648420699985,16.803453874769982,127,17,NT
1260.7362472977632,17.32867862335291,128,14,T
898.3177916595293,15.60558890014468,128,15,NT
357.22823781699606,16.940084188304194,128,16,NT
132.45200603528613,16.80892492432074,128,17,NT
1260.7362472977632,17.32867862335291,129,14,T
898.3177916618577,15.605588900145973,129,15,NT
357.2282378022695,16.940084188302592,129,16,NT
132.45200603525174,16.808924924320714,129,17,NT
1156.5360583163738,17.127915897971516,13,14,T
1032.5414980759817,15.7761756483282,13,15,NT
357.22823781839384,16.940084188304354,13,16,NT
132.45200603525174,16.808924924320714,13,17,NT
1061.2794753733288,17.062027771614794,130,14,T
1125.3954700948843,15.876734124962121,130,15,NT
357.22823781721735,16.94008418830418,130,16,NT
153.96397894785852,16.967936577356465,130,17,NT
1061.2794753733288,17.062027771614794,131,14,T
1125.3954700948843,15.876734124962121,131,15,NT
357.22823781721735,16.94008418830418,131,16,NT
153.96397894785852,16.967936577356465,131,17,NT
1156.5360583163738,17.127915897971516,132,14,T
1032.5414980759817,15.7761756483282,132,15,NT
357.22823781839384,16.940084188304354,132,16,NT
132.45200603525174,16.808924924320714,132,17,NT
1061.2794753733288,17.062027771614794,14,14,T
1125.3954700948843,15.876734124962121,14,15,NT
357.22823781721735,16.94008418830418,14,16,NT
153.96397894785852,16.967936577356465,14,17,NT
1061.2794753733288,17.062027771614794,15,14,T
1125.3954700948843,15.876734124962121,15,15,NT
357.22823781721735,16.94008418830418,15,16,NT
153.96397894785852,16.967936577356465,15,17,NT
1061.2794753733288,17.062027771614794,16,14,T
1125.3954700948843,15.876734124962121,16,15,NT
357.22823781721735,16.94008418830418,16,16,NT
153.96397894785852,16.967936577356465,16,17,NT
1061.2794753733288,17.062027771614794,17,14,T
1125.3954700948843,15.876734124962121,17,15,NT
357.22823781721735,16.94008418830418,17,16,NT
153.96397894785852,16.967936577356465,17,17,NT
1156.5360583163738,17.127915897971516,18,14,T
1032.5414980759817,15.7761756483282,18,15,NT
357.22823781839384,16.940084188304354,18,16,NT
132.45200603525174,16.808924924320714,18,17,NT
3138.760658690854,17.587628358193882,19,14,T
1002.2426280097474,15.739161767852073,19,15,NT
690.4788104178061,17.03988746979005,19,16,NT
132.45200603525174,16.808924924320714,19,17,NT
870.7370658968679,16.610644540503298,2,14,T
1125.3954700953134,15.876734124961875,2,15,NT
702.200364036977,17.015666948092658,2,16,NT
125.73648420699985,16.803453874769982,2,17,NT
3138.760658690854,17.587628358193882,20,14,T
1002.2426280097474,15.739161767852073,20,15,NT
690.4788104178061,17.03988746979005,20,16,NT
132.45200603525174,16.808924924320714,20,17,NT
4148.838015946894,17.687328216603536,21,14,T
1125.3954700938823,15.87673412496212,21,15,NT
357.22823781511266,16.940084188304297,21,16,NT
132.45200603525174,16.808924924320714,21,17,NT
4148.838015946894,17.687328216603536,22,14,T
1125.3954700938823,15.87673412496212,22,15,NT
357.22823781511266,16.940084188304297,22,16,NT
132.45200603525174,16.808924924320714,22,17,NT
3138.760658690854,17.587628358193882,23,14,T
1002.2426280097474,15.739161767852073,23,15,NT
690.4788104178061,17.03988746979005,23,16,NT
132.45200603525174,16.808924924320714,23,17,NT
3138.760658690854,17.587628358193882,24,14,T
1002.2426280097474,15.739161767852073,24,15,NT
690.4788104178061,17.03988746979005,24,16,NT
132.45200603525174,16.808924924320714,24,17,NT
4148.838015931922,17.687328216604374,25,14,T
1125.3954700947615,15.876734124962042,25,15,NT
357.2282378187167,16.940084188304393,25,16,NT
143.5605752644543,16.89331211367405,25,17,NT
3138.760658690854,17.587628358193882,26,14,T
1002.2426280097474,15.739161767852073,26,15,NT
690.4788104178061,17.03988746979005,26,16,NT
132.45200603525174,16.808924924320714,26,17,NT
3138.760658690854,17.587628358193882,27,14,T
1002.2426280097474,15.739161767852073,27,15,NT
690.4788104178061,17.03988746979005,27,16,NT
132.45200603525174,16.808924924320714,27,17,NT
870.7370658947165,16.610644540507266,28,14,T
1125.395470096906,15.876734124962844,28,15,NT
702.2003640385803,17.015666948092658,28,16,NT
125.73648420699985,16.803453874769982,28,17,NT
870.7370658968679,16.610644540503298,29,14,T
1125.3954700953134,15.876734124961875,29,15,NT
702.200364036977,17.015666948092658,29,16,NT
125.73648420699985,16.803453874769982,29,17,NT
1260.7362472975651,17.328678623352815,3,14,T
898.3177916595293,15.60558890014468,3,15,NT
134.15265785703184,16.861513137817383,3,16,NT
132.45200603525174,16.808924924320714,3,17,NT
1260.7362472977632,17.32867862335291,30,14,T
898.3177916618577,15.605588900145973,30,15,NT
357.2282378022695,16.940084188302592,30,16,NT
132.45200603525174,16.808924924320714,30,17,NT
870.7370658968679,16.610644540503298,31,14,T
1125.3954700953134,15.876734124961875,31,15,NT
702.200364036977,17.015666948092658,31,16,NT
125.73648420699985,16.803453874769982,31,17,NT
870.7370658968679,16.610644540503298,32,14,T
1125.3954700953134,15.876734124961875,32,15,NT
702.200364036977,17.015666948092658,32,16,NT
125.73648420699985,16.803453874769982,32,17,NT
1260.7362472977632,17.32867862335291,33,14,T
898.3177916595293,15.60558890014468,33,15,NT
357.22823781699606,16.940084188304194,33,16,NT
132.45200603528613,16.80892492432074,33,17,NT
4148.838015946894,17.687328216603536,34,14,T
1125.3954700938823,15.87673412496212,34,15,NT
357.22823781511266,16.940084188304297,34,16,NT
132.45200603525174,16.808924924320714,34,17,NT
4148.83801593196,17.687328216604367,35,14,T
1125.395470094721,15.876734124961866,35,15,NT
357.22823781511266,16.940084188304297,35,16,NT
143.5605752644543,16.89331211367405,35,17,NT
2840.634507866666,17.51288926695915,36,14,T
1002.2426280097906,15.739161767852112,36,15,NT
690.4788104167667,17.03988746979005,36,16,NT
132.45200603525174,16.808924924320714,36,17,NT
1156.5360583163738,17.127915897971516,37,14,T
1032.5414980759817,15.7761756483282,37,15,NT
357.22823781839384,16.940084188304354,37,16,NT
132.45200603525174,16.808924924320714,37,17,NT
1156.5360583163738,17.127915897971516,38,14,T
1032.5414980759817,15.7761756483282,38,15,NT
357.22823781839384,16.940084188304354,38,16,NT
132.45200603525174,16.808924924320714,38,17,NT
1061.2794753733288,17.062027771614794,39,14,T
1125.3954700948843,15.876734124962121,39,15,NT
357.22823781721735,16.94008418830418,39,16,NT
153.96397894785852,16.967936577356465,39,17,NT
1156.5360583163738,17.127915897971516,4,14,T
1032.5414980759817,15.7761756483282,4,15,NT
357.22823781839384,16.940084188304354,4,16,NT
132.45200603525174,16.808924924320714,4,17,NT
3138.760658690854,17.587628358193882,40,14,T
1002.2426280097474,15.739161767852073,40,15,NT
690.4788104178061,17.03988746979005,40,16,NT
132.45200603525174,16.808924924320714,40,17,NT
4148.838015931922,17.687328216604374,41,14,T
1125.3954700947615,15.876734124962042,41,15,NT
357.2282378187167,16.940084188304393,41,16,NT
143.5605752644543,16.89331211367405,41,17,NT
4148.838015946894,17.687328216603536,42,14,T
1125.3954700938823,15.87673412496212,42,15,NT
357.22823781511266,16.940084188304297,42,16,NT
132.45200603525174,16.808924924320714,42,17,NT
4148.838015931922,17.687328216604374,43,14,T
1125.3954700947615,15.876734124962042,43,15,NT
357.2282378187167,16.940084188304393,43,16,NT
143.5605752644543,16.89331211367405,43,17,NT
4148.838015946894,17.687328216603536,44,14,T
1125.3954700938823,15.87673412496212,44,15,NT
357.22823781511266,16.940084188304297,44,16,NT
132.45200603525174,16.808924924320714,44,17,NT
3138.760658690854,17.587628358193882,45,14,T
1002.2426280097474,15.739161767852073,45,15,NT
690.4788104178061,17.03988746979005,45,16,NT
132.45200603525174,16.808924924320714,45,17,NT
870.7370658947165,16.610644540507266,46,14,T
1125.395470096906,15.876734124962844,46,15,NT
702.2003640385803,17.015666948092658,46,16,NT
125.73648420699985,16.803453874769982,46,17,NT
1260.7362472977632,17.32867862335291,47,14,T
898.3177916595293,15.60558890014468,47,15,NT
357.22823781699606,16.940084188304194,47,16,NT
132.45200603528613,16.80892492432074,47,17,NT
1260.7362472975651,17.328678623352815,48,14,T
898.3177916595293,15.60558890014468,48,15,NT
134.15265785703184,16.861513137817383,48,16,NT
132.45200603525174,16.808924924320714,48,17,NT
4148.838015946894,17.687328216603536,49,14,T
1125.3954700938823,15.87673412496212,49,15,NT
357.22823781511266,16.940084188304297,49,16,NT
132.45200603525174,16.808924924320714,49,17,NT
1061.2794753733288,17.062027771614794,5,14,T
1125.3954700948843,15.876734124962121,5,15,NT
357.22823781721735,16.94008418830418,5,16,NT
153.96397894785852,16.967936577356465,5,17,NT
4148.838015931922,17.687328216604374,50,14,T
1125.3954700947615,15.876734124962042,50,15,NT
357.2282378187167,16.940084188304393,50,16,NT
143.5605752644543,16.89331211367405,50,17,NT
3138.760658690854,17.587628358193882,51,14,T
1002.2426280097474,15.739161767852073,51,15,NT
690.4788104178061,17.03988746979005,51,16,NT
132.45200603525174,16.808924924320714,51,17,NT
1061.2794753733288,17.062027771614794,52,14,T
1125.3954700948843,15.876734124962121,52,15,NT
357.22823781721735,16.94008418830418,52,16,NT
153.96397894785852,16.967936577356465,52,17,NT
1156.5360583163738,17.127915897971516,53,14,T
1032.5414980759817,15.7761756483282,53,15,NT
357.22823781839384,16.940084188304354,53,16,NT
132.45200603525174,16.808924924320714,53,17,NT
1156.5360583163738,17.127915897971516,54,14,T
1032.5414980759817,15.7761756483282,54,15,NT
357.22823781839384,16.940084188304354,54,16,NT
132.45200603525174,16.808924924320714,54,17,NT
1156.5360583163738,17.127915897971516,55,14,T
1032.5414980759817,15.7761756483282,55,15,NT
357.22823781839384,16.940084188304354,55,16,NT
132.45200603525174,16.808924924320714,55,17,NT
1156.5360583163738,17.127915897971516,56,14,T
1032.5414980759817,15.7761756483282,56,15,NT
357.22823781839384,16.940084188304354,56,16,NT
132.45200603525174,16.808924924320714,56,17,NT
1061.2794753733288,17.062027771614794,57,14,T
1125.3954700948843,15.876734124962121,57,15,NT
357.22823781721735,16.94008418830418,57,16,NT
153.96397894785852,16.967936577356465,57,17,NT
4148.83801593196,17.687328216604367,58,14,T
1125.395470094721,15.876734124961866,58,15,NT
357.22823781511266,16.940084188304297,58,16,NT
143.5605752644543,16.89331211367405,58,17,NT
4148.838015946894,17.687328216603536,59,14,T
1125.3954700938823,15.87673412496212,59,15,NT
357.22823781511266,16.940084188304297,59,16,NT
132.45200603525174,16.808924924320714,59,17,NT
1061.2794753733288,17.062027771614794,6,14,T
1125.3954700948843,15.876734124962121,6,15,NT
357.22823781721735,16.94008418830418,6,16,NT
153.96397894785852,16.967936577356465,6,17,NT
3138.760658690854,17.587628358193882,60,14,T
1002.2426280097474,15.739161767852073,60,15,NT
690.4788104178061,17.03988746979005,60,16,NT
132.45200603525174,16.808924924320714,60,17,NT
1061.2794753733288,17.062027771614794,61,14,T
1125.3954700948843,15.876734124962121,61,15,NT
357.22823781721735,16.94008418830418,61,16,NT
153.96397894785852,16.967936577356465,61,17,NT
1156.5360583163738,17.127915897971516,62,14,T
1032.5414980759817,15.7761756483282,62,15,NT
357.22823781839384,16.940084188304354,62,16,NT
132.45200603525174,16.808924924320714,62,17,NT
1156.5360583163738,17.127915897971516,63,14,T
1032.5414980759817,15.7761756483282,63,15,NT
357.22823781839384,16.940084188304354,63,16,NT
132.45200603525174,16.808924924320714,63,17,NT
3138.760658690854,17.587628358193882,64,14,T
1002.2426280097474,15.739161767852073,64,15,NT
690.4788104178061,17.03988746979005,64,16,NT
132.45200603525174,16.808924924320714,64,17,NT
4148.838015946894,17.687328216603536,65,14,T
1125.3954700938823,15.87673412496212,65,15,NT
357.22823781511266,16.940084188304297,65,16,NT
132.45200603525174,16.808924924320714,65,17,NT
4148.838015931922,17.687328216604374,66,14,T
1125.3954700947615,15.876734124962042,66,15,NT
357.2282378187167,16.940084188304393,66,16,NT
143.5605752644543,16.89331211367405,66,17,NT
3138.760658690854,17.587628358193882,67,14,T
1002.2426280097474,15.739161767852073,67,15,NT
690.4788104178061,17.03988746979005,67,16,NT
132.45200603525174,16.808924924320714,67,17,NT
2840.634507866666,17.51288926695915,68,14,T
1002.2426280097906,15.739161767852112,68,15,NT
690.4788104167667,17.03988746979005,68,16,NT
132.45200603525174,16.808924924320714,68,17,NT
4148.83801593196,17.687328216604367,69,14,T
1125.395470094721,15.876734124961866,69,15,NT
357.22823781511266,16.940084188304297,69,16,NT
143.5605752644543,16.89331211367405,69,17,NT
1061.2794753733288,17.062027771614794,7,14,T
1125.3954700948843,15.876734124962121,7,15,NT
357.22823781721735,16.94008418830418,7,16,NT
153.96397894785852,16.967936577356465,7,17,NT
3138.760658690854,17.587628358193882,70,14,T
1002.2426280097474,15.739161767852073,70,15,NT
690.4788104178061,17.03988746979005,70,16,NT
132.45200603525174,16.808924924320714,70,17,NT
4148.838015931922,17.687328216604374,71,14,T
1125.3954700947615,15.876734124962042,71,15,NT
357.2282378187167,16.940084188304393,71,16,NT
143.5605752644543,16.89331211367405,71,17,NT
4148.83801593196,17.687328216604367,72,14,T
1125.395470094721,15.876734124961866,72,15,NT
357.22823781511266,16.940084188304297,72,16,NT
143.5605752644543,16.89331211367405,72,17,NT
1260.7362472977632,17.32867862335291,73,14,T
898.3177916595293,15.60558890014468,73,15,NT
357.22823781699606,16.940084188304194,73,16,NT
132.45200603528613,16.80892492432074,73,17,NT
1260.7362472977632,17.32867862335291,74,14,T
898.3177916618577,15.605588900145973,74,15,NT
357.2282378022695,16.940084188302592,74,16,NT
132.45200603525174,16.808924924320714,74,17,NT
870.7370658968679,16.610644540503298,75,14,T
1125.3954700953134,15.876734124961875,75,15,NT
702.200364036977,17.015666948092658,75,16,NT
125.73648420699985,16.803453874769982,75,17,NT
1061.2794753733288,17.062027771614794,76,14,T
1125.3954700948843,15.876734124962121,76,15,NT
357.22823781721735,16.94008418830418,76,16,NT
153.96397894785852,16.967936577356465,76,17,NT
1156.5360583163738,17.127915897971516,77,14,T
1032.5414980759817,15.7761756483282,77,15,NT
357.22823781839384,16.940084188304354,77,16,NT
132.45200603525174,16.808924924320714,77,17,NT
1156.5360583163738,17.127915897971516,78,14,T
1032.5414980759817,15.7761756483282,78,15,NT
357.22823781839384,16.940084188304354,78,16,NT
132.45200603525174,16.808924924320714,78,17,NT
1061.2794753733288,17.062027771614794,79,14,T
1125.3954700948843,15.876734124962121,79,15,NT
357.22823781721735,16.94008418830418,79,16,NT
153.96397894785852,16.967936577356465,79,17,NT
1156.5360583163738,17.127915897971516,8,14,T
1032.5414980759817,15.7761756483282,8,15,NT
357.22823781839384,16.940084188304354,8,16,NT
132.45200603525174,16.808924924320714,8,17,NT
1061.2794753733288,17.062027771614794,80,14,T
1125.3954700948843,15.876734124962121,80,15,NT
357.22823781721735,16.94008418830418,80,16,NT
153.96397894785852,16.967936577356465,80,17,NT
1156.5360583163738,17.127915897971516,81,14,T
1032.5414980759817,15.7761756483282,81,15,NT
357.22823781839384,16.940084188304354,81,16,NT
132.45200603525174,16.808924924320714,81,17,NT
870.7370658968679,16.610644540503298,82,14,T
1125.3954700953134,15.876734124961875,82,15,NT
702.200364036977,17.015666948092658,82,16,NT
125.73648420699985,16.803453874769982,82,17,NT
1260.7362472977632,17.32867862335291,83,14,T
898.3177916618577,15.605588900145973,83,15,NT
357.2282378022695,16.940084188302592,83,16,NT
132.45200603525174,16.808924924320714,83,17,NT
1260.7362472977632,17.32867862335291,84,14,T
898.3177916595293,15.60558890014468,84,15,NT
357.22823781699606,16.940084188304194,84,16,NT
132.45200603528613,16.80892492432074,84,17,NT
1156.5360583163738,17.127915897971516,85,14,T
1032.5414980759817,15.7761756483282,85,15,NT
357.22823781839384,16.940084188304354,85,16,NT
132.45200603525174,16.808924924320714,85,17,NT
1061.2794753733288,17.062027771614794,86,14,T
1125.3954700948843,15.876734124962121,86,15,NT
357.22823781721735,16.94008418830418,86,16,NT
153.96397894785852,16.967936577356465,86,17,NT
1061.2794753733288,17.062027771614794,87,14,T
1125.3954700948843,15.876734124962121,87,15,NT
357.22823781721735,16.94008418830418,87,16,NT
153.96397894785852,16.967936577356465,87,17,NT
870.7370658968679,16.610644540503298,88,14,T
1125.3954700953134,15.876734124961875,88,15,NT
702.200364036977,17.015666948092658,88,16,NT
125.73648420699985,16.803453874769982,88,17,NT
1260.7362472977632,17.32867862335291,89,14,T
898.3177916618577,15.605588900145973,89,15,NT
357.2282378022695,16.940084188302592,89,16,NT
132.45200603525174,16.808924924320714,89,17,NT
1156.5360583163738,17.127915897971516,9,14,T
1032.5414980759817,15.7761756483282,9,15,NT
357.22823781839384,16.940084188304354,9,16,NT
132.45200603525174,16.808924924320714,9,17,NT
1260.7362472977632,17.32867862335291,90,14,T
898.3177916595293,15.60558890014468,90,15,NT
357.22823781699606,16.940084188304194,90,16,NT
132.45200603528613,16.80892492432074,90,17,NT
1260.7362472977632,17.32867862335291,91,14,T
898.3177916595293,15.60558890014468,91,15,NT
357.22823781699606,16.940084188304194,91,16,NT
132.45200603528613,16.80892492432074,91,17,NT
1260.7362472975651,17.328678623352815,92,14,T
898.3177916595293,15.60558890014468,92,15,NT
134.15265785703184,16.861513137817383,92,16,NT
132.45200603525174,16.808924924320714,92,17,NT
870.7370658968679,16.610644540503298,93,14,T
1125.3954700953134,15.876734124961875,93,15,NT
702.200364036977,17.015666948092658,93,16,NT
125.73648420699985,16.803453874769982,93,17,NT
4148.83801593196,17.687328216604367,94,14,T
1125.395470094721,15.876734124961866,94,15,NT
357.22823781511266,16.940084188304297,94,16,NT
143.5605752644543,16.89331211367405,94,17,NT
4148.838015931922,17.687328216604374,95,14,T
1125.3954700947615,15.876734124962042,95,15,NT
357.2282378187167,16.940084188304393,95,16,NT
143.5605752644543,16.89331211367405,95,17,NT
3138.760658690854,17.587628358193882,96,14,T
1002.2426280097474,15.739161767852073,96,15,NT
690.4788104178061,17.03988746979005,96,16,NT
132.45200603525174,16.808924924320714,96,17,NT
1156.5360583163738,17.127915897971516,97,14,T
1032.5414980759817,15.7761756483282,97,15,NT
357.22823781839384,16.940084188304354,97,16,NT
132.45200603525174,16.808924924320714,97,17,NT
1156.5360583163738,17.127915897971516,98,14,T
1032.5414980759817,15.7761756483282,98,15,NT
357.22823781839384,16.940084188304354,98,16,NT
132.45200603525174,16.808924924320714,98,17,NT
1061.2794753733288,17.062027771614794,99,14,T
1125.3954700948843,15.876734124962121,99,15,NT
357.22823781721735,16.94008418830418,99,16,NT
153.96397894785852,16.967936577356465,99,17,NT
2.269872129441358,17.645992279052734,1,1,NT
33.861962712078984,15.624308586120604,1,2,NT
9.933717806474878,19.87842559814453,1,3,NT
61.18263101760958,19.451723445730337,1,4,T
15.114870094526442,18.417825748377556,1,5,NT
17.983990872489336,18.629377365112305,1,6,T
44.70117806951413,18.069776193664772,1,7,NT
9.5941423302816,20.779102325439453,1,8,NT
5.952166837766468,20.37469482421875,1,9,NT
337.7625456281106,18.777796219969982,1,10,T
14.300408023289602,19.6787962037465,1,11,NT
120.72520481075775,19.321675074559455,1,12,NT
26.292740810540842,20.080994313753816,1,13,NT
492.83177794969777,17.526834053997263,1,24,T
2.269872129441358,17.645992279052734,10,1,NT
32.91973428019048,15.553466796874998,10,2,NT
4.02555054883794,19.324785232543945,10,3,NT
61.18263101760958,19.451723445730337,10,4,T
15.114870094526442,18.417825748377556,10,5,NT
6.594770966663445,18.518474578857422,10,6,T
29.07487450437062,17.868036438038875,10,7,NT
3.040886681663435,20.611682891845703,10,8,NT
3.853784611109345,20.402389526367188,10,9,NT
337.7625456281106,18.777796219969982,10,10,T
14.300408023570004,19.67879620374639,10,11,NT
120.72520481088654,19.321675074559167,10,12,NT
32.41400534793971,20.17866496337646,10,13,NT
492.83177794883613,17.52683405399722,10,24,T
32.91973428019048,15.553466796874998,100,2,NT
4.796013046557503,19.43336296081543,100,3,NT
61.18263101760958,19.451723445730337,100,4,T
15.114870094526442,18.417825748377556,100,5,NT
6.594770966663445,18.518474578857422,100,6,T
29.074874503857814,17.868036438035105,100,7,NT
3.040886681663435,20.611682891845703,100,8,NT
3.853784611109345,20.402389526367188,100,9,NT
337.7625456281106,18.777796219969982,100,10,T
14.300408023570004,19.67879620374639,100,11,NT
120.72520481088654,19.321675074559167,100,12,NT
32.41400534793971,20.17866496337646,100,13,NT
492.83177794888127,17.52683405399722,100,24,T
2.269872129441358,17.645992279052734,101,1,NT
32.91973428019048,15.553466796874998,101,2,NT
4.796013046557503,19.43336296081543,101,3,NT
61.18263101760958,19.451723445730337,101,4,T
15.114870096389087,18.41782574837643,101,5,NT
6.59477096852609,18.518474578857422,101,6,T
29.07487450437062,17.868036438038875,101,7,NT
3.040886681663435,20.611682891845703,101,8,NT
3.853784611109345,20.402389526367188,101,9,NT
337.76254562997326,18.777796219974416,101,10,T
14.300408023289602,19.6787962037465,101,11,NT
120.72520481088654,19.321675074559167,101,12,NT
32.41400534793971,20.17866496337646,101,13,NT
492.83177794969777,17.526834053997263,101,24,T
3.682662731527207,17.709592819213867,102,1,NT
46.063252450372325,16.37492759044674,102,2,NT
4.796013046557503,19.43336296081543,102,3,NT
44.23190409492081,19.150365300460194,102,4,T
11.304625015712773,18.342720702842957,102,5,NT
2.226700621392459,18.345083236694336,102,6,T
36.738536180985115,17.976254608579833,102,7,NT
9.5941423302816,20.779102325439453,102,8,NT
5.952166837766468,20.37469482421875,102,9,NT
1223.3190491359721,19.9132285558007,102,10,T
19.480548195875986,19.737650888334453,102,11,NT
140.4588935308742,19.473794162605504,102,12,NT
15.886712693821494,19.881384296727074,102,13,NT
538.1216234222001,17.60817094633318,102,24,T
8.050181010816075,17.798781601623986,103,1,NT
35.10289536537864,15.715415000915527,103,2,NT
2.612207899037047,19.0450382232666,103,3,NT
61.18263101760958,19.451723445730337,103,4,T
21.109288355797823,18.563661575317383,103,5,NT
6.594770966663445,18.518474578857422,103,6,T
29.074874503857814,17.868036438035105,103,7,NT
6.939222945941824,20.6546573638916,103,8,NT
5.952166837766468,20.37469482421875,103,9,NT
1152.47166616751,19.878338703604093,103,10,T
5.610383140068938,19.53146743774414,103,11,NT
140.4588935308742,19.473794162605504,103,12,NT
32.41400534803617,20.17866496337668,103,13,NT
453.79731081759064,17.45164136822883,103,24,T
8.050181010816075,17.798781601623986,104,1,NT
35.10289536537864,15.715415000915527,104,2,NT
2.612207899037047,19.0450382232666,104,3,NT
61.18263101760958,19.451723445730337,104,4,T
22.264614070125624,18.59623908996582,104,5,NT
6.59477096852609,18.518474578857422,104,6,T
29.074874503439297,17.868036438031737,104,7,NT
6.939222945894146,20.6546573638916,104,8,NT
5.952166837766468,20.37469482421875,104,9,NT
1152.4716661673917,19.878338703604093,104,10,T
5.610383141142625,19.53146743774414,104,11,NT
140.4588935308742,19.473794162605504,104,12,NT
32.41400534793971,20.17866496337646,104,13,NT
453.7973108174152,17.451641368228817,104,24,T
2.269872129441358,17.645992279052734,105,1,NT
33.861962712078984,15.624308586120604,105,2,NT
9.933717806474878,19.87842559814453,105,3,NT
61.18263101760958,19.451723445730337,105,4,T
15.114870094526442,18.417825748377556,105,5,NT
6.594770966663445,18.518474578857422,105,6,T
44.70117806951413,18.069776193664772,105,7,NT
9.5941423302816,20.779102325439453,105,8,NT
5.952166837766468,20.37469482421875,105,9,NT
337.7625456281106,18.777796219969982,105,10,T
14.300408023289602,19.6787962037465,105,11,NT
120.72520481108582,19.321675074558716,105,12,NT
26.292740810540842,20.080994313753816,105,13,NT
492.83177794888127,17.52683405399722,105,24,T
33.861962712078984,15.624308586120604,106,2,NT
9.933717806474878,19.87842559814453,106,3,NT
61.18263101760958,19.451723445730337,106,4,T
15.114870094526442,18.417825748377556,106,5,NT
6.594770966663445,18.518474578857422,106,6,T
44.701178069402374,18.06977619366444,106,7,NT
6.939222945894146,20.6546573638916,106,8,NT
5.952166837766468,20.37469482421875,106,9,NT
337.7625456281106,18.777796219969982,106,10,T
14.300408023289602,19.6787962037465,106,11,NT
140.4588935308742,19.473794162605504,106,12,NT
26.292740810540842,20.080994313753816,106,13,NT
492.83177794888127,17.52683405399722,106,24,T
2.269872129441358,17.645992279052734,107,1,NT
33.861962712078984,15.624308586120604,107,2,NT
9.933717806474878,19.87842559814453,107,3,NT
61.18263101760958,19.451723445730337,107,4,T
15.114870094526442,18.417825748377556,107,5,NT
6.594770966663445,18.518474578857422,107,6,T
44.70117806951413,18.069776193664772,107,7,NT
9.5941423302816,20.779102325439453,107,8,NT
5.952166837766468,20.37469482421875,107,9,NT
337.7625456281106,18.777796219969982,107,10,T
14.300408023289602,19.6787962037465,107,11,NT
120.72520481108582,19.321675074558716,107,12,NT
26.292740810540842,20.080994313753816,107,13,NT
492.83177794888127,17.52683405399722,107,24,T
8.050181010816075,17.798781601623986,108,1,NT
35.10289536537864,15.715415000915527,108,2,NT
2.612207899037047,19.0450382232666,108,3,NT
61.18263101760958,19.451723445730337,108,4,T
22.264614070125624,18.59623908996582,108,5,NT
6.59477096852609,18.518474578857422,108,6,T
29.074874503439297,17.868036438031737,108,7,NT
6.939222945894146,20.6546573638916,108,8,NT
5.952166837766468,20.37469482421875,108,9,NT
1152.4716661673917,19.878338703604093,108,10,T
5.610383141142625,19.53146743774414,108,11,NT
140.4588935308742,19.473794162605504,108,12,NT
32.41400534793971,20.17866496337646,108,13,NT
453.7973108174152,17.451641368228817,108,24,T
8.050181010816075,17.798781601623986,109,1,NT
35.10289536537864,15.715415000915527,109,2,NT
2.612207899037047,19.0450382232666,109,3,NT
61.18263101760958,19.451723445730337,109,4,T
22.264614070125624,18.59623908996582,109,5,NT
6.59477096852609,18.518474578857422,109,6,T
29.074874503439297,17.868036438031737,109,7,NT
6.939222945894146,20.6546573638916,109,8,NT
5.952166837766468,20.37469482421875,109,9,NT
1152.4716661673917,19.878338703604093,109,10,T
5.610383141142625,19.53146743774414,109,11,NT
140.4588935308742,19.473794162605504,109,12,NT
32.41400534793971,20.17866496337646,109,13,NT
453.7973108174152,17.451641368228817,109,24,T
3.68266273245853,17.709592819213867,11,1,NT
46.06325245078377,16.374927590445683,11,2,NT
4.796013046557503,19.43336296081543,11,3,NT
44.23190409492081,19.150365300460194,11,4,T
11.304625015712773,18.342720702842957,11,5,NT
2.226700621392459,18.345083236694336,11,6,T
36.73853618191644,17.976254608584,11,7,NT
9.5941423302816,20.779102325439453,11,8,NT
5.952166837766468,20.37469482421875,11,9,NT
1223.3190491359721,19.9132285558007,11,10,T
19.480548195875986,19.737650888334453,11,11,NT
140.4588935308742,19.473794162605504,11,12,NT
15.886712693821494,19.881384296727074,11,13,NT
538.1216234214235,17.608170946333143,11,24,T
8.050181010816075,17.798781601623986,110,1,NT
35.10289536537864,15.715415000915527,110,2,NT
2.612207899037047,19.0450382232666,110,3,NT
61.18263101760958,19.451723445730337,110,4,T
21.109288355797823,18.563661575317383,110,5,NT
6.594770966663445,18.518474578857422,110,6,T
29.074874503857814,17.868036438035105,110,7,NT
6.939222945941824,20.6546573638916,110,8,NT
5.952166837766468,20.37469482421875,110,9,NT
1152.47166616751,19.878338703604093,110,10,T
5.610383140068938,19.53146743774414,110,11,NT
140.4588935308742,19.473794162605504,110,12,NT
32.41400534803617,20.17866496337668,110,13,NT
453.79731081759064,17.45164136822883,110,24,T
33.861962712078984,15.624308586120604,111,2,NT
9.933717806474878,19.87842559814453,111,3,NT
61.18263101760958,19.451723445730337,111,4,T
15.114870094526442,18.417825748377556,111,5,NT
6.594770966663445,18.518474578857422,111,6,T
44.701178069402374,18.06977619366444,111,7,NT
6.939222945894146,20.6546573638916,111,8,NT
5.952166837766468,20.37469482421875,111,9,NT
337.7625456281106,18.777796219969982,111,10,T
14.300408023289602,19.6787962037465,111,11,NT
140.4588935308742,19.473794162605504,111,12,NT
26.292740810540842,20.080994313753816,111,13,NT
492.83177794888127,17.52683405399722,111,24,T
2.269872129441358,17.645992279052734,112,1,NT
33.861962712078984,15.624308586120604,112,2,NT
9.933717806474878,19.87842559814453,112,3,NT
61.18263101760958,19.451723445730337,112,4,T
15.114870094526442,18.417825748377556,112,5,NT
6.594770966663445,18.518474578857422,112,6,T
44.70117806951413,18.069776193664772,112,7,NT
9.5941423302816,20.779102325439453,112,8,NT
5.952166837766468,20.37469482421875,112,9,NT
337.7625456281106,18.777796219969982,112,10,T
14.300408023289602,19.6787962037465,112,11,NT
120.72520481108582,19.321675074558716,112,12,NT
26.292740810540842,20.080994313753816,112,13,NT
492.83177794888127,17.52683405399722,112,24,T
33.861962712078984,15.624308586120604,113,2,NT
9.933717806474878,19.87842559814453,113,3,NT
61.18263101760958,19.451723445730337,113,4,T
15.114870094526442,18.417825748377556,113,5,NT
6.594770966663445,18.518474578857422,113,6,T
44.701178069402374,18.06977619366444,113,7,NT
6.939222945894146,20.6546573638916,113,8,NT
5.952166837766468,20.37469482421875,113,9,NT
337.7625456281106,18.777796219969982,113,10,T
14.300408023289602,19.6787962037465,113,11,NT
140.4588935308742,19.473794162605504,113,12,NT
26.292740810540842,20.080994313753816,113,13,NT
492.83177794888127,17.52683405399722,113,24,T
8.050181010816075,17.798781601623986,114,1,NT
35.10289536537864,15.715415000915527,114,2,NT
2.612207899037047,19.0450382232666,114,3,NT
61.18263101760958,19.451723445730337,114,4,T
21.109288355797823,18.563661575317383,114,5,NT
6.594770966663445,18.518474578857422,114,6,T
29.074874503857814,17.868036438035105,114,7,NT
6.939222945941824,20.6546573638916,114,8,NT
5.952166837766468,20.37469482421875,114,9,NT
1152.47166616751,19.878338703604093,114,10,T
5.610383140068938,19.53146743774414,114,11,NT
140.4588935308742,19.473794162605504,114,12,NT
32.41400534803617,20.17866496337668,114,13,NT
453.79731081759064,17.45164136822883,114,24,T
8.050181010816075,17.798781601623986,115,1,NT
35.10289536537864,15.715415000915527,115,2,NT
2.612207899037047,19.0450382232666,115,3,NT
61.18263101760958,19.451723445730337,115,4,T
22.264614070125624,18.59623908996582,115,5,NT
6.59477096852609,18.518474578857422,115,6,T
29.074874503439297,17.868036438031737,115,7,NT
6.939222945894146,20.6546573638916,115,8,NT
5.952166837766468,20.37469482421875,115,9,NT
1152.4716661673917,19.878338703604093,115,10,T
5.610383141142625,19.53146743774414,115,11,NT
140.4588935308742,19.473794162605504,115,12,NT
32.41400534793971,20.17866496337646,115,13,NT
453.7973108174152,17.451641368228817,115,24,T
2.269872129441358,17.645992279052734,116,1,NT
33.861962712078984,15.624308586120604,116,2,NT
9.933717806474878,19.87842559814453,116,3,NT
61.18263101760958,19.451723445730337,116,4,T
15.114870094526442,18.417825748377556,116,5,NT
6.594770966663445,18.518474578857422,116,6,T
44.70117806951413,18.069776193664772,116,7,NT
9.5941423302816,20.779102325439453,116,8,NT
5.952166837766468,20.37469482421875,116,9,NT
337.7625456281106,18.777796219969982,116,10,T
14.300408023289602,19.6787962037465,116,11,NT
120.72520481108582,19.321675074558716,116,12,NT
26.292740810540842,20.080994313753816,116,13,NT
492.83177794888127,17.52683405399722,116,24,T
33.861962712078984,15.624308586120604,117,2,NT
9.933717806474878,19.87842559814453,117,3,NT
61.18263101760958,19.451723445730337,117,4,T
15.114870094526442,18.417825748377556,117,5,NT
6.594770966663445,18.518474578857422,117,6,T
44.701178069402374,18.06977619366444,117,7,NT
6.939222945894146,20.6546573638916,117,8,NT
5.952166837766468,20.37469482421875,117,9,NT
337.7625456281106,18.777796219969982,117,10,T
14.300408023289602,19.6787962037465,117,11,NT
140.4588935308742,19.473794162605504,117,12,NT
26.292740810540842,20.080994313753816,117,13,NT
492.83177794888127,17.52683405399722,117,24,T
2.269872129441358,17.645992279052734,118,1,NT
35.10289536537864,15.715415000915527,118,2,NT
2.612207899037047,19.0450382232666,118,3,NT
65.2930524163688,19.517922456579033,118,4,T
25.646824407789566,18.70216178894043,118,5,NT
6.59477096852609,18.518474578857422,118,6,T
44.70117806955652,18.069776193664612,118,7,NT
6.939222945941824,20.6546573638916,118,8,NT
6.594310923140197,20.47443771362305,118,9,NT
340.28831852989924,18.785348407554185,118,10,T
19.48054819773863,19.73765088833338,118,11,NT
140.4588935308742,19.473794162605504,118,12,NT
15.886712693355832,19.881384296731298,118,13,NT
492.83177794888127,17.52683405399722,118,24,T
2.269872129441358,17.645992279052734,119,1,NT
35.10289536537864,15.715415000915527,119,2,NT
2.612207899037047,19.0450382232666,119,3,NT
65.29305241730012,19.517922456588682,119,4,T
25.646824407789566,18.70216178894043,119,5,NT
6.59477096852609,18.518474578857422,119,6,T
44.70117806955652,18.069776193664612,119,7,NT
6.939222945894146,20.6546573638916,119,8,NT
6.594310923140197,20.47443771362305,119,9,NT
340.28831852989924,18.785348407554185,119,10,T
19.480548195875986,19.737650888334453,119,11,NT
140.4588935305736,19.47379416260489,119,12,NT
15.886712693355832,19.881384296731298,119,13,NT
492.83177794969777,17.526834053997263,119,24,T
2.269872129441358,17.645992279052734,12,1,NT
39.2990157402008,16.005630493164062,12,2,NT
4.796013046557503,19.43336296081543,12,3,NT
44.23190409515364,19.15036530046432,12,4,T
11.304625015712773,18.342720702842957,12,5,NT
2.226700621392459,18.345083236694336,12,6,T
36.738536180985115,17.976254608579833,12,7,NT
9.5941423302816,20.779102325439453,12,8,NT
5.952166837766468,20.37469482421875,12,9,NT
1223.319049135483,19.913228555800696,12,10,T
19.48054819773863,19.73765088833338,12,11,NT
140.4588935308742,19.473794162605504,12,12,NT
15.886712693821494,19.881384296727074,12,13,NT
538.1216234222001,17.60817094633318,12,24,T
2.269872129441358,17.645992279052734,120,1,NT
37.157738052019226,15.86164665222168,120,2,NT
9.933717806474878,19.87842559814453,120,3,NT
61.18263101760958,19.451723445730337,120,4,T
31.81227258173665,18.894725799560547,120,5,NT
6.594770966663445,18.518474578857422,120,6,T
44.70117806951413,18.069776193664772,120,7,NT
6.93922294589945,20.6546573638916,120,8,NT
3.468645370458885,20.31422233581543,120,9,NT
7042.102874162071,20.459613178337964,120,10,T
19.480548195875986,19.737650888334453,120,11,NT
182.886151167318,19.713617724353245,120,12,NT
10.834798902972086,19.759231099233347,120,13,NT
538.1216234222001,17.60817094633318,120,24,T
2.269872129441358,17.645992279052734,121,1,NT
37.157738052019226,15.86164665222168,121,2,NT
9.933717806474878,19.87842559814453,121,3,NT
61.18263101760958,19.451723445730337,121,4,T
31.81227258173665,18.894725799560547,121,5,NT
6.594770966663445,18.518474578857422,121,6,T
44.70117806951413,18.069776193664772,121,7,NT
6.93922294589945,20.6546573638916,121,8,NT
3.468645370458885,20.31422233581543,121,9,NT
7042.102874162071,20.459613178337964,121,10,T
19.480548195875986,19.737650888334453,121,11,NT
182.886151167318,19.713617724353245,121,12,NT
10.834798902972086,19.759231099233347,121,13,NT
538.1216234222001,17.60817094633318,121,24,T
2.269872129441358,17.645992279052734,122,1,NT
37.157738052019226,15.86164665222168,122,2,NT
9.933717806474878,19.87842559814453,122,3,NT
61.18263101760958,19.451723445730337,122,4,T
31.81227258173665,18.894725799560547,122,5,NT
6.594770966663445,18.518474578857422,122,6,T
44.70117806951413,18.069776193664772,122,7,NT
6.93922294589945,20.6546573638916,122,8,NT
3.468645370458885,20.31422233581543,122,9,NT
7042.102874162071,20.459613178337964,122,10,T
19.480548195875986,19.737650888334453,122,11,NT
182.886151167318,19.713617724353245,122,12,NT
10.834798902972086,19.759231099233347,122,13,NT
538.1216234222001,17.60817094633318,122,24,T
2.269872129441358,17.645992279052734,123,1,NT
35.10289536537864,15.715415000915527,123,2,NT
2.612207899037047,19.0450382232666,123,3,NT
65.2930524163688,19.517922456579033,123,4,T
25.646824407789566,18.70216178894043,123,5,NT
6.59477096852609,18.518474578857422,123,6,T
44.70117806955652,18.069776193664612,123,7,NT
6.939222945941824,20.6546573638916,123,8,NT
6.594310923140197,20.47443771362305,123,9,NT
340.28831852989924,18.785348407554185,123,10,T
19.48054819773863,19.73765088833338,123,11,NT
140.4588935308742,19.473794162605504,123,12,NT
15.886712693355832,19.881384296731298,123,13,NT
492.83177794888127,17.52683405399722,123,24,T
8.050181010816075,17.798781601623986,124,1,NT
35.10289536537864,15.715415000915527,124,2,NT
2.612207899037047,19.0450382232666,124,3,NT
61.18263101760958,19.451723445730337,124,4,T
21.109288355797823,18.563661575317383,124,5,NT
6.594770966663445,18.518474578857422,124,6,T
29.074874503857814,17.868036438035105,124,7,NT
6.939222945941824,20.6546573638916,124,8,NT
5.952166837766468,20.37469482421875,124,9,NT
1152.47166616751,19.878338703604093,124,10,T
5.610383140068938,19.53146743774414,124,11,NT
140.4588935308742,19.473794162605504,124,12,NT
32.41400534803617,20.17866496337668,124,13,NT
453.79731081759064,17.45164136822883,124,24,T
8.050181010816075,17.798781601623986,125,1,NT
35.10289536537864,15.715415000915527,125,2,NT
2.612207899037047,19.0450382232666,125,3,NT
61.18263101760958,19.451723445730337,125,4,T
22.264614070125624,18.59623908996582,125,5,NT
6.59477096852609,18.518474578857422,125,6,T
29.074874503439297,17.868036438031737,125,7,NT
6.939222945894146,20.6546573638916,125,8,NT
5.952166837766468,20.37469482421875,125,9,NT
1152.4716661673917,19.878338703604093,125,10,T
5.610383141142625,19.53146743774414,125,11,NT
140.4588935308742,19.473794162605504,125,12,NT
32.41400534793971,20.17866496337646,125,13,NT
453.7973108174152,17.451641368228817,125,24,T
2.269872129441358,17.645992279052734,126,1,NT
33.861962712078984,15.624308586120604,126,2,NT
9.933717806474878,19.87842559814453,126,3,NT
61.18263101760958,19.451723445730337,126,4,T
15.114870094526442,18.417825748377556,126,5,NT
6.594770966663445,18.518474578857422,126,6,T
44.70117806951413,18.069776193664772,126,7,NT
9.5941423302816,20.779102325439453,126,8,NT
5.952166837766468,20.37469482421875,126,9,NT
337.7625456281106,18.777796219969982,126,10,T
14.300408023289602,19.6787962037465,126,11,NT
120.72520481108582,19.321675074558716,126,12,NT
26.292740810540842,20.080994313753816,126,13,NT
492.83177794888127,17.52683405399722,126,24,T
2.269872129441358,17.645992279052734,127,1,NT
33.861962712078984,15.624308586120604,127,2,NT
9.933717806474878,19.87842559814453,127,3,NT
61.18263101760958,19.451723445730337,127,4,T
15.114870094526442,18.417825748377556,127,5,NT
6.594770966663445,18.518474578857422,127,6,T
44.70117806951413,18.069776193664772,127,7,NT
9.5941423302816,20.779102325439453,127,8,NT
5.952166837766468,20.37469482421875,127,9,NT
337.7625456281106,18.777796219969982,127,10,T
14.300408023289602,19.6787962037465,127,11,NT
120.72520481108582,19.321675074558716,127,12,NT
26.292740810540842,20.080994313753816,127,13,NT
492.83177794888127,17.52683405399722,127,24,T
8.050181010816075,17.798781601623986,128,1,NT
35.10289536537864,15.715415000915527,128,2,NT
2.612207899037047,19.0450382232666,128,3,NT
61.18263101760958,19.451723445730337,128,4,T
22.264614070125624,18.59623908996582,128,5,NT
6.59477096852609,18.518474578857422,128,6,T
29.074874503439297,17.868036438031737,128,7,NT
6.939222945894146,20.6546573638916,128,8,NT
5.952166837766468,20.37469482421875,128,9,NT
1152.4716661673917,19.878338703604093,128,10,T
5.610383141142625,19.53146743774414,128,11,NT
140.4588935308742,19.473794162605504,128,12,NT
32.41400534793971,20.17866496337646,128,13,NT
453.7973108174152,17.451641368228817,128,24,T
8.050181010816075,17.798781601623986,129,1,NT
35.10289536537864,15.715415000915527,129,2,NT
2.612207899037047,19.0450382232666,129,3,NT
61.18263101760958,19.451723445730337,129,4,T
21.109288355797823,18.563661575317383,129,5,NT
6.594770966663445,18.518474578857422,129,6,T
29.074874503857814,17.868036438035105,129,7,NT
6.939222945941824,20.6546573638916,129,8,NT
5.952166837766468,20.37469482421875,129,9,NT
1152.47166616751,19.878338703604093,129,10,T
5.610383140068938,19.53146743774414,129,11,NT
140.4588935308742,19.473794162605504,129,12,NT
32.41400534803617,20.17866496337668,129,13,NT
453.79731081759064,17.45164136822883,129,24,T
2.269872129441358,17.645992279052734,13,1,NT
32.91973428019048,15.553466796874998,13,2,NT
4.796013046557503,19.43336296081543,13,3,NT
61.182631017637014,19.4517234457297,13,4,T
15.114870094526442,18.417825748377556,13,5,NT
6.59477096852609,18.518474578857422,13,6,T
29.074874503439297,17.868036438031737,13,7,NT
3.040886681663435,20.611682891845703,13,8,NT
3.853784611109345,20.402389526367188,13,9,NT
337.7625456281106,18.777796219969982,13,10,T
14.300408023289602,19.6787962037465,13,11,NT
120.72520481108582,19.321675074558716,13,12,NT
32.41400534803617,20.17866496337668,13,13,NT
492.83177794888127,17.52683405399722,13,24,T
2.269872129441358,17.645992279052734,130,1,NT
39.2990157402008,16.005630493164062,130,2,NT
4.796013046557503,19.43336296081543,130,3,NT
44.23190409515364,19.15036530046432,130,4,T
11.304625015712773,18.342720702842957,130,5,NT
2.226700621392459,18.345083236694336,130,6,T
36.738536180985115,17.976254608579833,130,7,NT
9.5941423302816,20.779102325439453,130,8,NT
5.952166837766468,20.37469482421875,130,9,NT
1223.319049135483,19.913228555800696,130,10,T
19.48054819773863,19.73765088833338,130,11,NT
140.4588935308742,19.473794162605504,130,12,NT
15.886712693821494,19.881384296727074,130,13,NT
538.1216234222001,17.60817094633318,130,24,T
3.682662731527207,17.709592819213867,131,1,NT
46.063252450372325,16.37492759044674,131,2,NT
4.796013046557503,19.43336296081543,131,3,NT
44.23190409492081,19.150365300460194,131,4,T
11.304625015712773,18.342720702842957,131,5,NT
2.226700621392459,18.345083236694336,131,6,T
36.738536180985115,17.976254608579833,131,7,NT
9.5941423302816,20.779102325439453,131,8,NT
5.952166837766468,20.37469482421875,131,9,NT
1223.3190491359721,19.9132285558007,131,10,T
19.480548195875986,19.737650888334453,131,11,NT
140.4588935308742,19.473794162605504,131,12,NT
15.886712693821494,19.881384296727074,131,13,NT
538.1216234222001,17.60817094633318,131,24,T
2.269872129441358,17.645992279052734,132,1,NT
32.91973428019048,15.553466796874998,132,2,NT
4.796013046557503,19.43336296081543,132,3,NT
61.18263101760958,19.451723445730337,132,4,T
15.114870096389087,18.41782574837643,132,5,NT
6.59477096852609,18.518474578857422,132,6,T
29.07487450437062,17.868036438038875,132,7,NT
3.040886681663435,20.611682891845703,132,8,NT
3.853784611109345,20.402389526367188,132,9,NT
337.76254562997326,18.777796219974416,132,10,T
14.300408023289602,19.6787962037465,132,11,NT
120.72520481088654,19.321675074559167,132,12,NT
32.41400534793971,20.17866496337646,132,13,NT
492.83177794969777,17.526834053997263,132,24,T
2.269872129441358,17.645992279052734,14,1,NT
39.2990157402008,16.005630493164062,14,2,NT
4.796013046557503,19.43336296081543,14,3,NT
44.23190409515364,19.15036530046432,14,4,T
11.304625015712773,18.342720702842957,14,5,NT
2.226700621392459,18.345083236694336,14,6,T
36.738536180985115,17.976254608579833,14,7,NT
9.5941423302816,20.779102325439453,14,8,NT
5.952166837766468,20.37469482421875,14,9,NT
1223.319049135483,19.913228555800696,14,10,T
19.48054819773863,19.73765088833338,14,11,NT
140.4588935308742,19.473794162605504,14,12,NT
15.886712693821494,19.881384296727074,14,13,NT
538.1216234222001,17.60817094633318,14,24,T
3.68266273245853,17.709592819213867,15,1,NT
46.06325245078377,16.374927590445683,15,2,NT
4.796013046557503,19.43336296081543,15,3,NT
44.23190409492081,19.150365300460194,15,4,T
11.304625015712773,18.342720702842957,15,5,NT
2.226700621392459,18.345083236694336,15,6,T
36.73853618191644,17.976254608584,15,7,NT
9.5941423302816,20.779102325439453,15,8,NT
5.952166837766468,20.37469482421875,15,9,NT
1223.3190491359721,19.9132285558007,15,10,T
19.480548195875986,19.737650888334453,15,11,NT
140.4588935308742,19.473794162605504,15,12,NT
15.886712693821494,19.881384296727074,15,13,NT
538.1216234214235,17.608170946333143,15,24,T
2.269872129441358,17.645992279052734,16,1,NT
39.2990157402008,16.005630493164062,16,2,NT
4.796013046557503,19.43336296081543,16,3,NT
44.23190409515364,19.15036530046432,16,4,T
11.304625015712773,18.342720702842957,16,5,NT
2.226700621392459,18.345083236694336,16,6,T
36.738536180985115,17.976254608579833,16,7,NT
9.5941423302816,20.779102325439453,16,8,NT
5.952166837766468,20.37469482421875,16,9,NT
1223.319049135483,19.913228555800696,16,10,T
19.48054819773863,19.73765088833338,16,11,NT
140.4588935308742,19.473794162605504,16,12,NT
15.886712693821494,19.881384296727074,16,13,NT
538.1216234222001,17.60817094633318,16,24,T
3.68266273245853,17.709592819213867,17,1,NT
46.06325245078377,16.374927590445683,17,2,NT
4.796013046557503,19.43336296081543,17,3,NT
44.23190409492081,19.150365300460194,17,4,T
11.304625015712773,18.342720702842957,17,5,NT
2.226700621392459,18.345083236694336,17,6,T
36.73853618191644,17.976254608584,17,7,NT
9.5941423302816,20.779102325439453,17,8,NT
5.952166837766468,20.37469482421875,17,9,NT
1223.3190491359721,19.9132285558007,17,10,T
19.480548195875986,19.737650888334453,17,11,NT
140.4588935308742,19.473794162605504,17,12,NT
15.886712693821494,19.881384296727074,17,13,NT
538.1216234214235,17.608170946333143,17,24,T
2.269872129441358,17.645992279052734,18,1,NT
32.91973428019048,15.553466796874998,18,2,NT
4.02555054883794,19.324785232543945,18,3,NT
61.18263101760958,19.451723445730337,18,4,T
15.114870094526442,18.417825748377556,18,5,NT
6.594770966663445,18.518474578857422,18,6,T
29.07487450437062,17.868036438038875,18,7,NT
3.040886681663435,20.611682891845703,18,8,NT
3.853784611109345,20.402389526367188,18,9,NT
337.7625456281106,18.777796219969982,18,10,T
14.300408023570004,19.67879620374639,18,11,NT
120.72520481088654,19.321675074559167,18,12,NT
32.41400534793971,20.17866496337646,18,13,NT
492.83177794883613,17.52683405399722,18,24,T
2.269872129441358,17.645992279052734,19,1,NT
35.10289536537864,15.715415000915527,19,2,NT
2.612207899037047,19.0450382232666,19,3,NT
65.2930524163688,19.517922456579033,19,4,T
25.646824407789566,18.70216178894043,19,5,NT
6.59477096852609,18.518474578857422,19,6,T
44.70117806955652,18.069776193664612,19,7,NT
6.939222945941824,20.6546573638916,19,8,NT
6.594310923140197,20.47443771362305,19,9,NT
340.28831852989924,18.785348407554185,19,10,T
19.48054819773863,19.73765088833338,19,11,NT
140.4588935308742,19.473794162605504,19,12,NT
15.886712693355832,19.881384296731298,19,13,NT
492.83177794888127,17.52683405399722,19,24,T
2.269872129441358,17.645992279052734,2,1,NT
33.861962712078984,15.624308586120604,2,2,NT
9.933717806474878,19.87842559814453,2,3,NT
61.18263101760958,19.451723445730337,2,4,T
15.114870094526442,18.417825748377556,2,5,NT
6.594770966663445,18.518474578857422,2,6,T
44.70117806951413,18.069776193664772,2,7,NT
9.5941423302816,20.779102325439453,2,8,NT
5.952166837766468,20.37469482421875,2,9,NT
337.76254562997326,18.777796219974416,2,10,T
14.300408023289602,19.6787962037465,2,11,NT
140.4588935308742,19.473794162605504,2,12,NT
26.292740810540842,20.080994313753816,2,13,NT
492.83177794969777,17.526834053997263,2,24,T
2.269872129441358,17.645992279052734,20,1,NT
35.10289536537864,15.715415000915527,20,2,NT
2.612207899037047,19.0450382232666,20,3,NT
65.29305241730012,19.517922456588682,20,4,T
25.646824407789566,18.70216178894043,20,5,NT
6.59477096852609,18.518474578857422,20,6,T
44.70117806955652,18.069776193664612,20,7,NT
6.939222945894146,20.6546573638916,20,8,NT
6.594310923140197,20.47443771362305,20,9,NT
340.28831852989924,18.785348407554185,20,10,T
19.480548195875986,19.737650888334453,20,11,NT
140.4588935305736,19.47379416260489,20,12,NT
15.886712693355832,19.881384296731298,20,13,NT
492.83177794969777,17.526834053997263,20,24,T
37.157738052019226,15.86164665222168,21,2,NT
9.933717806474878,19.87842559814453,21,3,NT
61.18263101760958,19.451723445730337,21,4,T
31.81227258173665,18.894725799560547,21,5,NT
6.594770966663445,18.518474578857422,21,6,T
44.70117806951413,18.069776193664772,21,7,NT
6.939222945894146,20.6546573638916,21,8,NT
3.468645370458885,20.31422233581543,21,9,NT
7042.102874162186,20.459613178337964,21,10,T
19.48054819773863,19.73765088833338,21,11,NT
182.8861511673328,19.713617724353217,21,12,NT
10.834798902972086,19.759231099233347,21,13,NT
538.1216234222001,17.60817094633318,21,24,T
37.157738052019226,15.86164665222168,22,2,NT
9.933717806474878,19.87842559814453,22,3,NT
61.18263101760958,19.451723445730337,22,4,T
31.81227258173665,18.894725799560547,22,5,NT
6.594770966663445,18.518474578857422,22,6,T
44.70117806951413,18.069776193664772,22,7,NT
6.939222945894146,20.6546573638916,22,8,NT
3.468645370458885,20.31422233581543,22,9,NT
7042.102874162186,20.459613178337964,22,10,T
19.48054819773863,19.73765088833338,22,11,NT
182.8861511673328,19.713617724353217,22,12,NT
10.834798902972086,19.759231099233347,22,13,NT
538.1216234222001,17.60817094633318,22,24,T
2.269872129441358,17.645992279052734,23,1,NT
35.10289536537864,15.715415000915527,23,2,NT
2.612207899037047,19.0450382232666,23,3,NT
65.29305241730012,19.517922456588682,23,4,T
25.646824407789566,18.70216178894043,23,5,NT
6.59477096852609,18.518474578857422,23,6,T
44.70117806955652,18.069776193664612,23,7,NT
6.939222945894146,20.6546573638916,23,8,NT
6.594310923140197,20.47443771362305,23,9,NT
340.28831852989924,18.785348407554185,23,10,T
19.480548195875986,19.737650888334453,23,11,NT
140.4588935305736,19.47379416260489,23,12,NT
15.886712693355832,19.881384296731298,23,13,NT
492.83177794969777,17.526834053997263,23,24,T
2.269872129441358,17.645992279052734,24,1,NT
35.10289536537864,15.715415000915527,24,2,NT
2.612207899037047,19.0450382232666,24,3,NT
65.2930524163688,19.517922456579033,24,4,T
25.646824407789566,18.70216178894043,24,5,NT
6.59477096852609,18.518474578857422,24,6,T
44.70117806955652,18.069776193664612,24,7,NT
6.939222945941824,20.6546573638916,24,8,NT
6.594310923140197,20.47443771362305,24,9,NT
340.28831852989924,18.785348407554185,24,10,T
19.48054819773863,19.73765088833338,24,11,NT
140.4588935308742,19.473794162605504,24,12,NT
15.886712693355832,19.881384296731298,24,13,NT
492.83177794888127,17.52683405399722,24,24,T
2.269872129441358,17.645992279052734,25,1,NT
37.157738052019226,15.86164665222168,25,2,NT
9.933717806474878,19.87842559814453,25,3,NT
61.18263101760958,19.451723445730337,25,4,T
31.81227258173665,18.894725799560547,25,5,NT
6.594770966663445,18.518474578857422,25,6,T
44.70117806951413,18.069776193664772,25,7,NT
6.93922294589945,20.6546573638916,25,8,NT
3.468645370458885,20.31422233581543,25,9,NT
7042.102874162071,20.459613178337964,25,10,T
19.480548195875986,19.737650888334453,25,11,NT
182.886151167318,19.713617724353245,25,12,NT
10.834798902972086,19.759231099233347,25,13,NT
538.1216234222001,17.60817094633318,25,24,T
2.269872129441358,17.645992279052734,26,1,NT
35.10289536537864,15.715415000915527,26,2,NT
2.612207899037047,19.0450382232666,26,3,NT
65.2930524163688,19.517922456579033,26,4,T
25.646824407789566,18.70216178894043,26,5,NT
6.59477096852609,18.518474578857422,26,6,T
44.70117806955652,18.069776193664612,26,7,NT
6.939222945941824,20.6546573638916,26,8,NT
6.594310923140197,20.47443771362305,26,9,NT
340.28831852989924,18.785348407554185,26,10,T
19.48054819773863,19.73765088833338,26,11,NT
140.4588935308742,19.473794162605504,26,12,NT
15.886712693355832,19.881384296731298,26,13,NT
492.83177794888127,17.52683405399722,26,24,T
2.269872129441358,17.645992279052734,27,1,NT
35.10289536537864,15.715415000915527,27,2,NT
2.612207899037047,19.0450382232666,27,3,NT
65.29305241730012,19.517922456588682,27,4,T
25.646824407789566,18.70216178894043,27,5,NT
6.59477096852609,18.518474578857422,27,6,T
44.70117806955652,18.069776193664612,27,7,NT
6.939222945894146,20.6546573638916,27,8,NT
6.594310923140197,20.47443771362305,27,9,NT
340.28831852989924,18.785348407554185,27,10,T
19.480548195875986,19.737650888334453,27,11,NT
140.4588935305736,19.47379416260489,27,12,NT
15.886712693355832,19.881384296731298,27,13,NT
492.83177794969777,17.526834053997263,27,24,T
2.269872129441358,17.645992279052734,28,1,NT
33.861962712078984,15.624308586120604,28,2,NT
9.933717806474878,19.87842559814453,28,3,NT
61.18263101760958,19.451723445730337,28,4,T
15.114870094526442,18.417825748377556,28,5,NT
6.594770966663445,18.518474578857422,28,6,T
44.70117806951413,18.069776193664772,28,7,NT
9.5941423302816,20.779102325439453,28,8,NT
5.952166837766468,20.37469482421875,28,9,NT
337.7625456281106,18.777796219969982,28,10,T
14.300408023289602,19.6787962037465,28,11,NT
120.72520481108582,19.321675074558716,28,12,NT
26.292740810540842,20.080994313753816,28,13,NT
492.83177794888127,17.52683405399722,28,24,T
33.861962712078984,15.624308586120604,29,2,NT
9.933717806474878,19.87842559814453,29,3,NT
61.18263101760958,19.451723445730337,29,4,T
15.114870094526442,18.417825748377556,29,5,NT
6.594770966663445,18.518474578857422,29,6,T
44.701178069402374,18.06977619366444,29,7,NT
6.939222945894146,20.6546573638916,29,8,NT
5.952166837766468,20.37469482421875,29,9,NT
337.7625456281106,18.777796219969982,29,10,T
14.300408023289602,19.6787962037465,29,11,NT
140.4588935308742,19.473794162605504,29,12,NT
26.292740810540842,20.080994313753816,29,13,NT
492.83177794888127,17.52683405399722,29,24,T
8.050181010816075,17.798781601623986,3,1,NT
35.10289536537864,15.715415000915527,3,2,NT
2.612207899037047,19.0450382232666,3,3,NT
61.182631017637014,19.4517234457297,3,4,T
22.264614070125624,18.59623908996582,3,5,NT
6.59477096852609,18.518474578857422,3,6,T
29.074874503439297,17.868036438031737,3,7,NT
6.939222945894146,20.6546573638916,3,8,NT
5.952166837766468,20.37469482421875,3,9,NT
1152.47166616748,19.878338703604065,3,10,T
5.610383140068938,19.53146743774414,3,11,NT
140.4588935308742,19.473794162605504,3,12,NT
32.41400534793971,20.17866496337646,3,13,NT
453.79731081780784,17.451641368228845,3,24,T
8.050181010816075,17.798781601623986,30,1,NT
35.10289536537864,15.715415000915527,30,2,NT
2.612207899037047,19.0450382232666,30,3,NT
61.18263101760958,19.451723445730337,30,4,T
21.109288355797823,18.563661575317383,30,5,NT
6.594770966663445,18.518474578857422,30,6,T
29.074874503857814,17.868036438035105,30,7,NT
6.939222945941824,20.6546573638916,30,8,NT
5.952166837766468,20.37469482421875,30,9,NT
1152.47166616751,19.878338703604093,30,10,T
5.610383140068938,19.53146743774414,30,11,NT
140.4588935308742,19.473794162605504,30,12,NT
32.41400534803617,20.17866496337668,30,13,NT
453.79731081759064,17.45164136822883,30,24,T
33.861962712078984,15.624308586120604,31,2,NT
9.933717806474878,19.87842559814453,31,3,NT
61.18263101760958,19.451723445730337,31,4,T
15.114870094526442,18.417825748377556,31,5,NT
6.594770966663445,18.518474578857422,31,6,T
44.701178069402374,18.06977619366444,31,7,NT
6.939222945894146,20.6546573638916,31,8,NT
5.952166837766468,20.37469482421875,31,9,NT
337.7625456281106,18.777796219969982,31,10,T
14.300408023289602,19.6787962037465,31,11,NT
140.4588935308742,19.473794162605504,31,12,NT
26.292740810540842,20.080994313753816,31,13,NT
492.83177794888127,17.52683405399722,31,24,T
2.269872129441358,17.645992279052734,32,1,NT
33.861962712078984,15.624308586120604,32,2,NT
9.933717806474878,19.87842559814453,32,3,NT
61.18263101760958,19.451723445730337,32,4,T
15.114870094526442,18.417825748377556,32,5,NT
6.594770966663445,18.518474578857422,32,6,T
44.70117806951413,18.069776193664772,32,7,NT
9.5941423302816,20.779102325439453,32,8,NT
5.952166837766468,20.37469482421875,32,9,NT
337.7625456281106,18.777796219969982,32,10,T
14.300408023289602,19.6787962037465,32,11,NT
120.72520481108582,19.321675074558716,32,12,NT
26.292740810540842,20.080994313753816,32,13,NT
492.83177794888127,17.52683405399722,32,24,T
8.050181010816075,17.798781601623986,33,1,NT
35.10289536537864,15.715415000915527,33,2,NT
2.612207899037047,19.0450382232666,33,3,NT
61.18263101760958,19.451723445730337,33,4,T
22.264614070125624,18.59623908996582,33,5,NT
6.59477096852609,18.518474578857422,33,6,T
29.074874503439297,17.868036438031737,33,7,NT
6.939222945894146,20.6546573638916,33,8,NT
5.952166837766468,20.37469482421875,33,9,NT
1152.4716661673917,19.878338703604093,33,10,T
5.610383141142625,19.53146743774414,33,11,NT
140.4588935308742,19.473794162605504,33,12,NT
32.41400534793971,20.17866496337646,33,13,NT
453.7973108174152,17.451641368228817,33,24,T
2.269872129441358,17.645992279052734,34,1,NT
37.157738052019226,15.86164665222168,34,2,NT
9.933717806474878,19.87842559814453,34,3,NT
61.18263101760958,19.451723445730337,34,4,T
31.81227258173665,18.894725799560547,34,5,NT
6.594770966663445,18.518474578857422,34,6,T
44.70117806951413,18.069776193664772,34,7,NT
6.93922294589945,20.6546573638916,34,8,NT
3.468645370458885,20.31422233581543,34,9,NT
7042.102874162071,20.459613178337964,34,10,T
19.480548195875986,19.737650888334453,34,11,NT
182.886151167318,19.713617724353245,34,12,NT
10.834798902972086,19.759231099233347,34,13,NT
538.1216234222001,17.60817094633318,34,24,T
2.269872129441358,17.645992279052734,35,1,NT
37.157738052019226,15.86164665222168,35,2,NT
9.933717806474878,19.87842559814453,35,3,NT
61.18263101760958,19.451723445730337,35,4,T
31.81227258173665,18.894725799560547,35,5,NT
6.594770966663445,18.518474578857422,35,6,T
44.70117806951413,18.069776193664772,35,7,NT
6.93922294589945,20.6546573638916,35,8,NT
3.468645370458885,20.31422233581543,35,9,NT
7042.102874162071,20.459613178337964,35,10,T
19.480548195875986,19.737650888334453,35,11,NT
182.886151167318,19.713617724353245,35,12,NT
10.834798902972086,19.759231099233347,35,13,NT
538.1216234222001,17.60817094633318,35,24,T
2.269872129441358,17.645992279052734,36,1,NT
35.10289536537864,15.715415000915527,36,2,NT
2.612207899037047,19.0450382232666,36,3,NT
65.2930524163688,19.517922456579033,36,4,T
25.646824407789566,18.70216178894043,36,5,NT
6.59477096852609,18.518474578857422,36,6,T
44.70117806955652,18.069776193664612,36,7,NT
6.939222945941824,20.6546573638916,36,8,NT
6.594310923140197,20.47443771362305,36,9,NT
340.28831852989924,18.785348407554185,36,10,T
19.48054819773863,19.73765088833338,36,11,NT
140.4588935308742,19.473794162605504,36,12,NT
15.886712693355832,19.881384296731298,36,13,NT
492.83177794888127,17.52683405399722,36,24,T
2.269872129441358,17.645992279052734,37,1,NT
32.91973428019048,15.553466796874998,37,2,NT
4.796013046557503,19.43336296081543,37,3,NT
61.182631017637014,19.4517234457297,37,4,T
15.114870094526442,18.417825748377556,37,5,NT
6.59477096852609,18.518474578857422,37,6,T
29.074874503439297,17.868036438031737,37,7,NT
3.040886681663435,20.611682891845703,37,8,NT
3.853784611109345,20.402389526367188,37,9,NT
337.7625456281106,18.777796219969982,37,10,T
14.300408023289602,19.6787962037465,37,11,NT
120.72520481108582,19.321675074558716,37,12,NT
32.41400534803617,20.17866496337668,37,13,NT
492.83177794888127,17.52683405399722,37,24,T
2.269872129441358,17.645992279052734,38,1,NT
32.91973428019048,15.553466796874998,38,2,NT
4.02555054883794,19.324785232543945,38,3,NT
61.18263101760958,19.451723445730337,38,4,T
15.114870094526442,18.417825748377556,38,5,NT
6.594770966663445,18.518474578857422,38,6,T
29.07487450437062,17.868036438038875,38,7,NT
3.040886681663435,20.611682891845703,38,8,NT
3.853784611109345,20.402389526367188,38,9,NT
337.7625456281106,18.777796219969982,38,10,T
14.300408023570004,19.67879620374639,38,11,NT
120.72520481088654,19.321675074559167,38,12,NT
32.41400534793971,20.17866496337646,38,13,NT
492.83177794883613,17.52683405399722,38,24,T
3.68266273245853,17.709592819213867,39,1,NT
46.06325245078377,16.374927590445683,39,2,NT
4.796013046557503,19.43336296081543,39,3,NT
44.23190409492081,19.150365300460194,39,4,T
11.304625015712773,18.342720702842957,39,5,NT
2.226700621392459,18.345083236694336,39,6,T
36.73853618191644,17.976254608584,39,7,NT
9.5941423302816,20.779102325439453,39,8,NT
5.952166837766468,20.37469482421875,39,9,NT
1223.3190491359721,19.9132285558007,39,10,T
19.480548195875986,19.737650888334453,39,11,NT
140.4588935308742,19.473794162605504,39,12,NT
15.886712693821494,19.881384296727074,39,13,NT
538.1216234214235,17.608170946333143,39,24,T
2.269872129441358,17.645992279052734,4,1,NT
32.91973428019048,15.553466796874998,4,2,NT
4.02555054883794,19.324785232543945,4,3,NT
61.18263101760958,19.451723445730337,4,4,T
15.114870094526442,18.417825748377556,4,5,NT
6.594770966663445,18.518474578857422,4,6,T
29.07487450437062,17.868036438038875,4,7,NT
3.040886681663435,20.611682891845703,4,8,NT
3.853784611109345,20.402389526367188,4,9,NT
337.7625456281106,18.777796219969982,4,10,T
14.300408023570004,19.67879620374639,4,11,NT
120.72520481088654,19.321675074559167,4,12,NT
32.41400534793971,20.17866496337646,4,13,NT
492.83177794883613,17.52683405399722,4,24,T
2.269872129441358,17.645992279052734,40,1,NT
35.10289536537864,15.715415000915527,40,2,NT
2.612207899037047,19.0450382232666,40,3,NT
65.2930524163688,19.517922456579033,40,4,T
25.646824407789566,18.70216178894043,40,5,NT
6.59477096852609,18.518474578857422,40,6,T
44.70117806955652,18.069776193664612,40,7,NT
6.939222945941824,20.6546573638916,40,8,NT
6.594310923140197,20.47443771362305,40,9,NT
340.28831852989924,18.785348407554185,40,10,T
19.48054819773863,19.73765088833338,40,11,NT
140.4588935308742,19.473794162605504,40,12,NT
15.886712693355832,19.881384296731298,40,13,NT
492.83177794888127,17.52683405399722,40,24,T
2.269872129441358,17.645992279052734,41,1,NT
37.157738052019226,15.86164665222168,41,2,NT
9.933717806474878,19.87842559814453,41,3,NT
61.18263101760958,19.451723445730337,41,4,T
31.81227258173665,18.894725799560547,41,5,NT
6.594770966663445,18.518474578857422,41,6,T
44.70117806951413,18.069776193664772,41,7,NT
6.93922294589945,20.6546573638916,41,8,NT
3.468645370458885,20.31422233581543,41,9,NT
7042.102874162071,20.459613178337964,41,10,T
19.480548195875986,19.737650888334453,41,11,NT
182.886151167318,19.713617724353245,41,12,NT
10.834798902972086,19.759231099233347,41,13,NT
538.1216234222001,17.60817094633318,41,24,T
37.157738052019226,15.86164665222168,42,2,NT
9.933717806474878,19.87842559814453,42,3,NT
61.18263101760958,19.451723445730337,42,4,T
31.81227258173665,18.894725799560547,42,5,NT
6.594770966663445,18.518474578857422,42,6,T
44.70117806951413,18.069776193664772,42,7,NT
6.939222945894146,20.6546573638916,42,8,NT
3.468645370458885,20.31422233581543,42,9,NT
7042.102874162186,20.459613178337964,42,10,T
19.48054819773863,19.73765088833338,42,11,NT
182.8861511673328,19.713617724353217,42,12,NT
10.834798902972086,19.759231099233347,42,13,NT
538.1216234222001,17.60817094633318,42,24,T
2.269872129441358,17.645992279052734,43,1,NT
37.157738052019226,15.86164665222168,43,2,NT
9.933717806474878,19.87842559814453,43,3,NT
61.18263101760958,19.451723445730337,43,4,T
31.81227258173665,18.894725799560547,43,5,NT
6.594770966663445,18.518474578857422,43,6,T
44.70117806951413,18.069776193664772,43,7,NT
6.93922294589945,20.6546573638916,43,8,NT
3.468645370458885,20.31422233581543,43,9,NT
7042.102874162071,20.459613178337964,43,10,T
19.480548195875986,19.737650888334453,43,11,NT
182.886151167318,19.713617724353245,43,12,NT
10.834798902972086,19.759231099233347,43,13,NT
538.1216234222001,17.60817094633318,43,24,T
37.157738052019226,15.86164665222168,44,2,NT
9.933717806474878,19.87842559814453,44,3,NT
61.18263101760958,19.451723445730337,44,4,T
31.81227258173665,18.894725799560547,44,5,NT
6.594770966663445,18.518474578857422,44,6,T
44.70117806951413,18.069776193664772,44,7,NT
6.939222945894146,20.6546573638916,44,8,NT
3.468645370458885,20.31422233581543,44,9,NT
7042.102874162186,20.459613178337964,44,10,T
19.48054819773863,19.73765088833338,44,11,NT
182.8861511673328,19.713617724353217,44,12,NT
10.834798902972086,19.759231099233347,44,13,NT
538.1216234222001,17.60817094633318,44,24,T
2.269872129441358,17.645992279052734,45,1,NT
35.10289536537864,15.715415000915527,45,2,NT
2.612207899037047,19.0450382232666,45,3,NT
65.29305241730012,19.517922456588682,45,4,T
25.646824407789566,18.70216178894043,45,5,NT
6.59477096852609,18.518474578857422,45,6,T
44.70117806955652,18.069776193664612,45,7,NT
6.939222945894146,20.6546573638916,45,8,NT
6.594310923140197,20.47443771362305,45,9,NT
340.28831852989924,18.785348407554185,45,10,T
19.480548195875986,19.737650888334453,45,11,NT
140.4588935305736,19.47379416260489,45,12,NT
15.886712693355832,19.881384296731298,45,13,NT
492.83177794969777,17.526834053997263,45,24,T
2.269872129441358,17.645992279052734,46,1,NT
33.861962712078984,15.624308586120604,46,2,NT
9.933717806474878,19.87842559814453,46,3,NT
61.18263101760958,19.451723445730337,46,4,T
15.114870094526442,18.417825748377556,46,5,NT
17.983990872489336,18.629377365112305,46,6,T
44.70117806951413,18.069776193664772,46,7,NT
9.5941423302816,20.779102325439453,46,8,NT
5.952166837766468,20.37469482421875,46,9,NT
337.7625456281106,18.777796219969982,46,10,T
14.300408023289602,19.6787962037465,46,11,NT
120.72520481075775,19.321675074559455,46,12,NT
26.292740810540842,20.080994313753816,46,13,NT
492.83177794969777,17.526834053997263,46,24,T
8.050181010816075,17.798781601623986,47,1,NT
35.10289536537864,15.715415000915527,47,2,NT
2.612207899037047,19.0450382232666,47,3,NT
61.18263101670569,19.451723445733034,47,4,T
22.264614070125624,18.59623908996582,47,5,NT
6.59477096852609,18.518474578857422,47,6,T
29.074874503904958,17.868036438034746,47,7,NT
6.939222945894146,20.6546573638916,47,8,NT
5.952166837766468,20.37469482421875,47,9,NT
1152.4716661673917,19.878338703604093,47,10,T
5.610383141142625,19.53146743774414,47,11,NT
140.4588935308742,19.473794162605504,47,12,NT
32.41400534793971,20.17866496337646,47,13,NT
453.7973108174152,17.451641368228817,47,24,T
8.050181010816075,17.798781601623986,48,1,NT
35.10289536537864,15.715415000915527,48,2,NT
2.612207899037047,19.0450382232666,48,3,NT
61.182631017637014,19.4517234457297,48,4,T
22.264614070125624,18.59623908996582,48,5,NT
6.59477096852609,18.518474578857422,48,6,T
29.074874503439297,17.868036438031737,48,7,NT
6.939222945894146,20.6546573638916,48,8,NT
5.952166837766468,20.37469482421875,48,9,NT
1152.47166616748,19.878338703604065,48,10,T
5.610383140068938,19.53146743774414,48,11,NT
140.4588935308742,19.473794162605504,48,12,NT
32.41400534793971,20.17866496337646,48,13,NT
453.79731081780784,17.451641368228845,48,24,T
37.157738052019226,15.86164665222168,49,2,NT
9.933717806474878,19.87842559814453,49,3,NT
61.18263101760958,19.451723445730337,49,4,T
31.81227258173665,18.894725799560547,49,5,NT
6.594770966663445,18.518474578857422,49,6,T
44.70117806951413,18.069776193664772,49,7,NT
6.939222945894146,20.6546573638916,49,8,NT
3.468645370458885,20.31422233581543,49,9,NT
7042.102874162186,20.459613178337964,49,10,T
19.48054819773863,19.73765088833338,49,11,NT
182.8861511673328,19.713617724353217,49,12,NT
10.834798902972086,19.759231099233347,49,13,NT
538.1216234222001,17.60817094633318,49,24,T
3.68266273245853,17.709592819213867,5,1,NT
46.06325245078377,16.374927590445683,5,2,NT
4.796013046557503,19.43336296081543,5,3,NT
44.23190409492081,19.150365300460194,5,4,T
11.304625015712773,18.342720702842957,5,5,NT
2.226700621392459,18.345083236694336,5,6,T
36.73853618191644,17.976254608584,5,7,NT
9.5941423302816,20.779102325439453,5,8,NT
5.952166837766468,20.37469482421875,5,9,NT
1223.3190491359721,19.9132285558007,5,10,T
19.480548195875986,19.737650888334453,5,11,NT
140.4588935308742,19.473794162605504,5,12,NT
15.886712693821494,19.881384296727074,5,13,NT
538.1216234214235,17.608170946333143,5,24,T
2.269872129441358,17.645992279052734,50,1,NT
37.157738052019226,15.86164665222168,50,2,NT
9.933717806474878,19.87842559814453,50,3,NT
61.18263101760958,19.451723445730337,50,4,T
31.81227258173665,18.894725799560547,50,5,NT
6.594770966663445,18.518474578857422,50,6,T
44.70117806951413,18.069776193664772,50,7,NT
6.93922294589945,20.6546573638916,50,8,NT
3.468645370458885,20.31422233581543,50,9,NT
7042.102874162071,20.459613178337964,50,10,T
19.480548195875986,19.737650888334453,50,11,NT
182.886151167318,19.713617724353245,50,12,NT
10.834798902972086,19.759231099233347,50,13,NT
538.1216234222001,17.60817094633318,50,24,T
2.269872129441358,17.645992279052734,51,1,NT
35.10289536537864,15.715415000915527,51,2,NT
2.612207899037047,19.0450382232666,51,3,NT
65.2930524163688,19.517922456579033,51,4,T
25.646824407789566,18.70216178894043,51,5,NT
6.59477096852609,18.518474578857422,51,6,T
44.70117806955652,18.069776193664612,51,7,NT
6.939222945941824,20.6546573638916,51,8,NT
6.594310923140197,20.47443771362305,51,9,NT
340.28831852989924,18.785348407554185,51,10,T
19.48054819773863,19.73765088833338,51,11,NT
140.4588935308742,19.473794162605504,51,12,NT
15.886712693355832,19.881384296731298,51,13,NT
492.83177794888127,17.52683405399722,51,24,T
3.68266273245853,17.709592819213867,52,1,NT
46.06325245078377,16.374927590445683,52,2,NT
4.796013046557503,19.43336296081543,52,3,NT
44.23190409492081,19.150365300460194,52,4,T
11.304625015712773,18.342720702842957,52,5,NT
2.226700621392459,18.345083236694336,52,6,T
36.73853618191644,17.976254608584,52,7,NT
9.5941423302816,20.779102325439453,52,8,NT
5.952166837766468,20.37469482421875,52,9,NT
1223.3190491359721,19.9132285558007,52,10,T
19.480548195875986,19.737650888334453,52,11,NT
140.4588935308742,19.473794162605504,52,12,NT
15.886712693821494,19.881384296727074,52,13,NT
538.1216234214235,17.608170946333143,52,24,T
2.269872129441358,17.645992279052734,53,1,NT
32.91973428019048,15.553466796874998,53,2,NT
4.02555054883794,19.324785232543945,53,3,NT
61.18263101760958,19.451723445730337,53,4,T
15.114870094526442,18.417825748377556,53,5,NT
6.594770966663445,18.518474578857422,53,6,T
29.07487450437062,17.868036438038875,53,7,NT
3.040886681663435,20.611682891845703,53,8,NT
3.853784611109345,20.402389526367188,53,9,NT
337.7625456281106,18.777796219969982,53,10,T
14.300408023570004,19.67879620374639,53,11,NT
120.72520481088654,19.321675074559167,53,12,NT
32.41400534793971,20.17866496337646,53,13,NT
492.83177794883613,17.52683405399722,53,24,T
2.269872129441358,17.645992279052734,54,1,NT
32.91973428019048,15.553466796874998,54,2,NT
4.796013046557503,19.43336296081543,54,3,NT
61.182631017637014,19.4517234457297,54,4,T
15.114870094526442,18.417825748377556,54,5,NT
6.59477096852609,18.518474578857422,54,6,T
29.074874503439297,17.868036438031737,54,7,NT
3.040886681663435,20.611682891845703,54,8,NT
3.853784611109345,20.402389526367188,54,9,NT
337.7625456281106,18.777796219969982,54,10,T
14.300408023289602,19.6787962037465,54,11,NT
120.72520481108582,19.321675074558716,54,12,NT
32.41400534803617,20.17866496337668,54,13,NT
492.83177794888127,17.52683405399722,54,24,T
2.269872129441358,17.645992279052734,55,1,NT
32.91973428019048,15.553466796874998,55,2,NT
4.796013046557503,19.43336296081543,55,3,NT
61.182631017637014,19.4517234457297,55,4,T
15.114870094526442,18.417825748377556,55,5,NT
6.59477096852609,18.518474578857422,55,6,T
29.074874503439297,17.868036438031737,55,7,NT
3.040886681663435,20.611682891845703,55,8,NT
3.853784611109345,20.402389526367188,55,9,NT
337.7625456281106,18.777796219969982,55,10,T
14.300408023289602,19.6787962037465,55,11,NT
120.72520481108582,19.321675074558716,55,12,NT
32.41400534803617,20.17866496337668,55,13,NT
492.83177794888127,17.52683405399722,55,24,T
2.269872129441358,17.645992279052734,56,1,NT
32.91973428019048,15.553466796874998,56,2,NT
4.02555054883794,19.324785232543945,56,3,NT
61.18263101760958,19.451723445730337,56,4,T
15.114870094526442,18.417825748377556,56,5,NT
6.594770966663445,18.518474578857422,56,6,T
29.07487450437062,17.868036438038875,56,7,NT
3.040886681663435,20.611682891845703,56,8,NT
3.853784611109345,20.402389526367188,56,9,NT
337.7625456281106,18.777796219969982,56,10,T
14.300408023570004,19.67879620374639,56,11,NT
120.72520481088654,19.321675074559167,56,12,NT
32.41400534793971,20.17866496337646,56,13,NT
492.83177794883613,17.52683405399722,56,24,T
3.68266273245853,17.709592819213867,57,1,NT
46.06325245078377,16.374927590445683,57,2,NT
4.796013046557503,19.43336296081543,57,3,NT
44.23190409492081,19.150365300460194,57,4,T
11.304625015712773,18.342720702842957,57,5,NT
2.226700621392459,18.345083236694336,57,6,T
36.73853618191644,17.976254608584,57,7,NT
9.5941423302816,20.779102325439453,57,8,NT
5.952166837766468,20.37469482421875,57,9,NT
1223.3190491359721,19.9132285558007,57,10,T
19.480548195875986,19.737650888334453,57,11,NT
140.4588935308742,19.473794162605504,57,12,NT
15.886712693821494,19.881384296727074,57,13,NT
538.1216234214235,17.608170946333143,57,24,T
2.269872129441358,17.645992279052734,58,1,NT
37.157738052019226,15.86164665222168,58,2,NT
9.933717806474878,19.87842559814453,58,3,NT
61.18263101760958,19.451723445730337,58,4,T
31.81227258173665,18.894725799560547,58,5,NT
6.594770966663445,18.518474578857422,58,6,T
44.70117806951413,18.069776193664772,58,7,NT
6.93922294589945,20.6546573638916,58,8,NT
3.468645370458885,20.31422233581543,58,9,NT
7042.102874162071,20.459613178337964,58,10,T
19.480548195875986,19.737650888334453,58,11,NT
182.886151167318,19.713617724353245,58,12,NT
10.834798902972086,19.759231099233347,58,13,NT
538.1216234222001,17.60817094633318,58,24,T
2.269872129441358,17.645992279052734,59,1,NT
37.157738052019226,15.86164665222168,59,2,NT
9.933717806474878,19.87842559814453,59,3,NT
61.18263101760958,19.451723445730337,59,4,T
31.81227258173665,18.894725799560547,59,5,NT
6.594770966663445,18.518474578857422,59,6,T
44.70117806951413,18.069776193664772,59,7,NT
6.93922294589945,20.6546573638916,59,8,NT
3.468645370458885,20.31422233581543,59,9,NT
7042.102874162071,20.459613178337964,59,10,T
19.480548195875986,19.737650888334453,59,11,NT
182.886151167318,19.713617724353245,59,12,NT
10.834798902972086,19.759231099233347,59,13,NT
538.1216234222001,17.60817094633318,59,24,T
2.269872129441358,17.645992279052734,6,1,NT
39.2990157402008,16.005630493164062,6,2,NT
4.796013046557503,19.43336296081543,6,3,NT
44.23190409515364,19.15036530046432,6,4,T
11.304625015712773,18.342720702842957,6,5,NT
2.226700621392459,18.345083236694336,6,6,T
36.738536180985115,17.976254608579833,6,7,NT
9.5941423302816,20.779102325439453,6,8,NT
5.952166837766468,20.37469482421875,6,9,NT
1223.319049135483,19.913228555800696,6,10,T
19.48054819773863,19.73765088833338,6,11,NT
140.4588935308742,19.473794162605504,6,12,NT
15.886712693821494,19.881384296727074,6,13,NT
538.1216234222001,17.60817094633318,6,24,T
2.269872129441358,17.645992279052734,60,1,NT
35.10289536537864,15.715415000915527,60,2,NT
2.612207899037047,19.0450382232666,60,3,NT
65.29305241730012,19.517922456588682,60,4,T
25.646824407789566,18.70216178894043,60,5,NT
6.59477096852609,18.518474578857422,60,6,T
44.70117806955652,18.069776193664612,60,7,NT
6.939222945894146,20.6546573638916,60,8,NT
6.594310923140197,20.47443771362305,60,9,NT
340.28831852989924,18.785348407554185,60,10,T
19.480548195875986,19.737650888334453,60,11,NT
140.4588935305736,19.47379416260489,60,12,NT
15.886712693355832,19.881384296731298,60,13,NT
492.83177794969777,17.526834053997263,60,24,T
2.269872129441358,17.645992279052734,61,1,NT
39.2990157402008,16.005630493164062,61,2,NT
4.796013046557503,19.43336296081543,61,3,NT
44.23190409515364,19.15036530046432,61,4,T
11.304625015712773,18.342720702842957,61,5,NT
2.226700621392459,18.345083236694336,61,6,T
36.738536180985115,17.976254608579833,61,7,NT
9.5941423302816,20.779102325439453,61,8,NT
5.952166837766468,20.37469482421875,61,9,NT
1223.319049135483,19.913228555800696,61,10,T
19.48054819773863,19.73765088833338,61,11,NT
140.4588935308742,19.473794162605504,61,12,NT
15.886712693821494,19.881384296727074,61,13,NT
538.1216234222001,17.60817094633318,61,24,T
32.91973428019048,15.553466796874998,62,2,NT
4.796013046557503,19.43336296081543,62,3,NT
61.18263101760958,19.451723445730337,62,4,T
15.114870094526442,18.417825748377556,62,5,NT
6.594770966663445,18.518474578857422,62,6,T
29.074874503857814,17.868036438035105,62,7,NT
3.040886681663435,20.611682891845703,62,8,NT
3.853784611109345,20.402389526367188,62,9,NT
337.7625456281106,18.777796219969982,62,10,T
14.300408023570004,19.67879620374639,62,11,NT
120.72520481088654,19.321675074559167,62,12,NT
32.41400534793971,20.17866496337646,62,13,NT
492.83177794888127,17.52683405399722,62,24,T
2.269872129441358,17.645992279052734,63,1,NT
32.91973428019048,15.553466796874998,63,2,NT
4.796013046557503,19.43336296081543,63,3,NT
61.18263101760958,19.451723445730337,63,4,T
15.114870096389087,18.41782574837643,63,5,NT
6.59477096852609,18.518474578857422,63,6,T
29.07487450437062,17.868036438038875,63,7,NT
3.040886681663435,20.611682891845703,63,8,NT
3.853784611109345,20.402389526367188,63,9,NT
337.76254562997326,18.777796219974416,63,10,T
14.300408023289602,19.6787962037465,63,11,NT
120.72520481088654,19.321675074559167,63,12,NT
32.41400534793971,20.17866496337646,63,13,NT
492.83177794969777,17.526834053997263,63,24,T
2.269872129441358,17.645992279052734,64,1,NT
35.10289536537864,15.715415000915527,64,2,NT
2.612207899037047,19.0450382232666,64,3,NT
65.29305241730012,19.517922456588682,64,4,T
25.646824407789566,18.70216178894043,64,5,NT
6.59477096852609,18.518474578857422,64,6,T
44.70117806955652,18.069776193664612,64,7,NT
6.939222945894146,20.6546573638916,64,8,NT
6.594310923140197,20.47443771362305,64,9,NT
340.28831852989924,18.785348407554185,64,10,T
19.480548195875986,19.737650888334453,64,11,NT
140.4588935305736,19.47379416260489,64,12,NT
15.886712693355832,19.881384296731298,64,13,NT
492.83177794969777,17.526834053997263,64,24,T
37.157738052019226,15.86164665222168,65,2,NT
9.933717806474878,19.87842559814453,65,3,NT
61.18263101760958,19.451723445730337,65,4,T
31.81227258173665,18.894725799560547,65,5,NT
6.594770966663445,18.518474578857422,65,6,T
44.70117806951413,18.069776193664772,65,7,NT
6.939222945894146,20.6546573638916,65,8,NT
3.468645370458885,20.31422233581543,65,9,NT
7042.102874162186,20.459613178337964,65,10,T
19.48054819773863,19.73765088833338,65,11,NT
182.8861511673328,19.713617724353217,65,12,NT
10.834798902972086,19.759231099233347,65,13,NT
538.1216234222001,17.60817094633318,65,24,T
2.269872129441358,17.645992279052734,66,1,NT
37.157738052019226,15.86164665222168,66,2,NT
9.933717806474878,19.87842559814453,66,3,NT
61.18263101760958,19.451723445730337,66,4,T
31.81227258173665,18.894725799560547,66,5,NT
6.594770966663445,18.518474578857422,66,6,T
44.70117806951413,18.069776193664772,66,7,NT
6.93922294589945,20.6546573638916,66,8,NT
3.468645370458885,20.31422233581543,66,9,NT
7042.102874162071,20.459613178337964,66,10,T
19.480548195875986,19.737650888334453,66,11,NT
182.886151167318,19.713617724353245,66,12,NT
10.834798902972086,19.759231099233347,66,13,NT
538.1216234222001,17.60817094633318,66,24,T
2.269872129441358,17.645992279052734,67,1,NT
35.10289536537864,15.715415000915527,67,2,NT
2.612207899037047,19.0450382232666,67,3,NT
65.29305241730012,19.517922456588682,67,4,T
25.646824407789566,18.70216178894043,67,5,NT
6.59477096852609,18.518474578857422,67,6,T
44.70117806955652,18.069776193664612,67,7,NT
6.939222945894146,20.6546573638916,67,8,NT
6.594310923140197,20.47443771362305,67,9,NT
340.28831852989924,18.785348407554185,67,10,T
19.480548195875986,19.737650888334453,67,11,NT
140.4588935305736,19.47379416260489,67,12,NT
15.886712693355832,19.881384296731298,67,13,NT
492.83177794969777,17.526834053997263,67,24,T
2.269872129441358,17.645992279052734,68,1,NT
35.10289536537864,15.715415000915527,68,2,NT
2.612207899037047,19.0450382232666,68,3,NT
65.2930524163688,19.517922456579033,68,4,T
25.646824407789566,18.70216178894043,68,5,NT
6.59477096852609,18.518474578857422,68,6,T
44.70117806955652,18.069776193664612,68,7,NT
6.939222945941824,20.6546573638916,68,8,NT
6.594310923140197,20.47443771362305,68,9,NT
340.28831852989924,18.785348407554185,68,10,T
19.48054819773863,19.73765088833338,68,11,NT
140.4588935308742,19.473794162605504,68,12,NT
15.886712693355832,19.881384296731298,68,13,NT
492.83177794888127,17.52683405399722,68,24,T
2.269872129441358,17.645992279052734,69,1,NT
37.157738052019226,15.86164665222168,69,2,NT
9.933717806474878,19.87842559814453,69,3,NT
61.18263101760958,19.451723445730337,69,4,T
31.81227258173665,18.894725799560547,69,5,NT
6.594770966663445,18.518474578857422,69,6,T
44.70117806951413,18.069776193664772,69,7,NT
6.93922294589945,20.6546573638916,69,8,NT
3.468645370458885,20.31422233581543,69,9,NT
7042.102874162071,20.459613178337964,69,10,T
19.480548195875986,19.737650888334453,69,11,NT
182.886151167318,19.713617724353245,69,12,NT
10.834798902972086,19.759231099233347,69,13,NT
538.1216234222001,17.60817094633318,69,24,T
2.269872129441358,17.645992279052734,7,1,NT
39.2990157402008,16.005630493164062,7,2,NT
4.796013046557503,19.43336296081543,7,3,NT
44.23190409515364,19.15036530046432,7,4,T
11.304625015712773,18.342720702842957,7,5,NT
2.226700621392459,18.345083236694336,7,6,T
36.738536180985115,17.976254608579833,7,7,NT
9.5941423302816,20.779102325439453,7,8,NT
5.952166837766468,20.37469482421875,7,9,NT
1223.319049135483,19.913228555800696,7,10,T
19.48054819773863,19.73765088833338,7,11,NT
140.4588935308742,19.473794162605504,7,12,NT
15.886712693821494,19.881384296727074,7,13,NT
538.1216234222001,17.60817094633318,7,24,T
2.269872129441358,17.645992279052734,70,1,NT
35.10289536537864,15.715415000915527,70,2,NT
2.612207899037047,19.0450382232666,70,3,NT
65.29305241730012,19.517922456588682,70,4,T
25.646824407789566,18.70216178894043,70,5,NT
6.59477096852609,18.518474578857422,70,6,T
44.70117806955652,18.069776193664612,70,7,NT
6.939222945894146,20.6546573638916,70,8,NT
6.594310923140197,20.47443771362305,70,9,NT
340.28831852989924,18.785348407554185,70,10,T
19.480548195875986,19.737650888334453,70,11,NT
140.4588935305736,19.47379416260489,70,12,NT
15.886712693355832,19.881384296731298,70,13,NT
492.83177794969777,17.526834053997263,70,24,T
2.269872129441358,17.645992279052734,71,1,NT
37.157738052019226,15.86164665222168,71,2,NT
9.933717806474878,19.87842559814453,71,3,NT
61.18263101760958,19.451723445730337,71,4,T
31.81227258173665,18.894725799560547,71,5,NT
6.594770966663445,18.518474578857422,71,6,T
44.70117806951413,18.069776193664772,71,7,NT
6.93922294589945,20.6546573638916,71,8,NT
3.468645370458885,20.31422233581543,71,9,NT
7042.102874162071,20.459613178337964,71,10,T
19.480548195875986,19.737650888334453,71,11,NT
182.886151167318,19.713617724353245,71,12,NT
10.834798902972086,19.759231099233347,71,13,NT
538.1216234222001,17.60817094633318,71,24,T
2.269872129441358,17.645992279052734,72,1,NT
37.157738052019226,15.86164665222168,72,2,NT
9.933717806474878,19.87842559814453,72,3,NT
61.18263101760958,19.451723445730337,72,4,T
31.81227258173665,18.894725799560547,72,5,NT
6.594770966663445,18.518474578857422,72,6,T
44.70117806951413,18.069776193664772,72,7,NT
6.93922294589945,20.6546573638916,72,8,NT
3.468645370458885,20.31422233581543,72,9,NT
7042.102874162071,20.459613178337964,72,10,T
19.480548195875986,19.737650888334453,72,11,NT
182.886151167318,19.713617724353245,72,12,NT
10.834798902972086,19.759231099233347,72,13,NT
538.1216234222001,17.60817094633318,72,24,T
8.050181010816075,17.798781601623986,73,1,NT
35.10289536537864,15.715415000915527,73,2,NT
2.612207899037047,19.0450382232666,73,3,NT
61.18263101760958,19.451723445730337,73,4,T
22.264614070125624,18.59623908996582,73,5,NT
6.59477096852609,18.518474578857422,73,6,T
29.074874503439297,17.868036438031737,73,7,NT
6.939222945894146,20.6546573638916,73,8,NT
5.952166837766468,20.37469482421875,73,9,NT
1152.4716661673917,19.878338703604093,73,10,T
5.610383141142625,19.53146743774414,73,11,NT
140.4588935308742,19.473794162605504,73,12,NT
32.41400534793971,20.17866496337646,73,13,NT
453.7973108174152,17.451641368228817,73,24,T
8.050181010816075,17.798781601623986,74,1,NT
35.10289536537864,15.715415000915527,74,2,NT
2.612207899037047,19.0450382232666,74,3,NT
61.18263101760958,19.451723445730337,74,4,T
21.109288355797823,18.563661575317383,74,5,NT
6.594770966663445,18.518474578857422,74,6,T
29.074874503857814,17.868036438035105,74,7,NT
6.939222945941824,20.6546573638916,74,8,NT
5.952166837766468,20.37469482421875,74,9,NT
1152.47166616751,19.878338703604093,74,10,T
5.610383140068938,19.53146743774414,74,11,NT
140.4588935308742,19.473794162605504,74,12,NT
32.41400534803617,20.17866496337668,74,13,NT
453.79731081759064,17.45164136822883,74,24,T
33.861962712078984,15.624308586120604,75,2,NT
9.933717806474878,19.87842559814453,75,3,NT
61.18263101760958,19.451723445730337,75,4,T
15.114870094526442,18.417825748377556,75,5,NT
6.594770966663445,18.518474578857422,75,6,T
44.701178069402374,18.06977619366444,75,7,NT
6.939222945894146,20.6546573638916,75,8,NT
5.952166837766468,20.37469482421875,75,9,NT
337.7625456281106,18.777796219969982,75,10,T
14.300408023289602,19.6787962037465,75,11,NT
140.4588935308742,19.473794162605504,75,12,NT
26.292740810540842,20.080994313753816,75,13,NT
492.83177794888127,17.52683405399722,75,24,T
2.269872129441358,17.645992279052734,76,1,NT
39.2990157402008,16.005630493164062,76,2,NT
4.796013046557503,19.43336296081543,76,3,NT
44.23190409515364,19.15036530046432,76,4,T
11.304625015712773,18.342720702842957,76,5,NT
2.226700621392459,18.345083236694336,76,6,T
36.738536180985115,17.976254608579833,76,7,NT
9.5941423302816,20.779102325439453,76,8,NT
5.952166837766468,20.37469482421875,76,9,NT
1223.319049135483,19.913228555800696,76,10,T
19.48054819773863,19.73765088833338,76,11,NT
140.4588935308742,19.473794162605504,76,12,NT
15.886712693821494,19.881384296727074,76,13,NT
538.1216234222001,17.60817094633318,76,24,T
2.269872129441358,17.645992279052734,77,1,NT
32.91973428019048,15.553466796874998,77,2,NT
4.796013046557503,19.43336296081543,77,3,NT
61.182631017637014,19.4517234457297,77,4,T
15.114870094526442,18.417825748377556,77,5,NT
6.59477096852609,18.518474578857422,77,6,T
29.074874503439297,17.868036438031737,77,7,NT
3.040886681663435,20.611682891845703,77,8,NT
3.853784611109345,20.402389526367188,77,9,NT
337.7625456281106,18.777796219969982,77,10,T
14.300408023289602,19.6787962037465,77,11,NT
120.72520481108582,19.321675074558716,77,12,NT
32.41400534803617,20.17866496337668,77,13,NT
492.83177794888127,17.52683405399722,77,24,T
2.269872129441358,17.645992279052734,78,1,NT
32.91973428019048,15.553466796874998,78,2,NT
4.02555054883794,19.324785232543945,78,3,NT
61.18263101760958,19.451723445730337,78,4,T
15.114870094526442,18.417825748377556,78,5,NT
6.594770966663445,18.518474578857422,78,6,T
29.07487450437062,17.868036438038875,78,7,NT
3.040886681663435,20.611682891845703,78,8,NT
3.853784611109345,20.402389526367188,78,9,NT
337.7625456281106,18.777796219969982,78,10,T
14.300408023570004,19.67879620374639,78,11,NT
120.72520481088654,19.321675074559167,78,12,NT
32.41400534793971,20.17866496337646,78,13,NT
492.83177794883613,17.52683405399722,78,24,T
3.682662731527207,17.709592819213867,79,1,NT
46.063252450372325,16.37492759044674,79,2,NT
4.796013046557503,19.43336296081543,79,3,NT
44.23190409492081,19.150365300460194,79,4,T
11.304625015712773,18.342720702842957,79,5,NT
2.226700621392459,18.345083236694336,79,6,T
36.738536180985115,17.976254608579833,79,7,NT
9.5941423302816,20.779102325439453,79,8,NT
5.952166837766468,20.37469482421875,79,9,NT
1223.3190491359721,19.9132285558007,79,10,T
19.480548195875986,19.737650888334453,79,11,NT
140.4588935308742,19.473794162605504,79,12,NT
15.886712693821494,19.881384296727074,79,13,NT
538.1216234222001,17.60817094633318,79,24,T
2.269872129441358,17.645992279052734,8,1,NT
32.91973428019048,15.553466796874998,8,2,NT
4.796013046557503,19.43336296081543,8,3,NT
61.182631017637014,19.4517234457297,8,4,T
15.114870094526442,18.417825748377556,8,5,NT
6.59477096852609,18.518474578857422,8,6,T
29.074874503439297,17.868036438031737,8,7,NT
3.040886681663435,20.611682891845703,8,8,NT
3.853784611109345,20.402389526367188,8,9,NT
337.7625456281106,18.777796219969982,8,10,T
14.300408023289602,19.6787962037465,8,11,NT
120.72520481108582,19.321675074558716,8,12,NT
32.41400534803617,20.17866496337668,8,13,NT
492.83177794888127,17.52683405399722,8,24,T
2.269872129441358,17.645992279052734,80,1,NT
39.2990157402008,16.005630493164062,80,2,NT
4.796013046557503,19.43336296081543,80,3,NT
44.23190409515364,19.15036530046432,80,4,T
11.304625015712773,18.342720702842957,80,5,NT
2.226700621392459,18.345083236694336,80,6,T
36.738536180985115,17.976254608579833,80,7,NT
9.5941423302816,20.779102325439453,80,8,NT
5.952166837766468,20.37469482421875,80,9,NT
1223.319049135483,19.913228555800696,80,10,T
19.48054819773863,19.73765088833338,80,11,NT
140.4588935308742,19.473794162605504,80,12,NT
15.886712693821494,19.881384296727074,80,13,NT
538.1216234222001,17.60817094633318,80,24,T
32.91973428019048,15.553466796874998,81,2,NT
4.796013046557503,19.43336296081543,81,3,NT
61.18263101760958,19.451723445730337,81,4,T
15.114870094526442,18.417825748377556,81,5,NT
6.594770966663445,18.518474578857422,81,6,T
29.074874503857814,17.868036438035105,81,7,NT
3.040886681663435,20.611682891845703,81,8,NT
3.853784611109345,20.402389526367188,81,9,NT
337.7625456281106,18.777796219969982,81,10,T
14.300408023570004,19.67879620374639,81,11,NT
120.72520481088654,19.321675074559167,81,12,NT
32.41400534793971,20.17866496337646,81,13,NT
492.83177794888127,17.52683405399722,81,24,T
33.861962712078984,15.624308586120604,82,2,NT
9.933717806474878,19.87842559814453,82,3,NT
61.18263101760958,19.451723445730337,82,4,T
15.114870094526442,18.417825748377556,82,5,NT
6.594770966663445,18.518474578857422,82,6,T
44.701178069402374,18.06977619366444,82,7,NT
6.939222945894146,20.6546573638916,82,8,NT
5.952166837766468,20.37469482421875,82,9,NT
337.7625456281106,18.777796219969982,82,10,T
14.300408023289602,19.6787962037465,82,11,NT
140.4588935308742,19.473794162605504,82,12,NT
26.292740810540842,20.080994313753816,82,13,NT
492.83177794888127,17.52683405399722,82,24,T
8.050181010816075,17.798781601623986,83,1,NT
35.10289536537864,15.715415000915527,83,2,NT
2.612207899037047,19.0450382232666,83,3,NT
61.18263101760958,19.451723445730337,83,4,T
21.109288355797823,18.563661575317383,83,5,NT
6.594770966663445,18.518474578857422,83,6,T
29.074874503857814,17.868036438035105,83,7,NT
6.939222945941824,20.6546573638916,83,8,NT
5.952166837766468,20.37469482421875,83,9,NT
1152.47166616751,19.878338703604093,83,10,T
5.610383140068938,19.53146743774414,83,11,NT
140.4588935308742,19.473794162605504,83,12,NT
32.41400534803617,20.17866496337668,83,13,NT
453.79731081759064,17.45164136822883,83,24,T
8.050181010816075,17.798781601623986,84,1,NT
35.10289536537864,15.715415000915527,84,2,NT
2.612207899037047,19.0450382232666,84,3,NT
61.18263101760958,19.451723445730337,84,4,T
22.264614070125624,18.59623908996582,84,5,NT
6.59477096852609,18.518474578857422,84,6,T
29.074874503439297,17.868036438031737,84,7,NT
6.939222945894146,20.6546573638916,84,8,NT
5.952166837766468,20.37469482421875,84,9,NT
1152.4716661673917,19.878338703604093,84,10,T
5.610383141142625,19.53146743774414,84,11,NT
140.4588935308742,19.473794162605504,84,12,NT
32.41400534793971,20.17866496337646,84,13,NT
453.7973108174152,17.451641368228817,84,24,T
32.91973428019048,15.553466796874998,85,2,NT
4.796013046557503,19.43336296081543,85,3,NT
61.18263101760958,19.451723445730337,85,4,T
15.114870094526442,18.417825748377556,85,5,NT
6.594770966663445,18.518474578857422,85,6,T
29.074874503857814,17.868036438035105,85,7,NT
3.040886681663435,20.611682891845703,85,8,NT
3.853784611109345,20.402389526367188,85,9,NT
337.7625456281106,18.777796219969982,85,10,T
14.300408023570004,19.67879620374639,85,11,NT
120.72520481088654,19.321675074559167,85,12,NT
32.41400534793971,20.17866496337646,85,13,NT
492.83177794888127,17.52683405399722,85,24,T
2.269872129441358,17.645992279052734,86,1,NT
39.2990157402008,16.005630493164062,86,2,NT
4.796013046557503,19.43336296081543,86,3,NT
44.23190409515364,19.15036530046432,86,4,T
11.304625015712773,18.342720702842957,86,5,NT
2.226700621392459,18.345083236694336,86,6,T
36.738536180985115,17.976254608579833,86,7,NT
9.5941423302816,20.779102325439453,86,8,NT
5.952166837766468,20.37469482421875,86,9,NT
1223.319049135483,19.913228555800696,86,10,T
19.48054819773863,19.73765088833338,86,11,NT
140.4588935308742,19.473794162605504,86,12,NT
15.886712693821494,19.881384296727074,86,13,NT
538.1216234222001,17.60817094633318,86,24,T
3.682662731527207,17.709592819213867,87,1,NT
46.063252450372325,16.37492759044674,87,2,NT
4.796013046557503,19.43336296081543,87,3,NT
44.23190409492081,19.150365300460194,87,4,T
11.304625015712773,18.342720702842957,87,5,NT
2.226700621392459,18.345083236694336,87,6,T
36.738536180985115,17.976254608579833,87,7,NT
9.5941423302816,20.779102325439453,87,8,NT
5.952166837766468,20.37469482421875,87,9,NT
1223.3190491359721,19.9132285558007,87,10,T
19.480548195875986,19.737650888334453,87,11,NT
140.4588935308742,19.473794162605504,87,12,NT
15.886712693821494,19.881384296727074,87,13,NT
538.1216234222001,17.60817094633318,87,24,T
33.861962712078984,15.624308586120604,88,2,NT
9.933717806474878,19.87842559814453,88,3,NT
61.18263101760958,19.451723445730337,88,4,T
15.114870094526442,18.417825748377556,88,5,NT
6.594770966663445,18.518474578857422,88,6,T
44.701178069402374,18.06977619366444,88,7,NT
6.939222945894146,20.6546573638916,88,8,NT
5.952166837766468,20.37469482421875,88,9,NT
337.7625456281106,18.777796219969982,88,10,T
14.300408023289602,19.6787962037465,88,11,NT
140.4588935308742,19.473794162605504,88,12,NT
26.292740810540842,20.080994313753816,88,13,NT
492.83177794888127,17.52683405399722,88,24,T
8.050181010816075,17.798781601623986,89,1,NT
35.10289536537864,15.715415000915527,89,2,NT
2.612207899037047,19.0450382232666,89,3,NT
61.18263101760958,19.451723445730337,89,4,T
21.109288355797823,18.563661575317383,89,5,NT
6.594770966663445,18.518474578857422,89,6,T
29.074874503857814,17.868036438035105,89,7,NT
6.939222945941824,20.6546573638916,89,8,NT
5.952166837766468,20.37469482421875,89,9,NT
1152.47166616751,19.878338703604093,89,10,T
5.610383140068938,19.53146743774414,89,11,NT
140.4588935308742,19.473794162605504,89,12,NT
32.41400534803617,20.17866496337668,89,13,NT
453.79731081759064,17.45164136822883,89,24,T
2.269872129441358,17.645992279052734,9,1,NT
32.91973428019048,15.553466796874998,9,2,NT
4.02555054883794,19.324785232543945,9,3,NT
61.18263101760958,19.451723445730337,9,4,T
15.114870094526442,18.417825748377556,9,5,NT
6.594770966663445,18.518474578857422,9,6,T
29.07487450437062,17.868036438038875,9,7,NT
3.040886681663435,20.611682891845703,9,8,NT
3.853784611109345,20.402389526367188,9,9,NT
337.7625456281106,18.777796219969982,9,10,T
14.300408023570004,19.67879620374639,9,11,NT
120.72520481088654,19.321675074559167,9,12,NT
32.41400534793971,20.17866496337646,9,13,NT
492.83177794883613,17.52683405399722,9,24,T
8.050181010816075,17.798781601623986,90,1,NT
35.10289536537864,15.715415000915527,90,2,NT
2.612207899037047,19.0450382232666,90,3,NT
61.18263101760958,19.451723445730337,90,4,T
22.264614070125624,18.59623908996582,90,5,NT
6.59477096852609,18.518474578857422,90,6,T
29.074874503439297,17.868036438031737,90,7,NT
6.939222945894146,20.6546573638916,90,8,NT
5.952166837766468,20.37469482421875,90,9,NT
1152.4716661673917,19.878338703604093,90,10,T
5.610383141142625,19.53146743774414,90,11,NT
140.4588935308742,19.473794162605504,90,12,NT
32.41400534793971,20.17866496337646,90,13,NT
453.7973108174152,17.451641368228817,90,24,T
8.050181010816075,17.798781601623986,91,1,NT
35.10289536537864,15.715415000915527,91,2,NT
2.612207899037047,19.0450382232666,91,3,NT
61.18263101670569,19.451723445733034,91,4,T
22.264614070125624,18.59623908996582,91,5,NT
6.59477096852609,18.518474578857422,91,6,T
29.074874503904958,17.868036438034746,91,7,NT
6.939222945894146,20.6546573638916,91,8,NT
5.952166837766468,20.37469482421875,91,9,NT
1152.4716661673917,19.878338703604093,91,10,T
5.610383141142625,19.53146743774414,91,11,NT
140.4588935308742,19.473794162605504,91,12,NT
32.41400534793971,20.17866496337646,91,13,NT
453.7973108174152,17.451641368228817,91,24,T
8.050181010816075,17.798781601623986,92,1,NT
35.10289536537864,15.715415000915527,92,2,NT
2.612207899037047,19.0450382232666,92,3,NT
61.182631017637014,19.4517234457297,92,4,T
22.264614070125624,18.59623908996582,92,5,NT
6.59477096852609,18.518474578857422,92,6,T
29.074874503439297,17.868036438031737,92,7,NT
6.939222945894146,20.6546573638916,92,8,NT
5.952166837766468,20.37469482421875,92,9,NT
1152.47166616748,19.878338703604065,92,10,T
5.610383140068938,19.53146743774414,92,11,NT
140.4588935308742,19.473794162605504,92,12,NT
32.41400534793971,20.17866496337646,92,13,NT
453.79731081780784,17.451641368228845,92,24,T
2.269872129441358,17.645992279052734,93,1,NT
33.861962712078984,15.624308586120604,93,2,NT
9.933717806474878,19.87842559814453,93,3,NT
61.18263101760958,19.451723445730337,93,4,T
15.114870094526442,18.417825748377556,93,5,NT
6.594770966663445,18.518474578857422,93,6,T
44.70117806951413,18.069776193664772,93,7,NT
9.5941423302816,20.779102325439453,93,8,NT
5.952166837766468,20.37469482421875,93,9,NT
337.76254562997326,18.777796219974416,93,10,T
14.300408023289602,19.6787962037465,93,11,NT
140.4588935308742,19.473794162605504,93,12,NT
26.292740810540842,20.080994313753816,93,13,NT
492.83177794969777,17.526834053997263,93,24,T
2.269872129441358,17.645992279052734,94,1,NT
37.157738052019226,15.86164665222168,94,2,NT
9.933717806474878,19.87842559814453,94,3,NT
61.18263101760958,19.451723445730337,94,4,T
31.81227258173665,18.894725799560547,94,5,NT
6.594770966663445,18.518474578857422,94,6,T
44.70117806951413,18.069776193664772,94,7,NT
6.93922294589945,20.6546573638916,94,8,NT
3.468645370458885,20.31422233581543,94,9,NT
7042.102874162071,20.459613178337964,94,10,T
19.480548195875986,19.737650888334453,94,11,NT
182.886151167318,19.713617724353245,94,12,NT
10.834798902972086,19.759231099233347,94,13,NT
538.1216234222001,17.60817094633318,94,24,T
2.269872129441358,17.645992279052734,95,1,NT
37.157738052019226,15.86164665222168,95,2,NT
9.933717806474878,19.87842559814453,95,3,NT
61.18263101760958,19.451723445730337,95,4,T
31.81227258173665,18.894725799560547,95,5,NT
6.594770966663445,18.518474578857422,95,6,T
44.70117806951413,18.069776193664772,95,7,NT
6.93922294589945,20.6546573638916,95,8,NT
3.468645370458885,20.31422233581543,95,9,NT
7042.102874162071,20.459613178337964,95,10,T
19.480548195875986,19.737650888334453,95,11,NT
182.886151167318,19.713617724353245,95,12,NT
10.834798902972086,19.759231099233347,95,13,NT
538.1216234222001,17.60817094633318,95,24,T
2.269872129441358,17.645992279052734,96,1,NT
35.10289536537864,15.715415000915527,96,2,NT
2.612207899037047,19.0450382232666,96,3,NT
65.29305241730012,19.517922456588682,96,4,T
25.646824407789566,18.70216178894043,96,5,NT
6.59477096852609,18.518474578857422,96,6,T
44.70117806955652,18.069776193664612,96,7,NT
6.939222945894146,20.6546573638916,96,8,NT
6.594310923140197,20.47443771362305,96,9,NT
340.28831852989924,18.785348407554185,96,10,T
19.480548195875986,19.737650888334453,96,11,NT
140.4588935305736,19.47379416260489,96,12,NT
15.886712693355832,19.881384296731298,96,13,NT
492.83177794969777,17.526834053997263,96,24,T
2.269872129441358,17.645992279052734,97,1,NT
32.91973428019048,15.553466796874998,97,2,NT
4.02555054883794,19.324785232543945,97,3,NT
61.18263101760958,19.451723445730337,97,4,T
15.114870094526442,18.417825748377556,97,5,NT
6.594770966663445,18.518474578857422,97,6,T
29.07487450437062,17.868036438038875,97,7,NT
3.040886681663435,20.611682891845703,97,8,NT
3.853784611109345,20.402389526367188,97,9,NT
337.7625456281106,18.777796219969982,97,10,T
14.300408023570004,19.67879620374639,97,11,NT
120.72520481088654,19.321675074559167,97,12,NT
32.41400534793971,20.17866496337646,97,13,NT
492.83177794883613,17.52683405399722,97,24,T
2.269872129441358,17.645992279052734,98,1,NT
32.91973428019048,15.553466796874998,98,2,NT
4.796013046557503,19.43336296081543,98,3,NT
61.182631017637014,19.4517234457297,98,4,T
15.114870094526442,18.417825748377556,98,5,NT
6.59477096852609,18.518474578857422,98,6,T
29.074874503439297,17.868036438031737,98,7,NT
3.040886681663435,20.611682891845703,98,8,NT
3.853784611109345,20.402389526367188,98,9,NT
337.7625456281106,18.777796219969982,98,10,T
14.300408023289602,19.6787962037465,98,11,NT
120.72520481108582,19.321675074558716,98,12,NT
32.41400534803617,20.17866496337668,98,13,NT
492.83177794888127,17.52683405399722,98,24,T
2.269872129441358,17.645992279052734,99,1,NT
39.2990157402008,16.005630493164062,99,2,NT
4.796013046557503,19.43336296081543,99,3,NT
44.23190409515364,19.15036530046432,99,4,T
11.304625015712773,18.342720702842957,99,5,NT
2.226700621392459,18.345083236694336,99,6,T
36.738536180985115,17.976254608579833,99,7,NT
9.5941423302816,20.779102325439453,99,8,NT
5.952166837766468,20.37469482421875,99,9,NT
1223.319049135483,19.913228555800696,99,10,T
19.48054819773863,19.73765088833338,99,11,NT
140.4588935308742,19.473794162605504,99,12,NT
15.886712693821494,19.881384296727074,99,13,NT
538.1216234222001,17.60817094633318,99,24,T
